order_id,product_category,price_inr,discount_pct,payment_method,customer_tenure_days,num_previous_orders,num_previous_returns,delivery_distance_km,delivery_days,is_weekend_order,rating_given,returned
1,Footwear,2572,23.8,Prepaid_Card,17,3,0,604.6,1,0,2,0
2,Electronics,16689,6.7,COD,104,3,0,166.4,9,0,2,0
3,Footwear,800,51.3,Prepaid_Card,103,3,0,418.8,8,0,3,0
4,Home,7930,49.7,COD,1479,33,4,143.1,5,0,3,1
5,Apparel,715,0,COD,95,0,0,335.5,3,1,2,0
6,Beauty,750,24.7,Prepaid_Card,102,2,0,126.1,3,0,4,0
7,Footwear,1444,32.6,Prepaid_Card,14,1,0,355.1,5,1,3,0
8,Footwear,4132,28.6,Prepaid_UPI,459,11,1,191.3,8,0,4,0
9,Apparel,1775,44.7,Prepaid_UPI,656,16,0,169.9,10,1,1,1
10,Electronics,21231,41.6,Prepaid_UPI,231,8,1,194.1,4,0,3,1
11,Electronics,43048,26,Prepaid_UPI,146,3,0,228.8,4,1,5,0
12,Beauty,274,56.2,Prepaid_UPI,59,2,0,253.6,4,1,4,0
13,Home,7181,36.1,COD,46,0,0,104.3,5,1,,0
14,Footwear,742,16.7,Prepaid_Card,139,8,2,269.9,3,1,1,1
15,Electronics,18332,13.7,COD,908,19,2,88,2,0,5,0
16,Apparel,497,40.7,COD,17,2,0,384.8,4,0,1,1
17,Home,7992,10.1,COD,1207,26,2,281.2,5,1,3,0
18,Apparel,2046,15.9,Prepaid_UPI,25,0,0,280.9,8,1,4,0
19,Footwear,2839,18.4,Prepaid_UPI,1780,39,5,352.9,2,1,3,0
20,Home,1977,27.3,Wallet,22,0,0,286.7,7,0,2,0
21,Footwear,1607,19.1,Wallet,111,0,0,526.1,4,1,5,1
22,Electronics,20890,2.2,Prepaid_UPI,434,12,2,127.3,4,0,1,0
23,Beauty,909,39.4,COD,237,6,1,101.4,1,1,5,0
24,Footwear,585,15.9,Prepaid_UPI,170,2,0,536.1,5,0,1,0
25,Footwear,3125,52.3,Prepaid_UPI,2486,56,5,287.3,5,1,1,1
26,Apparel,1504,26.6,Prepaid_UPI,1238,29,5,305.5,9,0,3,0
27,Electronics,40809,41,COD,321,6,1,119.8,4,1,3,1
28,Apparel,1258,31.5,COD,113,3,0,296.3,8,1,3,1
29,Apparel,1020,41.7,Wallet,372,10,0,213.9,4,0,3,0
30,Home,4239,30.6,COD,86,0,0,332.6,4,0,,0
31,Footwear,1279,25.5,COD,158,5,1,236,1,1,2,0
32,Beauty,1620,38.4,Prepaid_Card,304,7,1,213.4,7,0,2,0
33,Electronics,34927,59.3,COD,309,11,3,237.6,5,1,5,0
34,Electronics,7922,18,COD,231,6,0,156.9,4,1,5,0
35,Electronics,15145,33.9,Wallet,1001,21,2,178.7,4,1,3,0
36,Apparel,1962,21.9,Prepaid_UPI,96,2,0,430.1,5,1,2,0
37,Apparel,1310,29.6,Wallet,341,12,4,300.4,3,0,3,0
38,Electronics,24494,22.6,COD,231,4,2,205.6,5,1,,1
39,Apparel,1700,0,COD,180,5,0,299,2,1,1,0
40,Home,4750,19,Prepaid_Card,9,0,0,273.8,4,1,2,0
41,Electronics,4248,37,Prepaid_Card,250,8,0,181.6,6,0,2,1
42,Footwear,3716,10.5,COD,258,8,1,157,8,1,3,0
43,Home,7406,35.8,Prepaid_UPI,1304,29,2,178.1,5,1,,0
44,Apparel,496,24.8,Wallet,387,8,3,394.2,7,1,5,0
45,Footwear,985,19.1,Prepaid_Card,158,3,1,204.9,4,0,5,0
46,Footwear,3308,35.6,COD,386,5,1,424,2,1,5,1
47,Electronics,27676,32.2,COD,23,1,0,168.9,9,0,1,0
48,Apparel,1089,28.3,COD,148,3,0,145.7,4,0,3,0
49,Home,4452,37.2,COD,135,1,0,211.5,7,0,,0
50,Apparel,1666,25,Prepaid_Card,299,3,0,263.8,3,0,3,0
51,Apparel,1308,0,Prepaid_Card,614,14,3,237.9,6,0,4,0
52,Apparel,652,16.3,Prepaid_Card,501,12,4,282.9,5,0,3,1
53,Footwear,858,0,Prepaid_UPI,228,6,0,287.9,4,1,4,0
54,Home,3679,31.9,COD,365,6,0,324.5,9,1,,0
55,Home,7406,35.4,COD,66,2,0,122.2,5,0,,1
56,Footwear,2731,36.1,COD,88,2,0,160.3,4,0,1,1
57,Electronics,16890,29.3,COD,366,10,1,246.1,8,1,,0
58,Home,7297,36.5,Prepaid_Card,51,0,0,182,1,0,5,0
59,Apparel,1100,0,Prepaid_UPI,106,5,0,212.8,1,0,3,0
60,Apparel,1316,20.4,Prepaid_UPI,281,9,3,228.2,6,0,4,0
61,Home,1197,0.8,Prepaid_Card,148,4,1,198.8,5,0,3,0
62,Electronics,33498,16.6,COD,100,3,0,180.2,3,0,3,0
63,Home,5692,46.2,COD,183,6,1,138.3,5,0,2,0
64,Footwear,3677,38.4,COD,169,2,0,202.7,7,1,4,0
65,Home,2804,31.9,COD,69,1,0,175.5,2,1,1,1
66,Home,3658,19.3,Prepaid_UPI,36,1,0,342.9,4,0,5,0
67,Home,1596,7.1,Prepaid_Card,584,17,0,305.8,5,1,4,0
68,Apparel,2136,24.8,COD,1009,20,3,120.8,5,0,2,0
69,Apparel,555,38.7,COD,871,23,1,490.9,6,0,4,0
70,Electronics,29627,28.1,COD,57,1,0,179.1,1,0,5,0
71,Apparel,1669,0,Wallet,732,16,2,99.6,6,0,1,0
72,Electronics,8109,23.6,COD,29,3,0,166.6,1,0,1,0
73,Footwear,1961,0,COD,99,6,1,90,4,1,3,0
74,Apparel,478,34.1,COD,231,6,1,98.1,2,1,,1
75,Apparel,1402,11.6,Prepaid_UPI,431,12,1,788.7,5,1,1,0
76,Apparel,2191,3.7,Prepaid_Card,48,0,0,334.5,6,0,1,0
77,Apparel,1174,34.3,Prepaid_Card,374,7,1,114,5,1,3,0
78,Home,7923,30.4,COD,536,9,2,76.4,3,1,,0
79,Home,1272,25.5,COD,6,0,0,212,2,1,,1
80,Footwear,2070,54.9,Prepaid_UPI,219,6,3,69.1,4,0,1,0
81,Home,7245,31.5,COD,437,10,1,206.6,4,1,3,0
82,Electronics,39599,12.3,COD,76,5,2,274.5,5,1,3,0
83,Footwear,1794,29.8,Prepaid_Card,1587,39,1,286,4,0,3,0
84,Apparel,1621,17.7,COD,40,1,0,113.3,8,0,1,1
85,Apparel,1995,41,COD,18,0,0,253.2,5,1,3,1
86,Apparel,1780,26.2,Prepaid_UPI,1214,29,7,386,7,1,1,0
87,Footwear,3014,27.7,Prepaid_Card,64,4,1,182.7,3,1,3,0
88,Electronics,7883,0.4,COD,837,19,4,109.8,6,0,4,0
89,Apparel,531,22.9,COD,295,8,1,177.6,6,1,,0
90,Electronics,28120,21.2,Prepaid_UPI,193,5,0,122,3,1,5,0
91,Apparel,1300,6.6,COD,1308,27,10,915.6,1,0,3,1
92,Home,2133,18.7,COD,768,15,0,350.7,7,1,4,0
93,Electronics,14023,28.5,Prepaid_Card,448,10,1,310.6,4,1,,1
94,Electronics,18373,21.9,Prepaid_Card,162,3,1,77,3,1,5,0
95,Apparel,1292,0.8,Wallet,954,22,3,92.8,4,0,2,0
96,Home,3305,17.9,COD,4,0,0,189.5,2,0,1,1
97,Electronics,18163,15,COD,223,2,0,171.8,6,0,3,0
98,Apparel,608,24.9,Prepaid_Card,171,0,0,151.3,4,0,3,1
99,Apparel,1958,23.3,Prepaid_Card,2,2,0,413.8,5,1,5,0
100,Beauty,1582,15.8,COD,702,14,5,693.1,7,0,3,1
101,Beauty,493,15.2,Prepaid_Card,37,0,0,151.5,5,0,,0
102,Home,3564,23,COD,176,3,0,53.8,8,0,5,0
103,Apparel,1150,36.4,Prepaid_UPI,155,2,0,156.1,4,1,5,0
104,Beauty,1561,26.2,Prepaid_UPI,471,9,1,402.8,1,1,3,0
105,Footwear,2935,43.3,Prepaid_Card,185,6,0,350.7,3,1,1,0
106,Home,5268,39,Wallet,124,2,0,227.1,3,1,5,0
107,Electronics,31768,44.5,Wallet,104,4,1,308.9,5,0,,0
108,Apparel,586,42.5,COD,389,10,4,181.3,8,1,5,1
109,Apparel,949,45.4,COD,81,2,0,147.6,5,0,1,1
110,Beauty,191,4.7,Prepaid_Card,611,15,2,129.9,4,0,2,0
111,Electronics,21113,31.7,COD,16,0,0,220.3,4,0,,0
112,Apparel,1173,40.3,COD,195,7,1,158.7,6,0,4,1
113,Apparel,1722,43,COD,406,11,0,115.7,5,1,2,1
114,Home,1587,10.4,Wallet,368,10,0,244.9,6,0,5,0
115,Apparel,1537,31.9,COD,315,5,0,170.2,3,0,3,0
116,Footwear,1727,23.1,Prepaid_UPI,123,3,1,410.9,9,0,2,0
117,Footwear,2028,49.7,COD,356,4,1,272.2,4,0,4,0
118,Home,5839,1.2,COD,689,18,0,580.1,3,0,4,1
119,Electronics,4334,10.5,Prepaid_UPI,512,10,2,288.8,7,1,2,0
120,Home,2939,0,COD,217,4,0,209.8,6,1,,0
121,Home,3313,24.2,COD,309,4,2,374.4,3,1,,1
122,Home,5811,56,COD,25,0,0,541.8,6,0,3,1
123,Apparel,759,21.3,Prepaid_UPI,280,6,2,68,4,1,1,1
124,Electronics,42697,23.5,COD,16,4,0,376.8,5,0,,0
125,Apparel,2196,30.3,COD,139,5,1,220,5,1,4,0
126,Electronics,37068,20.3,COD,646,13,2,291.6,10,1,2,0
127,Electronics,14327,27.5,COD,170,0,0,566.6,8,0,1,0
128,Apparel,1595,27.9,COD,332,3,0,230.9,7,1,5,0
129,Apparel,550,9.3,Prepaid_Card,198,2,0,110.5,6,0,5,0
130,Home,7009,20.6,COD,169,1,0,84.4,2,0,4,0
131,Apparel,1329,33.1,COD,664,15,1,556.5,5,1,2,1
132,Beauty,565,35.9,Prepaid_Card,919,20,4,271.1,4,1,3,0
133,Home,2821,41.5,Prepaid_UPI,155,3,0,231.2,4,1,4,1
134,Electronics,36273,27,COD,112,1,0,520.5,5,1,,0
135,Home,7001,27.3,COD,115,3,0,142,1,1,,1
136,Apparel,1335,33.3,COD,263,3,0,142.5,4,0,4,1
137,Beauty,1279,13.1,Wallet,512,11,2,619.5,5,1,4,0
138,Electronics,34082,12.5,COD,526,13,3,128.3,7,1,2,1
139,Footwear,3805,20.1,COD,130,2,0,97.5,3,1,,1
140,Apparel,1777,2.9,Prepaid_Card,13,1,0,613.9,3,1,5,0
141,Electronics,18038,28.1,COD,117,0,0,368.2,3,0,1,1
142,Electronics,29316,37.7,COD,488,7,0,219.5,4,1,3,0
143,Beauty,2165,11.3,COD,378,9,1,786.2,2,0,3,0
144,Home,1469,28.5,Prepaid_Card,643,16,0,166.3,7,1,2,0
145,Electronics,18200,12.6,Prepaid_Card,1281,28,2,324.3,6,1,2,1
146,Apparel,502,6.8,Prepaid_Card,75,6,1,302.6,10,1,5,1
147,Electronics,19109,52.8,Prepaid_UPI,178,1,0,527.9,3,1,4,0
148,Electronics,35026,7,COD,404,8,2,140.3,6,1,3,0
149,Electronics,9830,2.8,Wallet,538,12,1,613.9,2,1,4,0
150,Apparel,1375,25.2,Prepaid_UPI,347,9,1,738.5,8,0,1,0
151,Footwear,646,26,Prepaid_UPI,637,13,0,474.4,4,0,1,0
152,Footwear,4091,32,Prepaid_UPI,62,0,0,151.5,4,1,5,0
153,Apparel,1876,52,COD,37,2,0,265.2,7,1,,1
154,Home,4338,10.3,COD,92,2,0,301.8,7,1,1,0
155,Apparel,1670,13.3,Prepaid_Card,669,14,0,295.5,2,0,2,0
156,Home,1100,46.1,COD,105,3,0,81.8,4,0,,0
157,Apparel,1921,36.1,Prepaid_Card,180,4,0,349.4,8,1,2,0
158,Home,5808,34,COD,2014,44,11,277.6,4,1,,0
159,Footwear,980,13.2,COD,608,13,2,212.9,5,1,,0
160,Footwear,4423,38.9,Wallet,98,1,0,225,6,0,4,0
161,Apparel,441,34,Prepaid_UPI,35,0,0,803,8,0,4,0
162,Beauty,1627,24.8,Prepaid_Card,196,3,1,478.5,6,1,,1
163,Apparel,709,13.2,COD,889,20,2,73.2,4,0,3,0
164,Apparel,1695,23.6,Prepaid_Card,83,0,0,214.2,1,1,4,0
165,Home,842,46.7,Prepaid_UPI,140,5,2,429.3,6,1,4,1
166,Electronics,4752,5.6,Prepaid_Card,215,5,1,485.1,5,0,4,0
167,Footwear,2365,10,Prepaid_Card,385,6,1,290.8,8,0,4,0
168,Footwear,4476,12.6,Prepaid_Card,383,12,3,115.6,6,0,2,0
169,Apparel,898,15.8,COD,1112,25,3,107.8,3,0,5,0
170,Beauty,1589,21.8,Prepaid_UPI,62,0,0,345.2,2,1,4,0
171,Apparel,1333,36.4,Wallet,1222,30,6,186.8,4,0,2,1
172,Electronics,38085,28.9,Prepaid_Card,75,4,1,129.2,5,1,1,0
173,Apparel,919,22.9,COD,175,2,0,37.6,5,1,,1
174,Beauty,1454,26.2,Prepaid_Card,99,2,0,88.6,2,0,5,0
175,Apparel,2111,31.4,Prepaid_Card,370,7,1,273.1,1,0,3,1
176,Apparel,999,0,Wallet,68,0,0,204.1,2,0,5,1
177,Electronics,20446,38.1,Prepaid_UPI,317,8,2,513.8,1,0,2,0
178,Beauty,2239,9.6,COD,329,9,1,100.8,2,0,,0
179,Footwear,1830,15.3,COD,121,4,1,151.5,5,0,5,0
180,Footwear,2023,27.1,Prepaid_Card,382,9,0,169.8,8,1,2,1
181,Footwear,1716,20.9,COD,102,4,0,257.2,1,0,4,0
182,Footwear,3738,29.3,Prepaid_Card,114,0,0,170.5,2,0,3,0
183,Electronics,41951,24.1,Prepaid_UPI,448,14,4,139.6,5,1,5,0
184,Apparel,1536,17.7,Prepaid_UPI,34,0,0,294.9,4,0,4,0
185,Footwear,2995,44.9,COD,76,0,0,249.1,5,1,,0
186,Home,3303,32.6,Prepaid_UPI,318,6,0,375.4,5,0,2,0
187,Electronics,1747,26.5,Prepaid_UPI,61,0,0,201.3,4,1,5,0
188,Apparel,713,32.4,COD,365,8,1,457.8,7,0,,0
189,Footwear,1090,11.4,Prepaid_Card,260,5,0,130.4,10,1,3,0
190,Apparel,609,54.6,Prepaid_Card,923,21,3,344.3,2,1,3,0
191,Beauty,1687,5.7,Prepaid_UPI,1069,22,1,396.5,7,0,,0
192,Apparel,645,23.7,COD,334,8,1,43,9,1,,1
193,Apparel,554,17.7,COD,389,6,0,348.8,8,0,5,1
194,Footwear,2030,17.1,Prepaid_Card,1625,38,2,218.9,3,1,1,0
195,Apparel,848,15.2,COD,88,3,1,260.5,4,1,5,0
196,Apparel,663,10.4,COD,56,1,0,507.2,1,1,,0
197,Home,1425,39.8,Prepaid_UPI,400,8,1,231.8,3,0,3,0
198,Footwear,1525,3.9,COD,83,2,0,124.7,3,1,5,0
199,Apparel,1366,36.8,Prepaid_Card,132,1,0,333.2,6,1,4,0
200,Apparel,1765,31.7,Wallet,827,18,2,208.8,2,1,5,0
201,Footwear,3911,16.3,Prepaid_Card,629,14,3,234.8,5,0,1,0
202,Beauty,1916,30,Prepaid_Card,262,11,6,221,5,1,3,0
203,Electronics,28716,19.6,Prepaid_Card,262,3,0,367,3,0,1,0
204,Apparel,2034,5.5,COD,592,8,3,293.5,6,1,4,0
205,Apparel,1336,5.6,COD,170,3,0,236.8,4,0,,0
206,Apparel,1540,31.8,Prepaid_UPI,184,1,0,281.9,5,1,1,0
207,Apparel,1141,31.1,COD,209,3,0,128.4,2,0,2,0
208,Home,2821,25.6,COD,786,15,2,349.9,3,1,5,1
209,Apparel,997,16.1,COD,115,1,0,298,7,1,2,1
210,Electronics,7696,19.1,Prepaid_UPI,749,15,2,545.2,1,1,5,0
211,Home,6434,17.1,COD,593,15,1,162.6,6,0,3,0
212,Home,726,0,Prepaid_UPI,235,5,1,165.4,4,1,1,1
213,Apparel,1614,22.9,COD,280,8,1,268.6,1,0,,0
214,Footwear,3958,29.8,Prepaid_Card,1167,26,1,231,4,1,,0
215,Home,4130,23,COD,46,3,0,125,6,0,5,0
216,Footwear,781,48.5,COD,215,4,0,108.8,10,0,2,1
217,Apparel,1171,6.9,Prepaid_Card,516,15,1,444.9,9,0,3,0
218,Apparel,1018,12.1,Prepaid_UPI,498,12,1,151.6,2,1,3,0
219,Beauty,2466,24,COD,183,3,0,201.9,6,0,3,0
220,Electronics,31477,25.7,Prepaid_Card,2,1,0,103.2,4,1,2,0
221,Apparel,1698,0,Prepaid_Card,1038,23,3,741.9,3,0,5,0
222,Electronics,23793,31,COD,813,18,1,158,7,1,,0
223,Home,5762,25.7,Prepaid_Card,169,4,0,217,5,0,2,0
224,Beauty,1848,0,COD,97,4,1,80.6,5,0,3,1
225,Apparel,519,20.2,Prepaid_Card,129,0,0,259.9,1,0,5,0
226,Beauty,673,9.9,COD,253,5,0,630.8,2,1,5,0
227,Apparel,423,15.2,Prepaid_Card,98,4,0,111.2,3,1,3,1
228,Home,4226,1.9,COD,232,6,0,266.8,6,1,,0
229,Home,7044,28.2,Prepaid_Card,58,0,0,180.5,6,0,5,0
230,Apparel,1497,48.4,Prepaid_Card,26,0,0,238.3,8,0,3,0
231,Apparel,1300,26,Wallet,126,6,1,190,2,0,5,0
232,Electronics,41757,0,Prepaid_Card,45,1,0,98.7,8,0,4,0
233,Beauty,555,26.3,Prepaid_UPI,137,6,2,280.9,4,1,2,0
234,Home,874,19.1,COD,767,19,5,381.8,5,1,1,0
235,Beauty,2306,5.5,COD,185,3,0,184.9,4,1,5,0
236,Footwear,4111,27.3,COD,605,8,1,442.4,5,0,3,1
237,Electronics,31114,35.2,Prepaid_Card,74,1,0,446,6,1,3,0
238,Footwear,1484,12,Prepaid_UPI,809,18,2,382.1,7,1,1,0
239,Apparel,2146,0,Prepaid_UPI,858,20,2,121,4,1,5,0
240,Apparel,1778,0,Prepaid_Card,189,2,0,328.5,5,1,4,0
241,Footwear,3196,12,Prepaid_Card,9,1,0,309.3,2,1,1,1
242,Footwear,1392,19.7,COD,434,10,2,136.2,6,0,5,0
243,Apparel,1324,14.3,COD,134,5,1,174.2,5,1,3,0
244,Electronics,37229,11.8,Prepaid_UPI,137,2,0,239.9,3,0,4,0
245,Home,6924,30.5,COD,1182,27,12,169.5,2,0,5,0
246,Footwear,2746,28.9,COD,23,1,0,218.5,5,1,5,0
247,Home,4326,25,Wallet,338,9,2,557.8,7,0,5,0
248,Electronics,31759,34.2,Wallet,330,6,0,142.5,8,1,1,0
249,Electronics,24337,12.2,Prepaid_Card,119,0,0,140.3,2,0,3,0
250,Electronics,19494,5.6,COD,138,3,0,426.2,7,1,2,0
251,Home,958,14.2,Prepaid_UPI,12,0,0,247.5,6,0,5,0
252,Footwear,1004,13.1,COD,108,0,0,265.1,8,1,4,1
253,Electronics,34500,0,Prepaid_Card,64,0,0,203.2,6,1,2,0
254,Apparel,444,13.8,COD,57,0,0,204.9,4,0,1,1
255,Apparel,494,38.6,Wallet,53,1,0,224.3,6,1,5,1
256,Footwear,4119,34,Wallet,57,1,0,265.9,1,1,3,0
257,Footwear,3316,29.9,Prepaid_Card,85,0,0,379.6,2,0,4,0
258,Apparel,408,24,COD,141,0,0,128.2,3,0,4,0
259,Apparel,962,43.7,Prepaid_Card,134,5,1,148.6,3,0,4,1
260,Home,6178,6.1,COD,525,11,1,430.9,1,1,2,0
261,Apparel,1152,7.5,Prepaid_UPI,165,4,1,254.7,3,1,,0
262,Footwear,2375,38.9,COD,192,2,0,190.1,3,1,,0
263,Apparel,1226,22.4,COD,685,15,4,286.8,4,1,,0
264,Apparel,764,11.9,Prepaid_UPI,61,1,0,172.1,5,0,5,0
265,Beauty,1845,30.3,Prepaid_Card,123,1,0,416.9,2,0,5,0
266,Apparel,585,15.4,Prepaid_UPI,20,0,0,155.7,4,1,2,0
267,Apparel,1313,9.4,COD,38,0,0,168.4,4,0,2,0
268,Apparel,706,9,Prepaid_UPI,57,5,0,186.5,1,1,4,0
269,Apparel,484,26.8,COD,1187,26,5,309.8,4,1,1,0
270,Apparel,658,25.1,COD,358,10,0,444.1,5,1,5,0
271,Apparel,1965,44.8,Prepaid_Card,98,2,0,329.5,6,1,,0
272,Apparel,717,17.6,COD,168,3,1,380.4,2,0,,0
273,Apparel,901,17.4,Prepaid_Card,5,0,0,83.6,4,0,4,0
274,Home,1363,43.6,COD,911,23,2,80.9,7,1,4,0
275,Home,5964,36.8,COD,832,19,1,98.5,1,1,3,0
276,Electronics,20711,24.2,Prepaid_UPI,512,10,2,228.4,4,0,2,0
277,Apparel,2099,0,COD,5,0,0,178.4,1,0,,0
278,Electronics,30297,9.8,Prepaid_Card,138,5,0,102.7,4,0,1,0
279,Footwear,2626,6.2,Prepaid_UPI,439,4,1,23.3,3,0,5,0
280,Footwear,3127,22.5,COD,373,9,2,322.2,5,0,,0
281,Apparel,473,14.4,Prepaid_UPI,29,2,1,487.3,4,1,5,0
282,Apparel,2111,46,COD,89,0,0,387.3,2,1,3,0
283,Apparel,2122,0,COD,12,1,0,220.8,8,1,4,0
284,Apparel,897,4.6,COD,1804,41,3,270.5,5,0,,0
285,Home,5138,25.7,Prepaid_UPI,626,11,0,156.3,7,0,5,1
286,Electronics,10044,29.8,Prepaid_Card,1017,24,2,235.8,2,1,2,0
287,Apparel,1385,0,Prepaid_Card,34,1,0,225.6,4,1,4,0
288,Electronics,34961,0,Wallet,792,17,1,299.5,7,1,2,0
289,Electronics,42364,18,COD,349,8,2,149.9,3,0,5,0
290,Apparel,1011,42.3,Prepaid_UPI,1212,28,1,732.3,4,1,3,0
291,Footwear,3274,50.3,Prepaid_UPI,138,8,0,109.2,4,0,,0
292,Apparel,1690,15.8,Wallet,726,17,2,268.5,1,0,1,1
293,Beauty,670,19.4,Wallet,533,13,6,349.5,4,1,2,0
294,Apparel,1532,9.4,Wallet,811,18,2,115.1,4,1,,0
295,Footwear,3122,31.5,COD,439,14,0,74.7,4,0,5,1
296,Beauty,1946,44.9,Prepaid_UPI,384,6,1,352.7,3,1,2,1
297,Beauty,2500,40.8,Prepaid_UPI,365,5,0,739.8,2,1,3,0
298,Footwear,661,21.6,Prepaid_Card,231,5,1,60.1,3,1,1,0
299,Footwear,1309,9.4,COD,541,13,5,736.5,3,1,4,0
300,Home,1417,22.1,Wallet,126,0,0,361.1,6,1,3,0
301,Footwear,1118,42.7,COD,549,12,1,232.1,3,0,2,0
302,Apparel,1218,16,Prepaid_Card,146,3,1,388.6,5,0,3,0
303,Electronics,39680,0,Prepaid_Card,1112,26,2,454.1,5,1,4,0
304,Electronics,20854,16.6,COD,831,19,3,210.9,3,0,4,0
305,Footwear,3174,17.8,Prepaid_UPI,84,0,0,860,7,1,2,1
306,Electronics,17691,0,COD,325,5,1,723.9,4,0,2,1
307,Electronics,15201,25.5,Prepaid_UPI,66,0,0,163.2,3,0,4,1
308,Home,6724,29.6,Prepaid_UPI,325,9,0,285.4,7,0,3,0
309,Apparel,1580,49.9,COD,47,2,0,112.3,5,0,2,0
310,Apparel,1032,2,Prepaid_UPI,52,0,0,92.2,1,0,3,0
311,Electronics,41240,33,COD,965,22,2,196,1,1,3,0
312,Electronics,23035,36.5,Prepaid_UPI,122,1,0,278.8,8,1,1,0
313,Apparel,739,29.8,Wallet,141,7,1,135.1,5,0,5,1
314,Electronics,22365,6.9,COD,543,13,0,381.6,4,0,1,0
315,Electronics,30752,6,Prepaid_UPI,40,2,0,293.2,1,0,4,0
316,Electronics,17280,23.5,Prepaid_Card,285,9,0,246,4,1,4,0
317,Electronics,38158,23.4,Prepaid_Card,272,8,0,146.8,2,0,2,0
318,Home,4405,13.6,Prepaid_UPI,27,1,0,156.9,4,0,3,1
319,Apparel,1242,41.4,Prepaid_Card,537,12,2,202.5,3,1,2,0
320,Beauty,2168,16,Prepaid_Card,631,17,0,164.7,4,0,5,0
321,Beauty,1238,0,COD,224,5,0,188.2,5,0,,1
322,Electronics,19351,18.6,COD,479,9,1,148,5,0,3,0
323,Electronics,5743,29.2,Prepaid_UPI,835,22,11,310.2,4,1,2,0
324,Electronics,17077,27.1,COD,524,10,0,105,5,0,2,0
325,Footwear,2088,27,Prepaid_Card,471,7,2,412.2,1,1,1,1
326,Home,1691,44.4,COD,115,5,1,170.9,4,1,4,0
327,Footwear,2851,5.3,Prepaid_UPI,280,5,0,318,5,1,5,0
328,Electronics,7500,15.6,Prepaid_Card,237,6,0,241.5,4,0,1,0
329,Home,2022,45.2,COD,76,5,0,94.5,8,1,1,1
330,Apparel,1410,0,COD,274,3,0,397.3,4,0,4,0
331,Footwear,1576,21.2,Prepaid_Card,203,4,1,589.4,2,1,2,0
332,Apparel,1551,40.4,Wallet,253,9,1,215.2,4,0,,1
333,Home,5617,40.2,Prepaid_Card,87,3,0,66.8,3,1,4,0
334,Footwear,1705,31.9,Prepaid_Card,796,17,5,298.4,1,1,1,0
335,Apparel,557,32.3,Prepaid_UPI,883,24,2,250.1,4,0,1,1
336,Home,4069,6.4,COD,685,15,2,137.8,8,1,2,1
337,Apparel,567,42.6,Prepaid_Card,44,2,0,251.6,4,0,1,0
338,Footwear,2561,4,COD,416,13,4,495.3,7,0,1,0
339,Apparel,1707,4.9,COD,76,4,0,441.9,6,1,5,0
340,Beauty,1608,27.8,Prepaid_UPI,56,4,0,194.5,10,0,1,0
341,Apparel,1207,14.6,Prepaid_UPI,627,12,0,192.1,5,0,3,0
342,Beauty,2373,25.1,Wallet,46,3,0,130.7,5,1,2,0
343,Footwear,907,28.5,Prepaid_UPI,107,3,1,197.1,5,1,1,0
344,Home,7076,48.7,Prepaid_Card,28,0,0,271.7,5,0,2,0
345,Footwear,3701,28.5,COD,826,19,4,265.2,4,0,2,1
346,Footwear,2179,12.7,Prepaid_Card,168,4,1,288.1,3,0,3,0
347,Beauty,509,32.1,Wallet,974,25,4,286.4,6,0,4,0
348,Apparel,681,9.5,Prepaid_UPI,346,8,1,149.2,3,0,5,0
349,Home,7398,35.7,Prepaid_Card,357,6,2,394,1,0,4,1
350,Apparel,821,23,Prepaid_UPI,470,8,1,434.6,2,1,1,1
351,Home,7031,28,Prepaid_UPI,166,4,0,248.7,8,1,1,0
352,Apparel,1306,0,Wallet,1109,22,2,874,4,0,2,1
353,Home,3855,0,Prepaid_UPI,305,5,0,307.2,6,1,3,0
354,Home,5070,0,Prepaid_Card,330,7,1,106,3,1,2,0
355,Electronics,10619,48.2,COD,43,0,0,203.3,6,1,3,1
356,Electronics,19963,4.8,Prepaid_Card,1570,36,3,195.3,5,1,4,1
357,Footwear,4254,33,COD,161,2,0,66.1,9,1,1,0
358,Footwear,1453,12.4,Wallet,75,0,0,209.2,7,0,5,0
359,Electronics,41565,18.4,Prepaid_Card,283,3,0,384.9,6,0,4,0
360,Home,7955,21.3,Prepaid_Card,503,11,2,423.6,3,0,3,0
361,Beauty,272,46.7,COD,69,0,0,614.2,2,1,2,1
362,Apparel,1356,30.8,Prepaid_Card,756,14,3,319.6,4,1,5,0
363,Apparel,709,27.8,Prepaid_Card,315,11,1,366,5,1,2,0
364,Apparel,1519,41.5,COD,989,24,0,166.1,4,1,5,0
365,Home,7919,12.5,Prepaid_UPI,35,1,0,340.8,6,0,5,0
366,Electronics,40483,38,COD,504,12,0,302.6,5,1,2,1
367,Footwear,4199,35.5,Prepaid_Card,156,3,0,196.6,4,1,1,0
368,Home,1943,35.3,COD,1071,21,1,627.9,8,1,1,0
369,Electronics,24954,19.7,Prepaid_Card,273,8,1,105.4,5,0,4,0
370,Footwear,1439,15.4,Prepaid_UPI,293,8,0,253,2,0,5,1
371,Footwear,4098,9,Prepaid_UPI,318,3,1,495.4,7,1,5,1
372,Apparel,744,9.9,COD,482,11,1,137.8,5,1,,0
373,Electronics,7943,8.2,Wallet,452,11,3,177,4,1,5,1
374,Apparel,422,27.5,Prepaid_UPI,337,7,1,375.8,2,1,4,0
375,Apparel,728,18.6,COD,118,7,1,375.9,7,1,2,1
376,Apparel,742,28.5,COD,516,15,2,224.3,8,1,3,0
377,Beauty,332,29.3,COD,110,2,0,288,3,0,2,0
378,Electronics,39207,6.1,Prepaid_UPI,787,17,2,251.6,5,0,2,0
379,Electronics,35364,5.7,COD,338,7,1,400.3,5,0,,0
380,Footwear,1518,18.6,Prepaid_Card,56,0,0,409.9,1,1,2,0
381,Home,6331,10.4,Prepaid_UPI,732,14,4,523.1,4,0,5,0
382,Beauty,1142,8.8,Prepaid_UPI,671,16,3,520.8,1,0,,0
383,Footwear,3602,47.4,Prepaid_Card,88,6,1,294.5,4,1,4,1
384,Electronics,15348,0,Prepaid_UPI,215,8,2,120,9,0,4,1
385,Electronics,25932,52.3,COD,410,11,3,154.6,1,0,1,1
386,Beauty,1047,26.3,Prepaid_UPI,894,15,0,169.9,9,0,1,0
387,Home,1745,36.8,COD,625,10,0,228.7,8,0,3,1
388,Beauty,1526,35,COD,2500,58,13,262.9,4,1,4,1
389,Apparel,1751,31.3,Wallet,172,7,2,134.3,6,0,4,0
390,Footwear,3512,46.9,COD,907,21,3,61.5,4,1,4,0
391,Home,3043,5.8,COD,93,1,0,328.2,4,1,5,1
392,Apparel,1334,19.7,Prepaid_Card,189,7,0,241.8,5,0,,0
393,Home,6181,9.2,COD,153,5,2,650.7,3,1,4,0
394,Home,720,0,COD,31,3,0,165.7,6,1,4,0
395,Apparel,529,12.1,Prepaid_Card,225,1,0,590.1,5,0,4,0
396,Electronics,17679,50.1,Prepaid_UPI,588,14,2,141.1,2,0,5,0
397,Footwear,1394,19.4,Prepaid_UPI,348,11,1,234.9,6,1,5,0
398,Apparel,1074,51.8,COD,466,11,0,250.2,6,1,1,0
399,Electronics,5306,53.3,Prepaid_Card,633,16,1,87.7,7,0,1,0
400,Electronics,27130,66.9,Prepaid_UPI,141,3,0,281.1,3,0,5,0
401,Apparel,1609,50.6,COD,563,13,5,153.7,7,1,5,0
402,Beauty,2011,57.4,COD,763,20,4,456.9,9,0,4,1
403,Footwear,3102,26.9,COD,1075,23,2,370.6,5,0,4,0
404,Apparel,1113,25.4,Prepaid_Card,96,1,0,306.5,5,0,3,0
405,Beauty,2347,26.4,COD,772,16,4,176.4,6,1,4,0
406,Footwear,3405,22,Prepaid_UPI,1039,23,4,112.7,1,0,2,0
407,Apparel,1350,24.2,Wallet,367,5,0,573.1,1,0,4,0
408,Footwear,1327,33.3,COD,325,9,1,547,3,0,1,1
409,Apparel,1568,15,Prepaid_Card,86,2,1,173.3,4,1,3,0
410,Beauty,1541,1.3,COD,484,12,0,407.2,5,0,1,0
411,Home,5562,27.5,COD,521,7,2,136.5,5,0,2,0
412,Home,6315,11.6,Prepaid_UPI,184,6,1,155,1,0,2,0
413,Apparel,2047,13.2,Prepaid_Card,595,16,1,241.9,7,1,4,0
414,Footwear,4296,19.9,Wallet,264,7,0,314.3,5,0,3,0
415,Apparel,1534,16.4,Prepaid_Card,276,6,1,107.6,5,1,3,0
416,Apparel,2139,38.7,COD,336,9,2,62.8,6,0,,1
417,Apparel,2041,19.5,Prepaid_Card,157,6,1,149.9,3,1,4,1
418,Footwear,510,39.4,COD,715,17,2,227.3,4,0,2,0
419,Apparel,1548,25.1,Prepaid_UPI,49,2,0,103,2,0,2,0
420,Beauty,569,20.7,Prepaid_UPI,232,8,0,184.9,1,0,2,0
421,Home,2573,24.4,COD,194,6,2,188.6,4,1,1,0
422,Apparel,936,2.6,Prepaid_Card,929,19,6,722.9,8,0,1,1
423,Apparel,1270,27.1,Prepaid_UPI,814,21,2,319.4,3,1,5,0
424,Apparel,420,34.7,Prepaid_UPI,17,0,0,273.6,1,1,5,0
425,Home,2116,36.9,COD,81,2,0,203.7,6,0,3,0
426,Footwear,616,1.7,COD,889,20,4,521.2,3,0,1,0
427,Apparel,1571,0,COD,110,4,0,112,5,1,5,0
428,Footwear,4057,13.9,COD,44,4,1,351.6,6,0,3,0
429,Apparel,2196,42.8,Prepaid_Card,83,2,0,539,3,1,2,1
430,Footwear,2294,25.3,COD,826,22,5,390.2,5,0,2,1
431,Beauty,761,10.4,COD,72,2,1,159.8,4,1,2,1
432,Footwear,3912,0.2,Prepaid_Card,291,9,1,104.4,1,0,3,0
433,Home,1171,11.7,COD,62,2,0,401.6,3,1,,0
434,Footwear,4397,10.7,Wallet,197,3,0,356.3,3,0,1,0
435,Apparel,1687,36,Prepaid_Card,845,23,1,444.3,1,1,2,0
436,Apparel,1307,37.2,COD,881,18,4,374.2,3,0,5,0
437,Apparel,574,6.3,Prepaid_Card,70,0,0,464.4,6,1,5,0
438,Electronics,1997,33.3,COD,70,0,0,203,5,0,,0
439,Footwear,2678,31.8,Prepaid_UPI,192,7,1,254.7,1,0,4,0
440,Home,3487,4.3,Prepaid_Card,207,8,0,118.1,2,0,2,1
441,Footwear,3871,20.7,Prepaid_Card,411,10,2,101.6,5,1,2,0
442,Apparel,1556,27.1,Wallet,303,5,1,303.4,4,1,2,0
443,Footwear,2228,24.4,Prepaid_UPI,1,0,0,171.5,4,0,5,0
444,Apparel,807,0,Prepaid_UPI,1349,29,2,549.3,6,0,5,0
445,Apparel,1265,24,COD,148,1,0,353.7,5,0,5,0
446,Home,1555,31.5,COD,88,1,0,267.6,3,1,2,0
447,Beauty,1717,45.7,Prepaid_UPI,67,3,0,85.7,3,1,4,1
448,Home,4964,12,Prepaid_Card,271,5,1,131.7,4,1,3,0
449,Apparel,1858,13.8,Prepaid_UPI,163,4,0,156.1,1,0,5,0
450,Home,3761,18.9,Prepaid_UPI,95,0,0,195.1,5,0,5,0
451,Apparel,902,26.4,COD,722,19,1,417.4,2,0,5,1
452,Footwear,3846,23.5,COD,166,3,0,97.7,7,1,,1
453,Home,5621,31.1,Prepaid_Card,32,2,0,716.7,1,1,2,0
454,Apparel,1672,5.1,COD,635,14,3,382.5,5,1,5,0
455,Apparel,1351,28,Prepaid_UPI,229,6,0,120.7,1,1,2,0
456,Apparel,1977,10.9,Prepaid_UPI,186,2,0,527.5,3,1,1,1
457,Beauty,685,19.8,Prepaid_Card,355,6,0,350,5,1,4,0
458,Electronics,18794,47.6,Prepaid_UPI,13,0,0,167.7,7,1,3,0
459,Footwear,3685,1,Prepaid_Card,14,0,0,386.1,6,0,4,0
460,Home,1324,17.8,Prepaid_UPI,294,9,1,125.7,6,0,3,1
461,Home,6522,2.9,COD,521,12,4,256.3,6,1,3,0
462,Apparel,1035,24.3,Prepaid_UPI,12,0,0,333,6,0,4,0
463,Beauty,445,37.7,Prepaid_UPI,107,3,0,129.4,3,1,4,0
464,Apparel,542,24.5,COD,826,18,3,275.2,4,1,3,0
465,Home,6791,20.2,Prepaid_Card,808,17,1,313.2,6,1,3,0
466,Home,6295,41.9,Prepaid_UPI,405,9,0,192.8,7,1,3,0
467,Home,2518,27,COD,439,11,0,158.2,4,1,1,0
468,Beauty,423,34.3,Prepaid_UPI,1438,31,3,262,3,0,2,0
469,Apparel,845,32.7,Wallet,67,1,0,211.4,3,0,1,1
470,Electronics,10529,0,Prepaid_UPI,363,10,4,575.1,3,0,4,0
471,Electronics,33308,20.8,COD,335,8,2,336.4,5,0,4,0
472,Electronics,10642,5.8,Prepaid_Card,97,5,2,215.3,7,1,4,1
473,Apparel,789,9.6,Wallet,328,10,2,243.1,6,1,2,0
474,Apparel,458,44.1,Prepaid_Card,468,8,0,164.4,4,1,5,0
475,Apparel,1474,16.4,COD,80,2,0,455.6,9,0,,0
476,Apparel,1640,50.4,COD,70,1,0,353.5,4,1,,1
477,Electronics,29823,0.9,Prepaid_UPI,974,19,4,598.1,8,1,4,0
478,Home,4678,5.7,Prepaid_Card,106,1,0,274.5,2,0,5,0
479,Home,7739,33.4,COD,289,6,1,220.8,5,0,,0
480,Electronics,21906,16.9,COD,43,0,0,280.2,2,0,5,0
481,Electronics,38874,26.6,Prepaid_UPI,236,4,1,584.5,2,0,3,1
482,Apparel,1563,20.3,Prepaid_Card,438,10,0,190.2,3,1,1,0
483,Home,948,19.9,Prepaid_UPI,70,6,0,176.7,5,1,2,0
484,Apparel,1858,17.4,Prepaid_UPI,42,0,0,204.9,3,0,1,1
485,Apparel,1452,24.7,Wallet,479,13,1,162.5,1,0,4,0
486,Electronics,29824,31.6,Prepaid_UPI,600,13,1,291.7,4,0,5,0
487,Electronics,9094,46.2,COD,362,7,2,193,3,0,4,0
488,Apparel,1187,19,Prepaid_Card,968,17,5,510.1,1,1,3,0
489,Home,7080,16.1,COD,275,8,2,119.3,5,0,1,0
490,Home,1959,14.2,Wallet,417,6,1,358.3,6,0,2,0
491,Home,301,44,COD,118,4,1,473.1,6,1,2,1
492,Home,2283,32.4,Prepaid_UPI,84,5,1,116.6,8,1,3,1
493,Home,4054,0,Prepaid_UPI,576,10,1,326.7,2,0,5,0
494,Apparel,1878,0,COD,187,6,3,423.5,2,0,,1
495,Footwear,3073,9.5,Prepaid_UPI,52,1,0,83.6,4,0,1,0
496,Home,7377,25.5,COD,150,0,0,145.5,4,0,1,0
497,Electronics,21154,21.5,Prepaid_Card,176,2,0,455.5,5,0,1,0
498,Home,3309,29.7,Prepaid_Card,459,11,2,456.4,6,0,5,0
499,Electronics,11336,19.4,COD,937,22,4,237.3,4,1,,0
500,Electronics,10751,43,Prepaid_Card,42,0,0,280.5,7,0,2,0
501,Footwear,3444,33.6,Wallet,1518,34,7,349.1,3,0,3,0
502,Footwear,821,23.2,COD,1251,29,6,415.3,3,0,3,1
503,Beauty,720,39.2,Prepaid_Card,174,6,1,265.8,2,1,5,0
504,Electronics,40002,0,Prepaid_UPI,601,13,3,415.4,1,0,5,0
505,Electronics,26469,20.7,Prepaid_UPI,309,8,1,60.6,1,1,2,0
506,Footwear,686,24.1,COD,85,4,0,219.2,6,0,5,0
507,Apparel,1668,31,Wallet,204,6,1,344.6,7,1,,1
508,Footwear,2527,0,COD,60,3,1,302.4,2,1,1,1
509,Electronics,38628,18.1,Prepaid_Card,215,5,1,536,7,0,3,0
510,Apparel,1628,28,Prepaid_Card,283,6,0,144.6,1,1,1,0
511,Apparel,408,29.2,Prepaid_UPI,16,1,0,137,2,0,,0
512,Footwear,1323,39.8,COD,886,18,3,572.6,3,0,,0
513,Apparel,864,33.4,COD,234,7,0,90.9,7,0,4,0
514,Apparel,1664,21.1,Prepaid_UPI,341,5,0,380.3,8,0,2,0
515,Electronics,23508,32.1,COD,412,8,1,358.5,3,1,,0
516,Apparel,1745,19,Prepaid_Card,726,16,1,184.4,4,1,2,1
517,Apparel,1323,24.2,Prepaid_UPI,164,5,0,563.1,7,1,1,0
518,Footwear,1810,33.9,Prepaid_Card,706,17,4,245.5,9,1,4,0
519,Apparel,587,21.3,COD,172,7,0,259.8,7,0,3,0
520,Footwear,1310,27.4,COD,511,12,2,146.8,2,1,1,0
521,Footwear,2103,36.4,Wallet,28,0,0,159.8,6,0,2,0
522,Electronics,25354,32.7,Prepaid_Card,690,15,5,132.1,3,1,2,0
523,Apparel,2090,40.5,COD,267,5,1,330.6,8,1,,1
524,Home,2146,56.9,COD,70,3,0,322.8,6,0,,1
525,Apparel,1599,32.5,COD,1425,30,2,58.8,2,1,,0
526,Electronics,7882,15.1,Wallet,364,8,2,441.7,7,1,1,0
527,Beauty,1827,29.7,COD,208,8,2,229.2,6,0,5,0
528,Beauty,177,29,COD,211,5,0,88.6,5,1,2,0
529,Footwear,3124,31.2,Prepaid_Card,113,0,0,541.8,5,0,5,0
530,Apparel,694,44.4,COD,182,3,0,202.6,3,0,3,0
531,Home,1688,0,COD,189,0,0,202,6,1,4,0
532,Home,4604,44.7,Wallet,25,0,0,239.1,9,0,3,0
533,Electronics,17643,49.8,Prepaid_UPI,427,13,2,420.3,9,0,3,0
534,Home,3929,30.5,COD,9,0,0,182.5,4,0,4,0
535,Apparel,956,30.9,Prepaid_Card,136,0,0,487.9,1,0,1,0
536,Apparel,2116,18.4,COD,328,6,0,132,3,0,2,0
537,Electronics,13931,22.1,COD,714,18,1,194.5,5,0,,1
538,Apparel,1376,32.5,Prepaid_Card,86,5,1,47.3,5,0,3,0
539,Apparel,1938,31.5,Prepaid_Card,523,13,3,205.3,6,1,3,0
540,Footwear,3157,32.8,Prepaid_UPI,773,15,1,102.2,6,1,5,0
541,Beauty,909,31.4,Prepaid_UPI,917,20,1,114.6,6,0,1,0
542,Home,4554,35.5,COD,1418,35,1,105.4,3,0,4,0
543,Footwear,832,33.8,Wallet,56,1,0,244.3,3,1,4,1
544,Beauty,1432,6.6,Prepaid_Card,4,0,0,239.9,2,0,3,0
545,Apparel,1177,34.5,COD,1062,24,3,374.4,5,0,5,0
546,Electronics,34397,49.9,Prepaid_UPI,140,0,0,198.5,6,1,4,1
547,Electronics,38338,21.6,COD,1847,43,2,334.8,7,0,2,0
548,Apparel,759,44.5,Prepaid_Card,466,12,1,261.4,1,1,2,1
549,Footwear,826,8.2,Prepaid_UPI,1215,23,4,171.6,6,1,4,0
550,Electronics,18306,21.6,COD,339,5,1,429.9,2,0,5,0
551,Electronics,24596,12.4,Prepaid_UPI,809,16,1,153.9,6,1,2,0
552,Apparel,1078,42.7,COD,164,5,2,78.8,2,1,4,1
553,Apparel,1531,46.6,Prepaid_UPI,432,8,2,51,6,0,1,0
554,Beauty,1338,20.5,COD,513,12,1,178.2,3,1,,0
555,Apparel,2086,39.6,COD,9,0,0,218.8,3,1,2,1
556,Apparel,1137,46.8,COD,109,3,0,220.9,6,0,4,0
557,Apparel,548,21.5,Prepaid_UPI,1492,34,2,47,3,1,4,0
558,Electronics,14425,23.9,COD,700,16,0,300.2,7,1,,0
559,Home,4965,33,Prepaid_UPI,173,4,0,197.2,6,0,4,0
560,Electronics,12414,9.4,COD,91,3,1,361.8,4,1,1,0
561,Apparel,884,23.7,Prepaid_Card,26,1,0,243.3,4,0,2,0
562,Apparel,1011,54.1,COD,352,7,0,328,7,0,3,1
563,Footwear,3485,14.5,COD,8,0,0,94.9,6,0,3,0
564,Home,7539,34.8,Wallet,2,4,0,362.4,8,0,4,1
565,Home,2998,29.9,Prepaid_Card,578,12,2,287.1,1,0,2,1
566,Home,1805,19.5,Prepaid_UPI,110,5,1,157.2,4,1,5,0
567,Footwear,2183,25.3,Prepaid_Card,59,0,0,534.2,3,1,4,0
568,Apparel,1033,48.3,Prepaid_Card,136,5,1,747.6,6,1,3,0
569,Electronics,44563,30.3,Prepaid_Card,122,6,2,159.8,2,0,4,0
570,Electronics,21517,32.6,Prepaid_UPI,126,2,1,378.6,3,1,2,0
571,Electronics,30953,46,Prepaid_UPI,26,0,0,233.7,5,1,,0
572,Footwear,4155,17.7,Prepaid_Card,45,0,0,320.1,1,1,3,0
573,Electronics,28753,6.3,Prepaid_Card,217,5,1,272.4,1,1,1,0
574,Footwear,1498,48.5,Prepaid_Card,218,5,0,371.6,4,1,2,0
575,Footwear,2930,24,Prepaid_Card,132,3,0,58.6,10,0,5,1
576,Electronics,18802,35.4,Prepaid_Card,1207,26,1,314.3,5,1,4,0
577,Beauty,1143,10.6,Prepaid_Card,1123,29,2,281.2,4,0,5,0
578,Home,7841,27.8,Prepaid_UPI,74,1,0,250,5,0,4,0
579,Footwear,1614,5.5,Wallet,798,16,2,460.8,6,0,1,0
580,Electronics,21739,23,Wallet,751,18,2,117.1,4,1,1,0
581,Electronics,8202,12.3,Prepaid_UPI,526,13,2,360.8,3,0,2,0
582,Electronics,9020,8.8,Prepaid_Card,857,22,5,148.7,1,0,,0
583,Apparel,1486,17.5,Prepaid_UPI,245,9,1,176.1,6,0,5,1
584,Electronics,34094,0,COD,277,7,0,159.5,3,0,,0
585,Beauty,1646,4.6,Prepaid_Card,724,16,1,247.6,6,0,5,1
586,Home,2835,33.7,COD,543,8,0,364.3,7,0,5,0
587,Apparel,507,27.2,COD,112,1,0,234.6,4,1,,1
588,Electronics,21798,5.9,Wallet,30,1,0,398.5,1,1,2,0
589,Apparel,1308,30.2,Prepaid_UPI,106,0,0,190.7,4,0,3,0
590,Apparel,1787,8.8,Prepaid_Card,9,0,0,84.5,4,0,4,0
591,Beauty,1655,32.8,COD,302,7,1,271,6,1,4,0
592,Electronics,39361,20.3,Prepaid_UPI,356,9,0,210.5,3,0,3,0
593,Apparel,1809,17.1,Prepaid_Card,503,11,1,527.1,3,0,1,0
594,Home,3117,20.6,Prepaid_UPI,94,4,0,127.1,4,0,2,0
595,Apparel,1538,60.4,Wallet,878,21,2,297.6,5,0,3,1
596,Apparel,1745,10.6,COD,908,22,2,235.3,6,1,4,0
597,Home,7668,25.4,COD,183,8,1,89.8,10,0,,0
598,Home,3552,33.7,COD,983,27,2,69.6,9,1,5,1
599,Beauty,1673,7.6,COD,348,9,2,72.9,4,0,4,0
600,Home,3324,0,COD,817,17,1,363.9,3,0,2,0
601,Electronics,33517,13,COD,673,15,2,231.4,3,1,4,0
602,Footwear,4148,33.4,COD,2,3,0,323.6,2,1,3,0
603,Beauty,2310,16.9,COD,270,4,1,332.7,5,1,2,0
604,Footwear,1128,18.5,COD,187,7,1,51.7,2,0,,0
605,Beauty,630,35.7,Prepaid_UPI,95,2,0,575.6,2,1,4,0
606,Footwear,3520,9.9,COD,40,1,0,412.6,2,1,4,0
607,Footwear,3024,20.7,Prepaid_UPI,1326,28,2,230,6,0,1,0
608,Apparel,2029,0,COD,289,4,0,311.2,4,0,,0
609,Footwear,1755,26.8,COD,146,3,0,108.9,2,0,3,0
610,Electronics,38343,25.4,COD,780,20,1,95.6,6,1,,0
611,Home,5565,33.9,Prepaid_UPI,59,0,0,213.5,7,1,4,0
612,Home,1805,4.8,COD,1199,30,4,153.2,3,0,,0
613,Beauty,447,19.1,Prepaid_Card,165,3,0,240.3,3,0,,0
614,Beauty,1801,2.8,COD,15,0,0,177.5,3,1,4,0
615,Apparel,685,18.3,Wallet,81,2,0,394.7,5,0,3,0
616,Footwear,3677,44.2,COD,56,3,0,306.8,7,1,1,1
617,Footwear,2728,17.2,COD,1137,26,1,159.2,5,1,3,1
618,Electronics,22087,1.5,Prepaid_UPI,688,16,3,334.9,2,1,3,1
619,Apparel,896,11.8,COD,97,5,0,111.3,7,1,1,0
620,Apparel,2171,0,COD,106,3,0,226.5,4,0,5,0
621,Footwear,3389,2.6,Prepaid_UPI,826,17,2,400.1,4,1,4,0
622,Electronics,35279,32.1,COD,21,0,0,59.2,5,1,3,0
623,Beauty,1956,0.3,COD,310,9,4,472.5,7,0,4,1
624,Electronics,26780,26.7,Prepaid_Card,351,7,1,182.2,2,1,4,0
625,Beauty,2358,22.4,COD,2,0,0,404.5,2,0,3,0
626,Electronics,26771,14,Wallet,419,11,1,182.4,4,0,3,1
627,Footwear,2580,25.4,Prepaid_Card,11,4,1,78.1,4,0,3,0
628,Apparel,893,7.9,Prepaid_Card,531,12,1,164.5,6,0,2,1
629,Home,2469,34.6,COD,249,5,2,447.9,7,1,3,1
630,Footwear,3448,11.5,Prepaid_UPI,187,4,1,259.1,3,1,1,0
631,Beauty,937,16.2,Prepaid_UPI,215,4,1,409.5,5,1,1,0
632,Footwear,3415,14.4,COD,971,21,8,185.7,6,0,2,1
633,Apparel,2115,32.3,Prepaid_UPI,145,3,0,139.8,6,0,1,0
634,Electronics,20442,30.2,Prepaid_Card,19,2,0,395.3,1,1,4,0
635,Apparel,575,0,Prepaid_UPI,2105,47,7,229.3,6,0,1,0
636,Apparel,1600,25.8,COD,36,4,1,283.6,3,1,2,1
637,Home,373,0,COD,85,2,0,297,6,0,,0
638,Home,6360,16.9,Prepaid_UPI,72,1,0,56.1,2,0,3,0
639,Footwear,2603,20.4,Prepaid_UPI,332,10,0,342.5,5,0,1,0
640,Footwear,2459,16.7,COD,103,2,0,112.2,4,1,5,1
641,Footwear,2778,29.5,COD,270,6,1,69,9,1,,0
642,Footwear,2566,32.8,Prepaid_UPI,497,11,0,169.2,3,1,,0
643,Apparel,983,10.4,COD,141,6,3,208,2,0,1,0
644,Apparel,907,9.9,COD,410,10,1,500.8,8,1,1,0
645,Home,3498,21.5,Prepaid_Card,619,16,0,353.7,6,0,1,0
646,Footwear,4080,0,COD,64,1,0,65.8,5,0,,1
647,Apparel,644,14.8,COD,573,15,0,281.9,3,0,4,0
648,Electronics,15425,42.2,COD,21,1,0,227.8,2,1,1,0
649,Home,1781,0,Wallet,220,7,0,124.9,3,0,3,0
650,Apparel,1169,16.9,COD,84,4,1,331.7,3,1,2,1
651,Electronics,7047,13.1,Prepaid_UPI,43,0,0,499.4,3,0,1,0
652,Footwear,3543,52.1,Wallet,113,3,1,241.4,3,1,3,0
653,Home,1097,13.9,Prepaid_UPI,288,8,2,184.7,3,0,5,0
654,Apparel,1597,14.8,Prepaid_Card,389,11,1,249.4,7,1,5,1
655,Footwear,1571,6.5,Prepaid_Card,503,14,2,282.5,1,0,1,0
656,Electronics,21882,22.1,COD,1054,24,3,654.1,5,0,3,0
657,Footwear,1300,26.1,Prepaid_Card,304,10,0,147.6,5,1,3,0
658,Apparel,1714,8.7,Wallet,209,3,0,151.8,4,0,1,0
659,Home,7602,36.8,Prepaid_UPI,1246,25,1,389.8,6,1,3,0
660,Electronics,10912,26.1,Prepaid_Card,127,2,0,173.9,5,0,3,0
661,Apparel,2116,34.8,COD,102,5,0,53.1,5,0,,0
662,Footwear,1801,17.1,Prepaid_UPI,297,4,1,502.9,7,1,2,0
663,Apparel,1404,25.6,COD,163,1,0,487.5,1,0,5,1
664,Apparel,1663,18.8,Prepaid_UPI,26,0,0,100.1,9,1,1,0
665,Electronics,9928,43.9,COD,71,3,0,241.8,7,1,1,0
666,Home,3725,23.7,Prepaid_UPI,403,6,0,68,8,0,3,1
667,Footwear,771,22.1,Prepaid_UPI,525,13,2,370.2,2,1,5,0
668,Beauty,1788,15.1,Prepaid_Card,283,6,2,360.6,5,1,4,0
669,Apparel,1150,14.3,COD,5,0,0,32.6,5,1,4,0
670,Electronics,40254,25.6,Prepaid_UPI,124,1,0,231.2,4,1,5,0
671,Apparel,893,34.3,COD,305,7,1,422.9,5,0,,1
672,Home,7412,11.7,COD,133,1,0,73.5,5,0,4,0
673,Beauty,481,23.9,Prepaid_Card,244,5,2,267.6,2,0,5,1
674,Home,4974,24.8,Prepaid_Card,106,3,1,53.2,6,0,4,0
675,Home,2670,27.4,Prepaid_UPI,435,11,3,122.8,6,0,2,0
676,Electronics,9162,0,COD,140,5,1,66.9,3,1,5,0
677,Beauty,371,8.1,Prepaid_Card,266,6,0,544.8,2,0,3,0
678,Electronics,29917,1.5,Prepaid_UPI,125,1,0,413,5,0,2,0
679,Apparel,820,22.5,COD,58,2,0,56.8,3,1,2,0
680,Electronics,26289,8.5,Prepaid_Card,5,1,0,277.7,5,1,3,0
681,Apparel,2163,14.6,Prepaid_UPI,616,13,1,57.2,3,1,1,0
682,Apparel,969,4.1,Prepaid_UPI,440,9,1,342.7,8,1,5,0
683,Apparel,463,16,Prepaid_Card,173,9,3,387,3,1,2,0
684,Electronics,7456,5.1,Prepaid_UPI,1193,24,4,345.7,3,0,3,0
685,Home,1219,33.4,COD,630,15,1,276.8,5,1,1,0
686,Electronics,21492,29.2,COD,355,10,1,207.6,1,0,,0
687,Electronics,33816,24.3,Wallet,210,4,1,266.1,3,0,5,0
688,Beauty,847,17.5,Prepaid_UPI,273,6,1,126.1,1,1,5,0
689,Footwear,1083,0,Prepaid_Card,374,8,3,277.8,5,0,3,1
690,Home,5234,15.1,Prepaid_Card,149,3,0,188.7,7,1,2,0
691,Apparel,942,10.6,Prepaid_Card,358,10,0,67.7,4,1,4,0
692,Footwear,2801,25.7,COD,53,1,0,112.5,7,1,2,1
693,Apparel,2081,31.3,Prepaid_UPI,893,26,8,385.8,3,0,2,0
694,Electronics,13961,26.9,Prepaid_UPI,280,5,0,72.9,3,0,4,0
695,Beauty,1354,40.9,Prepaid_Card,37,4,1,252.6,6,0,3,0
696,Electronics,36538,13.5,COD,987,23,1,181,6,0,2,0
697,Footwear,3267,12.9,COD,184,4,0,111.7,6,1,2,0
698,Home,6086,37.6,COD,37,4,0,428.3,7,0,3,0
699,Home,6249,24.5,Prepaid_UPI,16,0,0,470.5,4,1,5,0
700,Apparel,1372,18.3,Prepaid_Card,974,22,6,79,5,1,2,0
701,Apparel,1365,49.7,COD,89,1,0,256.9,3,1,,0
702,Electronics,32687,30.7,Prepaid_Card,220,4,1,197.9,9,0,1,0
703,Apparel,1656,19.1,Wallet,134,2,0,250.7,4,1,1,0
704,Footwear,3180,11.7,COD,89,0,0,874,4,1,1,0
705,Apparel,1088,41.9,Prepaid_Card,370,5,0,182.2,5,1,4,0
706,Home,6680,25.1,Prepaid_Card,116,3,0,138,6,1,2,1
707,Footwear,1445,22.4,COD,279,6,1,218.9,6,1,4,0
708,Footwear,1123,32.1,Prepaid_Card,361,7,0,289.1,1,1,3,0
709,Electronics,16318,35.2,Prepaid_Card,779,19,3,176.2,8,0,4,0
710,Electronics,12318,30.2,COD,18,1,0,831.6,8,0,5,0
711,Beauty,1708,35.3,COD,225,4,0,131.5,7,1,,1
712,Home,2079,28.8,Prepaid_UPI,56,7,0,347.2,5,1,2,0
713,Footwear,3126,30.3,COD,363,10,0,523.1,7,1,5,1
714,Beauty,1356,11,Prepaid_Card,497,16,1,34.1,5,1,4,0
715,Footwear,1110,49.2,Prepaid_Card,85,1,0,304.4,5,0,,0
716,Apparel,865,3.5,Prepaid_UPI,248,6,1,135.6,6,0,5,0
717,Home,4317,26.6,Prepaid_UPI,472,8,3,113,6,1,5,0
718,Apparel,1720,1.9,Prepaid_UPI,123,2,0,207.9,7,0,3,0
719,Home,3367,20.5,Prepaid_Card,350,7,1,502.8,1,0,3,0
720,Beauty,697,13.4,Prepaid_Card,288,12,1,396.7,4,0,5,0
721,Electronics,14124,24,COD,701,14,1,66.8,2,1,,0
722,Electronics,5366,27.1,COD,311,6,1,395.1,7,1,4,0
723,Apparel,445,7.7,COD,128,0,0,133.6,2,1,3,1
724,Beauty,2437,21.6,COD,130,4,1,456,4,1,,0
725,Apparel,574,42.9,Prepaid_Card,584,11,3,46.1,7,1,2,0
726,Apparel,625,2.3,COD,863,21,4,318.6,7,1,2,0
727,Apparel,1968,9.2,COD,87,0,0,122.5,6,0,4,0
728,Apparel,1594,34.9,COD,1187,26,0,392.9,6,0,,0
729,Electronics,20300,23.2,Prepaid_UPI,157,0,0,580.3,2,1,2,0
730,Electronics,29627,24.3,Prepaid_Card,132,2,0,210.3,2,1,1,0
731,Apparel,2083,37.3,Prepaid_UPI,96,2,0,159.4,2,1,3,0
732,Apparel,579,10.1,Prepaid_Card,193,3,1,191.8,2,0,5,0
733,Apparel,839,14.2,Prepaid_UPI,292,5,1,221.8,5,0,1,0
734,Electronics,38881,12.4,Prepaid_UPI,1336,32,2,312.5,7,0,2,0
735,Apparel,1805,16.8,COD,380,13,1,72.2,7,1,,0
736,Home,7956,42.1,Wallet,53,2,0,103.1,1,1,1,0
737,Apparel,965,0,COD,529,10,0,246.8,4,1,5,0
738,Apparel,2101,4.1,Prepaid_Card,64,2,0,226.2,4,0,3,0
739,Electronics,16254,1.5,Prepaid_UPI,459,9,2,98.3,1,1,,0
740,Electronics,32521,43,COD,128,5,0,443.5,6,1,1,0
741,Apparel,1989,12.8,Prepaid_Card,158,4,1,146,6,1,1,0
742,Apparel,707,17.1,COD,194,1,0,650.6,3,0,2,0
743,Footwear,1323,0,COD,536,14,2,305.4,4,0,2,0
744,Apparel,1446,18.1,COD,210,7,2,374.5,5,1,2,0
745,Electronics,38160,35,COD,1310,32,4,266.8,5,0,3,1
746,Electronics,4658,25.8,COD,157,2,0,160.4,3,1,,0
747,Electronics,38469,20.4,Prepaid_Card,41,2,0,261,3,1,5,0
748,Electronics,16229,0,Prepaid_Card,1004,20,1,203.9,2,1,1,0
749,Footwear,2125,17.1,Prepaid_Card,876,19,3,82.9,8,0,4,0
750,Footwear,1859,24.2,Prepaid_UPI,169,5,1,84.6,7,1,2,1
751,Apparel,2041,7.1,COD,29,0,0,182.8,2,1,2,0
752,Electronics,6929,31.8,COD,87,3,1,317.6,3,0,,0
753,Apparel,1434,35.3,Prepaid_UPI,322,7,1,182.6,2,0,4,0
754,Electronics,7687,14.1,Wallet,179,3,0,186.4,1,1,4,0
755,Home,7450,32.9,Prepaid_Card,1125,28,1,323.9,9,1,4,0
756,Apparel,1836,20.4,COD,450,10,3,181,3,0,,0
757,Electronics,11441,39.2,Prepaid_UPI,181,4,0,793.8,6,0,5,0
758,Beauty,850,52.5,Prepaid_UPI,12,0,0,145.8,4,0,4,0
759,Apparel,1087,5.6,COD,2013,46,5,390,4,0,,0
760,Electronics,18957,33.5,COD,218,4,0,245.2,4,1,3,0
761,Home,6594,41.6,COD,676,17,3,1086.7,5,1,4,1
762,Apparel,1416,7.4,Prepaid_Card,105,0,0,172.6,4,0,3,0
763,Apparel,1170,13.4,Wallet,28,1,0,354.3,6,1,4,0
764,Apparel,1695,13.2,Prepaid_UPI,71,0,0,224.1,7,0,3,1
765,Beauty,1226,20,COD,668,16,3,42,3,0,,0
766,Apparel,631,16.7,Prepaid_Card,51,1,0,237.9,5,1,3,0
767,Apparel,593,19,Prepaid_UPI,1019,23,1,171.7,1,1,4,0
768,Apparel,987,34.6,Prepaid_Card,653,13,0,275.4,3,1,,0
769,Apparel,1485,0,Prepaid_UPI,344,6,1,140.2,5,0,5,0
770,Home,1338,7.4,COD,86,1,0,32,4,1,3,0
771,Apparel,1390,32,COD,56,2,0,555.3,4,1,4,0
772,Home,2376,30.3,Prepaid_Card,120,4,0,152.9,6,0,2,1
773,Home,5655,6.1,Prepaid_Card,387,9,0,380.9,6,1,1,0
774,Footwear,613,30.4,Wallet,225,3,1,213.6,1,1,2,1
775,Apparel,1244,41.9,Prepaid_Card,254,9,2,272.6,5,1,4,1
776,Footwear,709,21.3,COD,576,13,4,258.1,4,1,1,1
777,Home,2845,6.9,COD,162,2,0,181.1,3,0,1,0
778,Apparel,428,35.1,Prepaid_Card,327,8,0,239,8,1,2,0
779,Footwear,2376,47.8,COD,103,3,1,368.1,1,1,5,0
780,Footwear,3568,8.7,Prepaid_UPI,193,4,1,245.3,4,1,3,1
781,Apparel,580,22.6,COD,10,0,0,412.2,8,1,1,1
782,Beauty,1878,38.4,COD,10,2,0,171.3,5,1,,1
783,Electronics,26788,23.7,Prepaid_Card,43,4,1,224,2,0,3,0
784,Home,4185,0,COD,84,0,0,104.3,4,1,3,0
785,Beauty,1559,28.7,Prepaid_Card,22,3,0,287.1,8,1,2,0
786,Electronics,15912,7.3,Prepaid_Card,413,9,2,212.8,7,1,4,0
787,Footwear,3341,2.9,Prepaid_Card,746,17,1,255.1,3,1,5,1
788,Apparel,1803,0,Prepaid_UPI,7,3,1,536.1,8,1,4,0
789,Footwear,3613,39.9,Prepaid_UPI,761,12,1,215.6,6,0,1,1
790,Home,2375,9.5,Prepaid_UPI,2,2,0,499.7,1,0,2,0
791,Apparel,1577,27,COD,76,4,1,131.4,4,0,5,0
792,Electronics,7687,30.7,COD,956,20,0,141.4,9,0,3,0
793,Apparel,1292,24.4,Prepaid_UPI,229,2,0,134.9,4,1,4,0
794,Apparel,405,26.4,Prepaid_Card,5,3,1,95.3,8,0,2,0
795,Apparel,748,27.7,Prepaid_Card,590,10,2,246.1,1,0,3,0
796,Electronics,28870,24.1,Prepaid_Card,182,5,0,315.4,2,1,1,1
797,Apparel,1974,10.6,Prepaid_UPI,400,11,3,673.1,7,0,2,0
798,Apparel,488,9.3,COD,508,12,2,209.8,6,0,5,0
799,Footwear,2734,20.4,Prepaid_Card,143,4,0,523.1,4,0,5,1
800,Home,5203,20.1,COD,1715,38,3,108.5,6,0,5,0
801,Footwear,4230,28.4,COD,70,2,0,145.5,3,1,4,0
802,Apparel,1579,38.5,Prepaid_UPI,1311,28,1,203.5,2,0,1,0
803,Footwear,912,27.2,Prepaid_Card,606,12,4,112.8,5,1,2,1
804,Home,1430,9.8,COD,53,1,0,263.3,4,1,,0
805,Apparel,1544,0,Prepaid_UPI,3,0,0,90.3,5,0,,1
806,Apparel,788,10.5,Prepaid_UPI,98,3,0,232.9,5,1,5,0
807,Home,7448,1.8,Prepaid_Card,52,0,0,223.4,4,1,4,0
808,Apparel,2057,11,Wallet,21,1,0,287.2,9,0,1,0
809,Electronics,42751,25.6,Prepaid_Card,512,12,1,497.6,2,0,3,0
810,Beauty,838,23.3,Prepaid_UPI,586,11,2,147.9,5,0,2,0
811,Apparel,1691,49.9,COD,27,0,0,606.2,4,0,5,0
812,Apparel,1593,29.2,COD,54,0,0,414.1,5,1,2,0
813,Beauty,234,50.6,COD,755,18,5,285.2,5,0,,1
814,Home,2345,32.7,COD,249,6,1,92.2,7,1,3,0
815,Apparel,772,38.3,Prepaid_Card,835,16,2,259.7,5,1,1,0
816,Footwear,1983,16.6,COD,34,1,0,104.8,3,1,1,0
817,Footwear,4312,5.9,Prepaid_Card,937,21,1,332.9,2,0,2,0
818,Electronics,38237,15.3,COD,166,4,0,173.9,3,1,1,0
819,Home,2559,21.8,COD,225,3,0,465,3,1,1,0
820,Apparel,1354,12.6,Wallet,171,4,0,475.6,6,1,1,0
821,Apparel,746,7,Prepaid_Card,2,2,1,349.3,4,1,5,0
822,Home,2436,28.3,Wallet,53,2,0,116.4,5,0,5,0
823,Apparel,517,6.9,Prepaid_Card,158,4,0,190.7,1,0,5,0
824,Home,5248,0,COD,117,6,1,477,4,1,1,0
825,Footwear,3128,5.2,Prepaid_Card,501,11,1,826.2,6,1,1,0
826,Apparel,1909,18.5,Prepaid_Card,79,0,0,165.9,7,0,2,0
827,Home,7011,7.1,COD,780,16,5,261.2,1,1,4,0
828,Apparel,688,18.6,Prepaid_UPI,25,1,0,168.8,8,0,4,0
829,Footwear,3472,31,Prepaid_Card,161,1,0,121.6,8,0,3,0
830,Apparel,642,30.6,Prepaid_UPI,611,13,1,139.4,7,0,4,1
831,Home,3178,12.1,Prepaid_Card,55,2,0,228.2,7,0,5,0
832,Home,4270,2.4,Prepaid_Card,931,23,2,70.3,4,0,1,0
833,Electronics,3367,13.4,COD,285,3,0,425.2,3,0,2,0
834,Home,1507,31.8,Wallet,749,17,2,199.8,5,0,3,0
835,Footwear,1584,35.3,COD,210,5,0,273.1,5,1,2,0
836,Home,1282,27.3,COD,302,7,1,267.7,3,0,3,0
837,Footwear,4236,40,COD,322,7,1,202.5,6,0,1,0
838,Beauty,828,47.9,Prepaid_Card,286,6,2,162.8,8,1,,0
839,Electronics,23151,14.8,Wallet,203,7,1,150.7,6,0,1,0
840,Electronics,44848,44.3,Prepaid_UPI,521,14,1,410.9,5,1,5,0
841,Apparel,1420,18.1,Prepaid_UPI,751,21,3,92.6,1,1,4,1
842,Footwear,2146,37.3,Wallet,301,7,0,347.9,1,1,5,0
843,Electronics,41925,32.6,Prepaid_UPI,731,15,3,359.7,4,1,5,0
844,Electronics,10945,0,COD,280,4,0,148.6,6,1,2,1
845,Apparel,723,7.5,Prepaid_Card,761,16,3,178.7,1,1,4,0
846,Footwear,2641,3.7,COD,148,5,2,281.9,5,1,2,1
847,Electronics,19916,0,COD,161,5,0,268.9,6,1,4,1
848,Home,6437,35.2,COD,256,7,0,409.6,4,0,,0
849,Apparel,476,53,COD,19,0,0,365.6,3,0,,1
850,Beauty,1602,18.1,Wallet,885,18,2,139.1,1,0,5,1
851,Apparel,1679,34.8,Wallet,408,13,1,466.7,6,0,3,0
852,Apparel,2149,44.3,COD,257,4,1,174.4,3,1,4,1
853,Footwear,1083,25.1,Prepaid_UPI,10,3,1,90,8,0,1,0
854,Beauty,729,21.6,COD,389,9,1,73,5,1,,0
855,Apparel,2078,18.3,COD,4,0,0,340.8,5,0,3,0
856,Electronics,28822,30.1,COD,44,0,0,713.7,6,0,,1
857,Footwear,652,35.1,COD,314,6,0,132.7,4,1,2,1
858,Footwear,809,28.9,COD,51,2,0,65.8,6,1,2,0
859,Electronics,35602,28.4,COD,111,1,0,321.8,3,1,4,0
860,Electronics,26055,21.2,COD,540,15,1,112.8,3,0,5,0
861,Footwear,2762,0,COD,2500,55,5,384.5,2,1,,1
862,Footwear,4019,35.5,Wallet,378,10,2,203.7,3,0,5,0
863,Footwear,1464,2.7,COD,624,15,2,139.6,9,0,3,0
864,Home,1535,31.3,COD,125,6,0,209.3,3,1,,0
865,Apparel,1505,33.3,Prepaid_Card,147,2,0,527.4,6,0,5,0
866,Beauty,2224,4.9,COD,722,16,0,62.1,4,1,3,0
867,Footwear,1561,12.9,Prepaid_Card,416,6,0,394,2,1,5,0
868,Footwear,3225,53.8,COD,1004,23,0,416,6,0,5,0
869,Apparel,674,20.8,Prepaid_Card,173,6,1,175.4,3,1,4,0
870,Apparel,709,3.7,Prepaid_Card,201,5,1,333,4,0,1,1
871,Footwear,4106,34,Prepaid_UPI,475,15,2,281,7,0,3,0
872,Apparel,612,10.4,Prepaid_Card,212,6,2,413.5,4,1,2,0
873,Beauty,207,0,Prepaid_Card,40,0,0,210.3,5,0,1,1
874,Electronics,35142,29.8,COD,921,21,3,86.2,4,0,1,0
875,Home,3091,8.3,COD,586,10,2,482.8,4,1,5,0
876,Footwear,2087,26.8,Prepaid_Card,23,0,0,144.8,2,1,2,1
877,Electronics,36234,9.8,COD,372,6,0,173,6,0,,1
878,Apparel,724,32.6,COD,304,7,1,197,5,1,4,1
879,Home,5308,24.8,Prepaid_UPI,839,19,1,447.6,6,1,4,0
880,Home,2714,0,COD,182,6,1,650.5,5,0,,0
881,Electronics,5767,27.7,COD,50,1,0,185.3,7,1,3,0
882,Home,5594,17.7,Prepaid_Card,411,7,1,190,5,1,3,0
883,Beauty,899,43.3,COD,277,9,4,274.4,8,0,5,1
884,Electronics,39157,27.9,Prepaid_UPI,162,0,0,119,3,0,3,1
885,Apparel,2054,33.3,Wallet,2500,56,4,323.5,3,0,1,1
886,Electronics,38388,11.3,Wallet,372,9,1,325.3,8,0,1,0
887,Electronics,15319,10.1,Prepaid_Card,168,4,0,279,6,0,4,0
888,Apparel,826,21.6,COD,100,3,1,92.2,9,1,1,0
889,Apparel,2007,16.6,Prepaid_Card,912,20,2,636.6,6,1,5,1
890,Home,3788,42.1,Prepaid_Card,25,2,0,340.4,4,1,1,0
891,Electronics,32199,19.7,Prepaid_Card,741,15,1,586.6,9,1,4,1
892,Beauty,2094,3.6,COD,49,0,0,102.3,1,1,5,0
893,Apparel,900,9.6,COD,31,1,0,130.9,6,1,1,0
894,Apparel,614,36.5,COD,209,3,1,151.5,1,1,1,1
895,Footwear,2999,19.5,COD,376,7,3,654.7,8,0,,1
896,Footwear,2861,18.7,COD,1107,27,7,266.9,2,1,2,1
897,Apparel,886,37.9,Wallet,83,5,1,232.8,4,1,2,0
898,Apparel,1452,8.3,COD,3,2,0,40.2,2,0,,0
899,Apparel,1823,0,Prepaid_Card,15,2,1,188.9,6,0,2,1
900,Electronics,16530,9.2,Wallet,161,4,0,211.3,4,0,3,0
901,Electronics,11814,25.6,COD,159,6,1,286.1,8,0,,0
902,Apparel,1705,18.3,Prepaid_Card,223,6,0,660.7,3,1,4,0
903,Apparel,1815,0,Prepaid_UPI,51,5,2,519.7,2,0,1,0
904,Electronics,42998,37.2,COD,686,13,1,203.3,3,1,3,0
905,Beauty,497,24.5,Prepaid_Card,208,6,2,127.4,8,1,3,0
906,Home,7147,27.8,Prepaid_UPI,32,0,0,201,7,1,3,0
907,Electronics,34711,28.3,Prepaid_UPI,709,17,2,252.2,7,0,2,0
908,Apparel,1663,2.5,Prepaid_UPI,162,0,0,332.9,3,0,4,0
909,Apparel,963,26.5,Wallet,338,5,0,21.9,2,1,2,1
910,Apparel,440,35.6,COD,953,19,3,203.1,8,1,,0
911,Footwear,2530,39.1,Prepaid_UPI,270,7,3,212.8,1,1,1,0
912,Footwear,1643,32.8,Prepaid_Card,3,1,0,199.5,5,0,3,0
913,Beauty,831,29.7,Prepaid_UPI,3,5,1,658,3,0,3,1
914,Beauty,2329,0,Prepaid_UPI,2317,51,5,220.3,5,0,3,0
915,Beauty,509,21.8,Prepaid_UPI,207,6,1,239.5,1,1,2,0
916,Beauty,2345,7.7,Prepaid_UPI,157,4,1,614.1,6,0,2,0
917,Apparel,1307,41.2,COD,17,2,0,515.1,8,0,4,0
918,Apparel,1909,39,Prepaid_Card,231,5,1,473.6,7,1,5,0
919,Apparel,910,7.7,COD,418,11,3,278.6,2,1,4,1
920,Home,5181,21.3,Prepaid_Card,1463,30,1,181,5,1,5,0
921,Apparel,1402,25.7,Prepaid_UPI,7,0,0,125,4,0,3,0
922,Footwear,4197,35.5,Prepaid_UPI,347,9,1,415.5,4,1,4,0
923,Home,1681,0,Prepaid_Card,228,1,0,583.9,8,1,2,0
924,Home,1875,0,Prepaid_Card,84,4,2,333.3,4,0,4,0
925,Apparel,2108,22.6,COD,128,2,0,111.4,6,1,3,1
926,Apparel,576,0,COD,552,10,0,266.1,1,0,5,0
927,Apparel,1542,24.4,COD,385,14,0,465.3,5,1,3,1
928,Footwear,742,30.9,Wallet,89,2,0,133.7,7,0,2,1
929,Home,893,40.5,COD,233,5,0,138.1,4,1,3,0
930,Footwear,2889,12.7,Wallet,64,3,0,319.1,6,0,3,0
931,Apparel,1392,24.4,COD,437,11,2,336.1,3,1,1,1
932,Electronics,26299,31.8,Prepaid_UPI,59,4,0,310.8,3,0,2,0
933,Electronics,21946,4.4,Prepaid_Card,372,6,0,498.4,4,0,3,0
934,Footwear,3469,35.7,Prepaid_UPI,202,6,1,236.9,3,1,5,0
935,Footwear,4469,26.1,Prepaid_Card,287,6,1,172,6,1,3,0
936,Apparel,896,12.9,Prepaid_UPI,596,11,2,397,7,1,4,1
937,Beauty,910,24.1,Wallet,440,10,1,737.3,6,0,2,0
938,Apparel,981,19.9,Prepaid_Card,233,2,0,179.4,1,1,3,0
939,Footwear,3553,33.7,COD,4,2,0,366,4,0,5,0
940,Apparel,1026,16.6,COD,412,9,3,534.6,6,0,3,1
941,Apparel,1618,25.4,Prepaid_UPI,633,13,1,291.9,4,0,4,0
942,Footwear,2284,12.7,Prepaid_Card,820,18,2,114.5,4,0,3,0
943,Apparel,1494,7.9,Prepaid_Card,297,6,1,296.5,7,1,5,0
944,Electronics,37511,24.6,Prepaid_Card,20,3,0,325.6,7,1,2,0
945,Electronics,23716,8.5,COD,188,2,0,207.2,6,1,3,0
946,Apparel,1255,34,Prepaid_UPI,72,1,0,203.4,1,1,3,0
947,Home,2356,30.9,Prepaid_UPI,62,1,0,94.7,2,1,2,0
948,Footwear,2564,10.5,Prepaid_UPI,640,12,4,153.9,5,0,2,0
949,Footwear,1550,25.2,Prepaid_UPI,6,0,0,167,1,1,3,0
950,Electronics,38148,10.5,Prepaid_UPI,106,1,0,138.2,8,1,,0
951,Electronics,18232,0,Prepaid_Card,49,0,0,229,5,1,2,0
952,Apparel,632,13,Wallet,535,13,0,431.4,3,0,1,0
953,Apparel,832,21.2,COD,1144,29,0,162.7,3,0,4,0
954,Apparel,1362,29.8,Prepaid_Card,131,3,1,558.7,7,0,1,1
955,Beauty,2303,24.2,Prepaid_UPI,174,4,2,315.2,2,1,3,0
956,Footwear,1702,35.6,Prepaid_Card,72,1,0,877.7,1,0,3,0
957,Footwear,1558,7.3,COD,541,11,2,368.6,2,1,1,1
958,Electronics,19007,16.3,Prepaid_Card,627,16,4,81.6,5,0,,0
959,Electronics,43588,46.7,COD,347,8,1,503.2,8,1,,0
960,Electronics,38221,0,Wallet,99,0,0,57.6,7,0,2,0
961,Electronics,7755,15.2,COD,75,4,1,63.4,4,0,5,0
962,Electronics,28082,5.9,COD,368,10,1,71,5,0,,0
963,Apparel,1825,19.1,Prepaid_Card,796,19,1,431.4,5,0,2,1
964,Apparel,1782,15.5,COD,2500,50,3,686.9,5,1,1,0
965,Beauty,1299,31,COD,640,14,4,688.3,1,0,1,0
966,Electronics,33254,25.8,Prepaid_Card,445,12,3,297.3,4,1,2,0
967,Beauty,1521,2.4,Prepaid_Card,152,4,1,201.5,6,1,2,0
968,Apparel,763,13.2,COD,249,6,0,234.1,9,1,,0
969,Home,732,22,Prepaid_Card,557,14,0,236.8,5,1,1,0
970,Apparel,1065,33.1,Prepaid_Card,1980,44,2,261.9,7,0,5,0
971,Apparel,511,58.5,Prepaid_UPI,324,10,2,148.9,6,0,3,1
972,Apparel,1111,32.5,COD,216,5,1,254.7,4,1,2,1
973,Apparel,1892,6.8,COD,272,6,0,180.2,2,1,1,1
974,Beauty,2134,20.6,Wallet,206,6,1,138.1,7,0,1,0
975,Electronics,2692,24.7,Prepaid_Card,208,4,0,569.8,9,0,1,1
976,Home,835,14.2,COD,114,0,0,334.9,4,1,4,1
977,Electronics,30540,29.1,Prepaid_UPI,198,4,1,332.1,7,1,1,0
978,Electronics,23100,0,COD,325,8,1,265.8,5,0,5,0
979,Electronics,7742,30.3,Prepaid_UPI,309,9,2,149.1,1,0,1,0
980,Apparel,1850,14.9,Prepaid_UPI,192,6,1,250.8,5,1,5,0
981,Beauty,659,20.4,Wallet,374,8,0,673.7,3,0,2,0
982,Footwear,813,44,Wallet,126,2,0,335.5,5,0,3,0
983,Footwear,3498,3.1,COD,56,0,0,228.1,5,1,4,0
984,Electronics,27836,26.1,Prepaid_UPI,111,3,0,308.6,3,1,1,0
985,Apparel,1110,33.9,COD,244,2,0,199.4,2,1,1,0
986,Beauty,1778,24.6,Prepaid_Card,318,7,2,193,3,1,4,0
987,Electronics,41118,0,Prepaid_Card,149,9,4,444.6,8,1,3,1
988,Apparel,462,42.3,COD,636,11,1,266.6,2,1,5,0
989,Electronics,28692,18.8,COD,276,6,2,344.3,6,1,3,1
990,Footwear,1373,14.1,COD,676,16,2,257.9,6,0,3,0
991,Home,3951,17.3,COD,664,16,1,387.2,3,0,,0
992,Footwear,2196,16.3,COD,734,14,5,191.4,3,0,2,0
993,Footwear,2060,4.1,Wallet,368,9,1,212.1,6,0,5,1
994,Apparel,743,24.5,Prepaid_Card,633,13,2,638.2,4,0,2,0
995,Beauty,2036,13,Prepaid_UPI,1701,35,1,70.7,3,1,5,0
996,Electronics,17823,32.1,Prepaid_UPI,492,13,1,381.2,6,0,3,0
997,Home,7131,29.8,Prepaid_UPI,28,2,0,281.8,8,1,4,1
998,Apparel,1038,46.4,COD,82,0,0,218.9,7,0,2,0
999,Beauty,2123,18.8,Prepaid_UPI,795,17,2,152.5,5,0,2,0
1000,Apparel,1380,10,Prepaid_UPI,95,1,0,488.6,1,1,3,1
1001,Apparel,1094,0,Prepaid_UPI,60,0,0,683.1,4,0,4,1
1002,Electronics,32037,54.9,Wallet,290,8,0,210.3,2,0,5,0
1003,Apparel,1816,31.9,Prepaid_Card,584,15,0,360.1,4,1,3,1
1004,Apparel,1269,11.6,Prepaid_Card,185,3,0,352.1,4,0,3,1
1005,Home,3576,47.4,Prepaid_UPI,246,5,1,367.5,4,1,1,0
1006,Electronics,26491,42.3,Prepaid_Card,134,3,0,109.1,7,1,2,0
1007,Beauty,1525,1.7,Prepaid_UPI,455,11,1,460.9,4,1,5,0
1008,Apparel,1166,10.7,COD,220,2,0,85.4,4,1,4,0
1009,Footwear,3531,20,COD,159,5,2,349.4,6,1,,1
1010,Electronics,18708,5.9,Prepaid_Card,29,0,0,519,2,1,2,0
1011,Home,3788,20.6,COD,475,12,5,184,4,0,,0
1012,Home,4961,32.7,Wallet,38,0,0,277.9,1,0,1,0
1013,Electronics,44424,1.4,COD,22,0,0,392.4,6,1,4,0
1014,Beauty,763,26.4,Prepaid_UPI,1081,24,7,216.5,5,1,1,0
1015,Electronics,11360,39.5,COD,175,4,1,142.9,9,0,,0
1016,Apparel,718,28,Wallet,79,2,0,365.8,1,1,5,0
1017,Home,5609,20.9,COD,725,14,2,124.1,7,0,,1
1018,Footwear,2296,12,COD,49,1,0,60.9,1,0,3,1
1019,Apparel,1099,34.5,COD,379,9,1,269.7,2,0,4,0
1020,Electronics,10139,4.3,Prepaid_Card,307,9,2,217.2,1,1,1,0
1021,Footwear,4065,25.6,Wallet,875,20,3,369,5,1,1,0
1022,Footwear,2273,22.4,Wallet,107,1,0,282.1,5,0,3,0
1023,Beauty,1578,38.9,COD,85,0,0,745.8,4,1,1,0
1024,Electronics,6129,13.3,Prepaid_Card,37,0,0,498.7,1,1,2,0
1025,Home,1131,14.5,COD,37,1,0,301.1,3,0,3,0
1026,Apparel,521,3.4,Prepaid_Card,152,5,0,465.1,5,0,2,1
1027,Beauty,1013,28.6,Prepaid_Card,578,11,2,542.1,2,1,2,0
1028,Electronics,21912,15.6,COD,843,19,3,542.1,4,0,5,0
1029,Footwear,1478,9.1,Prepaid_Card,18,0,0,132.7,7,0,4,0
1030,Electronics,16516,10.5,Prepaid_UPI,444,11,2,152.4,3,0,5,1
1031,Home,348,30.1,COD,187,6,1,597.3,2,0,2,0
1032,Home,3003,5.5,COD,18,0,0,275,4,1,4,1
1033,Electronics,6420,6.8,COD,257,8,0,285.5,8,1,5,0
1034,Beauty,452,35.4,COD,10,1,0,341.2,6,1,2,0
1035,Electronics,1397,19.5,COD,472,9,1,237.9,1,0,1,0
1036,Home,5662,36.3,Prepaid_Card,26,0,0,630.6,7,1,1,0
1037,Electronics,41990,16.6,COD,207,5,0,316.1,4,0,5,0
1038,Electronics,28424,22,Prepaid_UPI,268,5,1,438.3,4,0,1,0
1039,Electronics,5414,24.3,Prepaid_UPI,265,4,1,205.9,2,0,3,0
1040,Apparel,2181,42.8,Wallet,125,1,0,225.5,5,1,1,0
1041,Apparel,2156,41.6,Prepaid_UPI,602,11,4,149.1,1,1,2,1
1042,Home,3905,39.3,COD,1239,30,0,566.7,2,1,5,0
1043,Home,1131,12.6,COD,11,0,0,407.1,6,0,,0
1044,Home,5850,7.2,COD,23,5,1,248,5,1,,0
1045,Apparel,2131,33.4,Wallet,18,1,0,407.5,3,1,1,0
1046,Electronics,35307,42.7,Wallet,9,1,0,384.8,4,0,4,0
1047,Apparel,1524,39.4,COD,347,6,0,139.7,6,0,2,0
1048,Footwear,2943,22.2,COD,317,7,2,230.8,5,1,2,1
1049,Footwear,4412,32.9,Prepaid_Card,148,3,1,129.1,6,1,4,0
1050,Apparel,532,33.2,COD,409,8,0,141.6,2,1,4,1
1051,Home,1452,24.2,Wallet,927,20,4,121.2,3,1,3,0
1052,Apparel,1895,24.9,COD,126,4,1,157.4,9,1,5,0
1053,Apparel,661,23.5,COD,52,2,0,176.6,4,0,3,0
1054,Apparel,1090,10.2,Prepaid_Card,4,0,0,840,3,1,2,0
1055,Apparel,907,11.7,COD,830,19,2,215.9,5,1,2,0
1056,Home,2175,11.5,COD,454,11,1,421.5,5,1,,1
1057,Beauty,210,0,Prepaid_UPI,271,5,1,355.7,2,0,1,1
1058,Apparel,1419,24.1,COD,331,6,1,314.8,1,0,3,1
1059,Home,3390,21.4,Prepaid_Card,20,1,0,452,4,1,1,0
1060,Home,4547,33.4,COD,416,4,1,301.4,4,0,1,0
1061,Beauty,866,40.9,COD,216,5,0,149.3,1,1,,0
1062,Home,7549,41.9,COD,124,6,1,335.7,5,1,1,0
1063,Apparel,1464,43.3,COD,162,0,0,384.2,5,1,,0
1064,Home,7701,10.6,COD,85,4,0,127.1,7,1,5,0
1065,Electronics,16530,0.5,COD,1459,34,0,298.8,2,1,5,0
1066,Beauty,155,36,Prepaid_UPI,397,6,1,439.5,5,0,3,0
1067,Electronics,35419,42.7,Prepaid_UPI,269,7,1,44.9,6,1,3,0
1068,Home,6671,45.3,Wallet,21,2,0,260.6,8,1,3,1
1069,Apparel,506,29.3,Prepaid_Card,24,0,0,697,6,0,,0
1070,Electronics,28591,0,Prepaid_UPI,847,17,2,181.8,7,0,4,0
1071,Footwear,3144,27.5,Prepaid_UPI,602,13,0,219.9,5,0,2,0
1072,Home,1422,30.3,COD,60,3,0,344.3,4,1,2,0
1073,Electronics,25401,40.8,COD,119,2,0,190.4,7,1,4,0
1074,Beauty,722,43.4,Prepaid_Card,409,9,0,187.5,2,0,4,0
1075,Footwear,566,35.6,Prepaid_UPI,382,7,1,517.7,8,1,2,0
1076,Electronics,39171,13.2,Prepaid_Card,166,4,0,221.9,6,0,1,0
1077,Home,4086,6.6,COD,287,8,2,441.8,4,0,1,0
1078,Electronics,35438,30,Wallet,419,10,1,137.5,1,0,1,0
1079,Home,5866,10.1,COD,682,14,1,218.6,4,0,2,0
1080,Electronics,44724,44.1,Wallet,62,1,0,212.7,3,1,5,0
1081,Apparel,1188,0,Prepaid_UPI,155,2,0,222.5,1,0,3,0
1082,Beauty,1155,30.5,Prepaid_UPI,412,7,0,137.9,3,0,5,0
1083,Beauty,812,26.8,Prepaid_UPI,44,3,0,203.9,6,1,5,0
1084,Footwear,3001,18.9,COD,2500,59,3,258.8,4,0,1,0
1085,Beauty,1292,8.1,Prepaid_Card,1160,22,1,76.1,4,0,1,0
1086,Footwear,3415,0,Prepaid_UPI,340,9,0,184.6,1,0,3,0
1087,Footwear,1926,14,Prepaid_UPI,127,5,1,342.3,4,1,,0
1088,Footwear,1023,14.3,COD,388,6,1,166,8,1,4,1
1089,Electronics,38975,38.7,COD,1637,35,4,292.9,5,0,3,0
1090,Electronics,37468,10.3,COD,30,0,0,158.5,4,0,2,0
1091,Apparel,1032,28.8,Prepaid_Card,301,10,0,245.9,6,0,2,0
1092,Home,5616,2.6,Prepaid_Card,302,10,2,60.2,7,0,1,1
1093,Apparel,1286,29.2,Prepaid_UPI,84,0,0,336.8,8,1,4,0
1094,Apparel,1770,0,Prepaid_UPI,412,6,0,187.6,5,0,4,0
1095,Home,3304,53.4,Prepaid_UPI,77,3,0,413.6,1,0,3,0
1096,Electronics,24661,19.9,COD,358,9,3,230.5,7,0,4,0
1097,Apparel,504,0,Prepaid_Card,38,3,0,197.9,4,1,,0
1098,Footwear,1200,11.2,COD,988,20,6,171.5,3,1,4,1
1099,Footwear,3627,8.9,COD,973,23,0,186.6,2,1,,0
1100,Apparel,1087,12.2,COD,1375,29,9,182.2,6,1,1,0
1101,Apparel,463,16.5,COD,64,3,1,156.6,7,0,5,0
1102,Electronics,8542,12.1,COD,1002,22,3,165.2,3,0,3,0
1103,Footwear,2146,9.8,Prepaid_Card,555,16,2,671.3,6,0,1,0
1104,Footwear,3372,4.6,COD,49,2,1,234.5,7,1,2,0
1105,Apparel,1054,34.3,COD,119,2,0,77.1,5,0,5,0
1106,Footwear,3481,40,COD,437,10,3,77.4,5,0,,0
1107,Apparel,1945,18.2,Prepaid_Card,8,0,0,680.8,4,0,3,1
1108,Electronics,16142,21.7,Prepaid_Card,20,0,0,229.1,3,0,3,0
1109,Beauty,2031,5.1,COD,15,4,0,120.3,6,1,3,0
1110,Apparel,628,23.1,COD,1073,27,6,440.5,7,0,3,0
1111,Apparel,1148,25.4,Wallet,21,0,0,57.4,5,0,3,0
1112,Electronics,5473,18.7,Prepaid_Card,94,3,0,168,4,1,2,0
1113,Home,704,27.9,Prepaid_UPI,30,5,2,253.1,6,1,1,1
1114,Beauty,302,26.6,Prepaid_Card,839,21,5,277.2,3,1,3,0
1115,Beauty,396,6.2,Prepaid_UPI,419,9,2,126.6,7,0,3,1
1116,Apparel,1904,39.9,Prepaid_UPI,192,4,0,170.6,7,0,3,0
1117,Apparel,1379,18.9,COD,647,11,1,367,6,1,5,0
1118,Footwear,4290,47.1,Prepaid_UPI,336,9,2,521.2,4,1,1,1
1119,Apparel,1368,28.3,COD,544,15,0,388.6,4,0,4,0
1120,Footwear,3015,51.6,Prepaid_Card,249,8,3,303.4,1,0,1,0
1121,Home,1721,39.6,COD,397,10,2,197.1,3,1,2,0
1122,Apparel,1373,25.4,COD,469,11,5,326,6,1,4,0
1123,Footwear,2041,11.2,Wallet,108,0,0,360.2,3,0,3,0
1124,Apparel,2077,11.5,Prepaid_UPI,308,7,0,513.4,10,1,2,0
1125,Electronics,42106,30,COD,165,2,0,246.3,3,1,3,0
1126,Home,1828,24.1,Wallet,101,3,0,808.1,2,1,3,0
1127,Electronics,28362,13.2,COD,157,2,0,421.9,5,1,1,0
1128,Home,5214,34.5,Prepaid_Card,231,6,0,231.8,5,1,1,0
1129,Home,4632,22.6,Prepaid_UPI,1287,31,1,466.6,8,0,2,0
1130,Beauty,442,34.6,COD,762,18,2,202.2,4,0,2,1
1131,Beauty,1687,7.4,Prepaid_Card,330,8,1,169,3,1,3,1
1132,Electronics,36200,37,Prepaid_UPI,1299,31,1,78.8,3,0,1,0
1133,Apparel,1021,29.5,COD,59,5,2,663.6,7,0,2,1
1134,Footwear,2558,40,Prepaid_Card,9,0,0,198,8,0,2,0
1135,Beauty,423,36.7,COD,86,3,1,357.5,3,1,4,0
1136,Apparel,2075,20.7,Prepaid_UPI,444,13,0,425.2,4,0,4,0
1137,Electronics,5998,19.5,COD,706,17,1,202.7,8,0,4,1
1138,Electronics,10327,48.7,COD,415,5,1,214.7,6,0,4,0
1139,Apparel,937,17.6,Prepaid_UPI,1,0,0,77.4,3,1,3,0
1140,Home,6659,33.2,COD,1138,27,4,131.4,2,1,,0
1141,Electronics,31889,16.3,Prepaid_Card,133,2,0,95.2,3,0,4,1
1142,Footwear,528,0,Prepaid_UPI,787,20,1,757.1,6,0,,0
1143,Footwear,1234,3.6,Prepaid_UPI,127,7,1,223.9,1,1,3,1
1144,Footwear,3501,28.1,COD,1069,23,7,164.9,5,1,1,0
1145,Electronics,18888,32.5,Prepaid_UPI,62,0,0,192.3,4,1,2,0
1146,Electronics,2348,28.1,Prepaid_UPI,174,3,0,251.3,3,1,5,0
1147,Footwear,4356,39.2,COD,75,1,0,149.8,3,0,,1
1148,Footwear,1105,27.9,Prepaid_UPI,37,4,0,351.4,6,0,2,0
1149,Electronics,23558,10.4,Prepaid_UPI,80,0,0,425.5,6,0,1,1
1150,Footwear,1493,30.9,Prepaid_Card,205,6,0,226.7,7,1,,0
1151,Apparel,1727,24.5,Prepaid_Card,887,22,5,174.4,3,1,5,1
1152,Footwear,3607,13.4,Prepaid_UPI,1007,24,6,200.6,1,1,3,0
1153,Apparel,1115,29.1,Wallet,1091,25,2,134.7,5,1,1,0
1154,Apparel,1585,23.2,Prepaid_Card,15,0,0,216.3,4,0,5,0
1155,Electronics,41017,12.9,Prepaid_UPI,60,5,2,371.9,3,1,1,0
1156,Apparel,1867,19.3,Prepaid_UPI,1021,22,4,584.1,1,1,2,0
1157,Apparel,1147,43.2,Prepaid_UPI,755,19,4,303,6,1,3,0
1158,Apparel,1195,42.7,Wallet,543,12,1,367.1,1,1,5,0
1159,Electronics,40045,24.8,COD,1248,24,1,229.3,6,1,,0
1160,Footwear,637,22.9,COD,796,17,2,450.5,6,0,5,0
1161,Apparel,441,0.5,Prepaid_Card,555,12,2,154.9,6,0,2,0
1162,Home,1885,47.8,Prepaid_Card,565,12,2,109.8,4,0,1,0
1163,Footwear,3810,37.5,Prepaid_Card,63,0,0,222.6,1,0,5,0
1164,Apparel,676,33.3,Prepaid_UPI,5,1,0,323.3,1,0,5,0
1165,Apparel,914,0,Wallet,781,19,1,105,3,0,1,0
1166,Footwear,3016,22.6,COD,58,1,0,641.8,9,0,2,1
1167,Footwear,1237,20.1,Prepaid_UPI,282,6,0,137.1,7,1,2,0
1168,Electronics,14476,32.2,COD,79,0,0,189,4,1,1,1
1169,Footwear,2368,15.2,Prepaid_Card,342,8,1,323.8,3,1,5,0
1170,Apparel,811,18.5,COD,64,4,0,297.3,5,1,2,1
1171,Electronics,44668,31.3,Prepaid_Card,1341,33,10,458.7,6,1,5,1
1172,Footwear,1154,10.4,Prepaid_Card,388,7,1,377.9,5,1,1,0
1173,Apparel,1930,13.4,Prepaid_UPI,330,11,1,139.8,1,0,2,0
1174,Footwear,2380,24.9,Prepaid_Card,29,0,0,193.4,8,0,,0
1175,Electronics,6856,42.1,COD,669,13,2,340.6,5,0,1,0
1176,Footwear,974,34.1,COD,126,0,0,228.4,3,0,3,0
1177,Electronics,23113,38.1,COD,163,1,0,137.7,5,0,,1
1178,Electronics,16684,22.9,Wallet,1133,26,6,60.2,7,1,2,1
1179,Apparel,822,44.4,Wallet,37,0,0,519.1,5,1,2,0
1180,Apparel,2126,0,COD,981,21,3,187.5,5,0,2,0
1181,Footwear,2354,52.3,COD,659,13,4,338.4,8,0,2,1
1182,Apparel,2072,54.3,Prepaid_Card,685,13,2,144.4,3,1,1,0
1183,Apparel,695,28.8,Prepaid_UPI,900,18,6,304.6,2,0,3,0
1184,Apparel,730,34.5,COD,334,9,3,69.6,3,0,,1
1185,Apparel,1473,21.4,COD,516,15,3,142.9,6,0,,0
1186,Footwear,1580,18.9,COD,1184,30,0,205.6,7,1,,0
1187,Electronics,9300,12.8,COD,13,2,0,155,5,0,3,1
1188,Beauty,373,21.3,COD,1140,24,5,170,3,0,3,0
1189,Apparel,537,30.3,COD,246,4,0,386.2,8,1,4,0
1190,Home,6099,28.3,Prepaid_Card,73,3,0,186.4,2,0,3,0
1191,Electronics,13559,51.8,Prepaid_Card,218,4,0,126.1,3,1,3,0
1192,Electronics,44055,23.5,COD,77,3,1,188.6,3,0,4,0
1193,Footwear,1232,0,Prepaid_Card,14,4,1,58.5,7,0,1,0
1194,Beauty,983,46.7,Prepaid_Card,129,3,0,210.9,4,0,4,0
1195,Footwear,2000,3.7,Prepaid_UPI,120,7,0,200.6,8,1,1,0
1196,Apparel,1300,13.6,Wallet,40,0,0,210.2,6,0,5,0
1197,Apparel,1967,26.1,COD,147,4,1,97.6,2,1,4,0
1198,Home,6728,28.3,Prepaid_UPI,1011,23,1,279,4,1,4,0
1199,Apparel,418,0.3,Prepaid_UPI,426,7,2,220.7,3,0,5,0
1200,Footwear,2137,10.8,Prepaid_UPI,946,23,2,510.2,8,1,2,0
1201,Home,6675,0,COD,206,8,1,404,6,0,1,0
1202,Home,302,31.3,COD,108,7,2,145.6,1,1,5,0
1203,Footwear,2635,39.8,COD,1499,34,6,142.2,6,0,5,1
1204,Home,2298,3.7,Wallet,260,2,0,411.5,4,1,3,0
1205,Apparel,1143,36.9,Prepaid_Card,246,6,1,129.3,2,1,3,0
1206,Apparel,1157,36,COD,161,5,0,135.7,3,1,,1
1207,Home,3317,12.1,Prepaid_Card,654,14,0,291.8,4,1,2,0
1208,Electronics,40267,0,COD,15,1,0,169.2,1,0,,0
1209,Apparel,1366,5.9,COD,64,0,0,293.3,5,0,1,1
1210,Electronics,40784,13.1,Prepaid_Card,81,2,0,73.8,5,1,1,0
1211,Footwear,3407,45.1,Prepaid_Card,133,5,1,187.7,4,0,2,0
1212,Footwear,1904,20.2,Prepaid_UPI,808,21,3,434.9,5,0,2,0
1213,Home,4100,6.9,Prepaid_Card,310,4,2,139.8,4,0,,0
1214,Electronics,18276,24.2,Prepaid_Card,671,14,2,173.7,2,1,1,0
1215,Apparel,1891,2.6,Prepaid_UPI,834,15,3,207.8,3,0,2,0
1216,Electronics,9417,29.7,COD,108,6,2,179.2,3,1,1,1
1217,Apparel,2086,7.3,Prepaid_UPI,196,6,2,73.8,6,1,4,0
1218,Home,4769,9.5,Prepaid_UPI,433,6,0,415.5,2,1,2,0
1219,Home,5011,27.6,COD,444,10,2,217.7,3,1,1,1
1220,Apparel,1330,48.3,COD,10,0,0,306.2,5,0,4,0
1221,Apparel,1398,55,COD,165,2,0,451,1,0,,1
1222,Apparel,1602,6.4,COD,105,4,1,172.7,3,0,3,1
1223,Footwear,3120,13.1,Prepaid_Card,43,3,0,281.9,5,1,4,0
1224,Home,1949,29.7,COD,342,8,1,26.2,5,1,3,1
1225,Apparel,1448,39.5,Prepaid_Card,96,1,0,43.3,5,1,1,0
1226,Footwear,1919,0,COD,359,7,1,235.2,3,1,3,0
1227,Electronics,29102,23.3,COD,300,7,0,88.2,2,0,,0
1228,Electronics,25195,14.7,COD,156,3,0,310.2,3,1,1,0
1229,Beauty,572,0,COD,126,3,0,344.2,5,0,4,1
1230,Apparel,1723,1.9,Wallet,38,2,0,153,4,0,4,0
1231,Apparel,1223,13.5,COD,17,0,0,330.5,2,1,4,0
1232,Home,4546,22.9,COD,199,3,0,197,9,0,3,0
1233,Apparel,1611,37.1,COD,169,4,0,493.1,3,1,4,0
1234,Home,5327,27.3,COD,197,8,1,103.2,2,0,1,1
1235,Apparel,1748,36.2,Prepaid_Card,279,8,1,216.8,3,1,1,0
1236,Apparel,772,22.4,Prepaid_UPI,279,6,0,271.6,6,0,3,0
1237,Apparel,599,11.4,COD,672,16,3,373.5,6,0,4,0
1238,Electronics,30510,19.2,Prepaid_Card,718,16,1,356.7,8,0,1,0
1239,Apparel,825,32.4,Prepaid_Card,400,11,3,182.4,2,1,4,0
1240,Apparel,606,37.5,Prepaid_UPI,53,2,1,201.6,4,0,4,1
1241,Footwear,1025,19.8,Prepaid_Card,214,7,1,136.8,7,0,5,0
1242,Electronics,14901,8.1,COD,132,0,0,462.7,2,1,2,0
1243,Electronics,44640,27,Prepaid_UPI,91,0,0,574.6,7,0,4,0
1244,Apparel,683,29.2,Prepaid_UPI,751,17,3,65,5,0,,0
1245,Electronics,14276,40.5,Prepaid_Card,135,4,0,407.3,3,0,4,0
1246,Apparel,2057,11.8,Wallet,35,6,0,344.6,1,0,1,1
1247,Home,7717,12,Prepaid_UPI,29,0,0,38.3,6,0,,0
1248,Apparel,812,33.3,COD,253,6,1,388.5,8,0,3,0
1249,Footwear,4022,15.9,Prepaid_UPI,1732,38,12,507.1,5,0,5,1
1250,Beauty,476,15.3,Prepaid_Card,27,1,0,367,5,1,4,0
1251,Apparel,1771,40.8,Prepaid_Card,641,18,1,130.3,5,1,,0
1252,Apparel,423,1.4,Prepaid_Card,598,15,3,631.1,7,0,2,0
1253,Apparel,1132,52.8,Prepaid_UPI,120,0,0,421.4,7,0,5,0
1254,Home,2204,12.8,Prepaid_Card,136,6,0,135.6,1,1,2,0
1255,Apparel,1667,35,Prepaid_Card,819,21,3,316,4,0,5,0
1256,Footwear,564,20.4,COD,355,8,1,304.9,3,0,3,1
1257,Footwear,2360,26.1,Prepaid_Card,1919,39,4,100.8,5,1,1,0
1258,Footwear,3287,18.1,Wallet,556,12,3,254.8,4,0,,0
1259,Electronics,3246,34.8,Prepaid_UPI,1164,27,8,295.6,5,1,1,0
1260,Beauty,2259,16.8,COD,398,11,3,176.8,5,1,,0
1261,Apparel,1050,13.4,Prepaid_UPI,334,4,0,539.3,1,0,4,1
1262,Electronics,8439,49.2,Prepaid_UPI,499,10,1,208.8,1,0,5,0
1263,Electronics,11075,22.4,Prepaid_Card,219,7,0,331.2,6,0,5,0
1264,Beauty,946,11.9,COD,442,13,0,247.3,3,1,,0
1265,Home,1827,0,Prepaid_Card,61,2,0,152.2,8,0,1,0
1266,Footwear,2542,50,COD,498,13,1,283.1,6,0,3,1
1267,Apparel,1539,13.7,COD,177,5,1,230.4,1,1,,0
1268,Beauty,1169,52.9,Prepaid_Card,130,5,0,625,3,1,3,0
1269,Electronics,19904,28,Wallet,109,3,0,410.2,5,0,,0
1270,Electronics,35438,24.1,COD,304,8,3,82,4,0,3,1
1271,Beauty,857,24.5,Prepaid_UPI,1167,23,2,148.3,4,1,2,0
1272,Electronics,28477,55.2,Wallet,126,4,0,134.1,2,0,5,0
1273,Electronics,40310,0,COD,257,3,0,37.7,5,0,1,0
1274,Home,2006,25.2,COD,447,11,1,349.2,5,1,4,1
1275,Apparel,1516,18,Prepaid_UPI,164,3,1,310.8,6,0,1,0
1276,Electronics,42721,18.8,Prepaid_UPI,7,1,0,116.4,4,1,3,0
1277,Apparel,1354,24.2,COD,134,1,0,119.5,3,1,5,1
1278,Apparel,2158,18,Prepaid_Card,296,6,1,55.3,5,0,4,0
1279,Footwear,1740,24.8,Prepaid_Card,196,5,1,141,5,1,5,0
1280,Home,4645,21.6,Prepaid_UPI,35,2,0,302.3,5,1,5,0
1281,Electronics,14823,2.3,Prepaid_UPI,318,9,2,666.7,7,0,3,0
1282,Electronics,1363,27.7,COD,906,18,6,84.3,2,0,,0
1283,Electronics,44882,32.7,COD,604,10,0,286.4,6,1,4,0
1284,Home,2148,13.9,COD,57,0,0,720.9,2,1,5,0
1285,Beauty,2437,50,Wallet,20,0,0,218.3,6,0,4,1
1286,Beauty,1685,42,Wallet,32,4,1,215,1,1,2,0
1287,Electronics,40792,34.7,Prepaid_UPI,1178,29,0,243.7,4,0,1,1
1288,Electronics,43563,34.5,COD,5,0,0,226,7,0,2,0
1289,Electronics,26071,22.5,Prepaid_Card,24,4,0,359.5,4,0,4,0
1290,Home,7998,39.1,COD,178,7,0,849.9,4,1,2,1
1291,Electronics,34809,45.6,COD,128,0,0,151.8,5,0,2,0
1292,Home,4333,34.1,COD,39,0,0,95.9,1,1,,0
1293,Home,5343,13.4,Prepaid_UPI,514,8,3,122,5,1,2,0
1294,Electronics,9709,21.4,COD,385,8,1,375.7,2,1,3,0
1295,Electronics,1683,30.6,Prepaid_Card,334,7,2,269.5,7,0,4,0
1296,Electronics,12447,34.6,Wallet,63,1,0,412.9,4,0,1,0
1297,Apparel,1183,20.8,Prepaid_UPI,107,0,0,65.3,5,0,5,0
1298,Apparel,810,13.5,COD,85,0,0,209.8,2,1,,0
1299,Footwear,2556,45.8,Wallet,25,1,0,352.4,6,0,4,0
1300,Electronics,30018,5.9,Prepaid_Card,191,5,1,63.8,4,0,,0
1301,Apparel,1580,7.9,Prepaid_Card,178,0,0,284.8,1,0,3,0
1302,Home,7182,2.1,Prepaid_Card,5,0,0,214.6,3,0,1,0
1303,Footwear,4365,7.8,Prepaid_UPI,795,20,2,575.9,6,0,1,0
1304,Apparel,2003,40.7,Prepaid_Card,963,19,2,89.8,5,0,4,0
1305,Footwear,2981,41.2,Prepaid_Card,24,1,0,433.1,6,0,1,1
1306,Beauty,634,20.9,Prepaid_Card,1175,23,1,180.5,4,0,2,0
1307,Home,7565,29.4,COD,2050,47,0,62,7,1,,1
1308,Home,1646,21.8,Prepaid_UPI,492,7,1,157.8,7,1,5,1
1309,Apparel,673,4.1,COD,68,1,0,403,1,0,5,0
1310,Beauty,896,55.3,COD,960,23,3,382.8,6,0,2,0
1311,Electronics,26324,42.6,COD,1,1,0,329.9,8,1,3,0
1312,Beauty,1751,27.3,COD,311,6,1,122.2,5,0,,0
1313,Home,402,9.2,COD,843,17,2,584.6,4,0,1,0
1314,Apparel,1800,18.6,Prepaid_Card,511,11,2,242.3,1,0,5,0
1315,Apparel,715,11.6,COD,23,0,0,209.4,4,0,4,0
1316,Home,2583,23.5,COD,1180,26,1,241,3,1,1,0
1317,Home,2780,26.6,Prepaid_UPI,695,15,2,97.9,6,1,1,0
1318,Apparel,998,16.9,Wallet,156,3,0,65.3,7,1,4,0
1319,Footwear,3541,0.2,Prepaid_Card,162,6,1,217.7,4,0,2,0
1320,Footwear,664,54,COD,83,0,0,51.9,2,0,3,1
1321,Electronics,9807,25.6,COD,445,6,1,392.7,1,1,3,0
1322,Electronics,2178,28.8,COD,226,4,0,523.1,6,0,,0
1323,Apparel,1801,15.7,COD,137,3,0,819.6,5,1,5,0
1324,Footwear,4435,0,Wallet,325,7,2,148.1,1,0,5,0
1325,Electronics,30088,20.8,Prepaid_UPI,106,2,0,383.3,6,1,2,0
1326,Footwear,2861,17.2,COD,282,4,1,33.1,6,0,,0
1327,Electronics,40973,32.6,Wallet,156,2,0,371.3,1,1,2,0
1328,Home,2263,35.6,Prepaid_Card,29,0,0,221.6,2,0,4,0
1329,Apparel,520,33.5,COD,56,0,0,318.3,10,0,2,1
1330,Apparel,1318,36.8,Prepaid_Card,11,2,0,479.5,5,1,4,0
1331,Footwear,1541,49.1,COD,43,1,0,190,9,0,,0
1332,Electronics,20957,27.8,Prepaid_UPI,62,0,0,336.9,5,1,3,0
1333,Electronics,21186,38.5,COD,719,18,6,313,7,0,1,1
1334,Beauty,899,29.4,Prepaid_Card,12,1,0,276.6,4,0,1,0
1335,Beauty,1293,0,COD,94,0,0,135.8,3,1,5,0
1336,Footwear,2021,19.7,Wallet,428,3,0,116.8,1,0,1,0
1337,Apparel,604,9,Prepaid_Card,455,7,0,191.4,6,1,3,0
1338,Home,6974,25.5,Prepaid_Card,704,17,2,395.6,3,1,3,0
1339,Footwear,3305,10.1,COD,466,12,2,277.7,2,0,4,1
1340,Electronics,3009,31.1,Wallet,228,2,0,332.7,1,0,4,0
1341,Apparel,608,36.7,Prepaid_Card,1,1,0,317.9,5,0,3,0
1342,Footwear,886,40.1,COD,5,1,0,785.1,6,1,3,0
1343,Electronics,3904,46.3,Prepaid_UPI,36,4,0,372.5,4,1,4,0
1344,Home,755,0,COD,1352,32,6,135.5,4,1,1,1
1345,Beauty,519,4,COD,178,7,2,218.6,8,0,2,1
1346,Home,6829,65.9,Prepaid_Card,952,22,2,416.5,1,0,,1
1347,Electronics,37477,37.1,COD,593,14,0,57.6,8,0,2,0
1348,Electronics,35502,25.4,Prepaid_Card,921,20,5,235.9,2,0,2,0
1349,Electronics,28124,22.5,COD,227,7,3,184.7,4,0,1,1
1350,Apparel,1702,21.1,COD,316,4,1,123.4,5,0,1,1
1351,Footwear,3454,0,COD,228,5,0,118.4,7,0,,0
1352,Footwear,4057,10.4,COD,17,1,0,363.5,1,1,1,0
1353,Apparel,1718,20.3,Wallet,202,7,1,394.6,5,1,,0
1354,Apparel,1726,11.3,Prepaid_Card,768,16,1,188.2,3,0,4,0
1355,Footwear,3716,13.2,Prepaid_Card,1235,29,7,198.6,7,1,3,1
1356,Apparel,1401,60.4,COD,327,7,1,224.4,3,0,,0
1357,Electronics,10531,18.2,Prepaid_UPI,414,11,1,32.8,1,1,5,0
1358,Electronics,4903,26.2,COD,435,8,2,635.5,5,0,4,0
1359,Home,3527,25.6,COD,136,4,0,350.7,4,1,5,0
1360,Apparel,565,30.8,Prepaid_Card,352,8,2,415.9,8,0,2,0
1361,Home,1604,14.8,Prepaid_Card,42,0,0,190.1,7,1,,0
1362,Electronics,2244,40.7,Prepaid_UPI,35,0,0,347.9,3,1,1,0
1363,Home,2612,28.7,Prepaid_UPI,1162,28,1,100.7,7,1,3,0
1364,Apparel,2146,2.7,Prepaid_UPI,667,13,2,337.3,5,0,1,0
1365,Electronics,17797,20.4,COD,121,0,0,245.2,6,1,2,0
1366,Electronics,11751,19.4,COD,34,2,1,103.1,3,0,1,0
1367,Apparel,1126,18.7,COD,55,0,0,566.2,4,1,2,0
1368,Apparel,942,29.6,Prepaid_UPI,368,11,4,357.6,6,1,5,0
1369,Apparel,1613,31.5,Wallet,311,10,2,829.3,6,1,4,0
1370,Electronics,28990,29.7,Wallet,916,22,0,134.3,1,0,5,1
1371,Apparel,449,27.1,COD,31,1,0,213.3,6,0,5,1
1372,Beauty,1352,23.3,Prepaid_UPI,71,5,0,361.6,3,0,1,1
1373,Electronics,2786,0,Prepaid_Card,778,20,1,49.5,5,1,1,0
1374,Footwear,3209,33.7,Prepaid_UPI,324,6,1,282.5,1,0,5,1
1375,Beauty,2349,29.3,Prepaid_Card,9,3,0,364.9,6,1,5,0
1376,Apparel,2033,7.2,COD,109,1,0,120.6,6,1,,1
1377,Home,1884,26.2,COD,213,4,0,250,3,1,2,0
1378,Footwear,3471,31.7,Wallet,38,0,0,152.6,5,1,4,0
1379,Home,6407,39.6,Prepaid_Card,82,2,0,301.6,4,1,3,0
1380,Electronics,39059,29.7,COD,1010,22,1,343.3,6,1,,0
1381,Electronics,12570,26.8,COD,204,4,0,242.8,1,0,2,0
1382,Apparel,1212,36.2,COD,372,8,1,390.7,2,1,4,0
1383,Electronics,10902,17.4,Wallet,367,7,2,100.5,3,1,5,0
1384,Beauty,207,28.2,COD,119,3,0,398.7,4,1,5,0
1385,Beauty,1699,12.7,COD,505,14,2,634.5,8,1,4,0
1386,Apparel,1177,38.7,Prepaid_UPI,517,9,1,111.9,5,0,5,1
1387,Home,2210,0,Prepaid_Card,209,6,2,107.8,7,1,1,0
1388,Apparel,1925,34.3,COD,573,13,1,526.1,3,1,5,0
1389,Beauty,1315,22.3,COD,47,2,1,276.8,3,0,2,0
1390,Apparel,2190,36.5,COD,85,2,0,370.8,3,1,2,0
1391,Beauty,2014,10.3,COD,72,0,0,156.9,4,0,5,0
1392,Footwear,3977,23.3,COD,354,9,2,182,6,1,4,0
1393,Apparel,1792,22.9,COD,104,3,1,465.6,4,1,1,1
1394,Apparel,591,28.5,Prepaid_UPI,62,0,0,199.9,4,1,2,1
1395,Footwear,760,6.3,Prepaid_UPI,137,0,0,169.1,6,1,4,0
1396,Apparel,2047,31.5,Prepaid_UPI,386,9,1,63.8,3,1,1,1
1397,Electronics,7253,0,COD,20,2,1,180.3,3,0,1,1
1398,Beauty,1069,12,COD,34,3,0,108.8,4,1,2,0
1399,Home,4996,0,Wallet,275,9,2,124.8,9,1,2,0
1400,Electronics,10481,34.4,Prepaid_UPI,35,2,0,146.3,6,1,2,0
1401,Electronics,11067,28,Prepaid_Card,296,6,1,412.6,9,1,4,0
1402,Apparel,1239,28.8,COD,663,15,0,60.6,2,0,3,0
1403,Beauty,998,44.1,COD,269,3,1,258.4,5,1,,1
1404,Apparel,1618,17.3,Prepaid_Card,990,21,8,186.9,4,1,4,1
1405,Apparel,535,31.1,Prepaid_Card,61,1,0,290,4,1,5,0
1406,Apparel,1280,23,COD,75,1,0,316.9,1,0,2,0
1407,Beauty,560,20.7,Wallet,117,3,0,145,7,0,3,0
1408,Apparel,1492,41.6,Prepaid_Card,410,6,1,423.5,1,1,,0
1409,Footwear,965,53.2,Prepaid_Card,334,5,1,651.9,6,1,2,0
1410,Home,1822,15.5,COD,307,8,3,103.5,4,0,1,1
1411,Footwear,3716,34.5,Prepaid_UPI,151,2,0,353.2,2,0,4,0
1412,Beauty,703,26.8,Prepaid_UPI,100,1,0,223.3,2,1,5,0
1413,Footwear,3448,27,COD,10,0,0,246,5,0,4,0
1414,Beauty,792,25.7,Prepaid_Card,170,2,0,430.5,4,0,4,0
1415,Apparel,823,17,Prepaid_Card,248,8,2,351.5,5,0,1,0
1416,Footwear,1697,0,Prepaid_UPI,97,0,0,197.9,1,1,2,0
1417,Home,7083,45,COD,432,10,2,461.6,1,0,,0
1418,Home,3358,11.6,Prepaid_UPI,190,3,1,227.4,1,1,4,0
1419,Footwear,1475,18.4,Prepaid_Card,53,1,0,146.2,6,0,2,0
1420,Beauty,1411,18.7,COD,342,7,0,268.3,8,1,3,1
1421,Home,3269,10.2,COD,42,1,0,496.1,4,1,1,1
1422,Electronics,35811,25.6,COD,319,10,2,82,6,1,1,1
1423,Electronics,44582,21.3,COD,280,5,1,335.3,5,1,2,1
1424,Electronics,24264,11.3,Prepaid_Card,547,11,1,52.8,7,1,5,0
1425,Electronics,20987,24.2,Prepaid_UPI,450,9,1,370.2,7,1,1,0
1426,Electronics,16225,21.5,COD,1728,41,1,304.2,2,1,,0
1427,Apparel,2152,35.9,Wallet,1621,36,4,555.9,5,1,3,0
1428,Apparel,1270,1.9,COD,71,4,0,93.2,6,0,5,1
1429,Footwear,1212,9.9,Prepaid_Card,609,13,3,283.1,6,0,1,1
1430,Electronics,43652,32.9,Wallet,48,3,0,142.4,6,1,4,1
1431,Beauty,2408,12.4,Prepaid_UPI,194,5,1,191.6,4,1,4,0
1432,Home,3655,8.4,Prepaid_Card,220,6,1,611.1,6,1,4,0
1433,Apparel,1027,13.1,Prepaid_UPI,6,0,0,292.9,1,0,,0
1434,Apparel,1625,20.5,COD,535,9,2,334.1,1,0,,0
1435,Apparel,1892,20.5,COD,60,3,0,186.7,8,0,1,0
1436,Beauty,1322,18.9,Prepaid_Card,45,3,0,238.8,7,1,5,0
1437,Apparel,995,6.6,COD,447,15,3,436.8,8,0,5,0
1438,Electronics,14401,33.6,COD,428,7,0,554.7,4,1,,0
1439,Beauty,918,41.9,COD,264,7,2,241.2,2,1,,0
1440,Beauty,427,0,Wallet,709,14,0,493.5,4,1,,0
1441,Apparel,1802,0,Prepaid_UPI,121,1,0,236.7,9,1,5,0
1442,Apparel,589,37,Prepaid_UPI,97,1,0,149.7,3,0,2,0
1443,Apparel,1117,45.5,Prepaid_UPI,125,4,1,274.2,4,0,1,1
1444,Apparel,1903,0,COD,686,14,3,139.1,7,0,,1
1445,Apparel,1127,34.2,COD,106,2,0,286.8,5,0,5,0
1446,Home,2570,46.6,Prepaid_Card,439,11,2,103.4,4,1,2,0
1447,Beauty,2378,9.1,Prepaid_Card,774,19,1,359.2,6,1,,0
1448,Electronics,6743,45.7,COD,18,2,0,108.6,3,0,4,0
1449,Home,7113,19.3,Prepaid_Card,198,5,0,150.3,6,0,1,1
1450,Apparel,512,26.7,Prepaid_Card,524,11,1,167.3,1,1,5,0
1451,Footwear,2154,11.2,COD,116,1,0,117,1,0,,0
1452,Home,5164,37,COD,67,3,0,234.2,4,1,,0
1453,Footwear,1980,34.5,COD,621,12,2,29.5,7,0,5,0
1454,Beauty,1406,47.9,Prepaid_Card,803,18,2,216.2,4,0,2,0
1455,Electronics,10135,43.6,Wallet,64,0,0,15.7,4,0,1,0
1456,Apparel,1424,21.9,Prepaid_Card,168,4,0,293.1,5,0,4,0
1457,Apparel,642,68.6,Prepaid_UPI,1244,26,6,101.3,4,1,3,0
1458,Electronics,36069,42.3,Prepaid_UPI,394,8,1,307.8,1,1,3,0
1459,Beauty,1522,30.1,COD,445,9,3,483,6,1,1,0
1460,Electronics,22309,7,Prepaid_Card,1260,26,1,169.1,5,1,2,0
1461,Footwear,719,0,Prepaid_Card,374,8,1,250.6,5,0,4,0
1462,Home,4148,0.3,Prepaid_Card,137,0,0,89.2,2,0,5,0
1463,Apparel,1414,8,COD,3,0,0,309.4,8,1,1,0
1464,Electronics,12836,42.7,Wallet,300,8,4,350.7,4,1,,0
1465,Home,5517,29.3,Wallet,497,11,3,80.2,8,1,1,0
1466,Home,891,12.8,COD,121,1,0,355.7,1,0,5,0
1467,Electronics,10341,20,COD,179,6,0,715.7,4,1,3,0
1468,Apparel,1728,18.1,COD,4,0,0,196.7,8,0,,1
1469,Footwear,1089,34,Prepaid_UPI,432,8,1,174.1,4,0,4,0
1470,Apparel,842,8.8,Prepaid_Card,1574,33,1,426,1,0,4,0
1471,Beauty,1680,27.2,COD,18,4,1,164.5,2,1,1,0
1472,Apparel,1712,26.5,Prepaid_UPI,535,12,2,93.6,5,0,2,0
1473,Apparel,493,9.3,COD,47,1,0,220.8,8,0,2,0
1474,Electronics,6745,45.8,Prepaid_Card,473,11,1,378.5,4,0,,0
1475,Electronics,20740,17.6,COD,207,1,0,227.6,7,1,,0
1476,Electronics,27164,7.1,Prepaid_Card,1407,30,4,197.5,5,0,4,0
1477,Electronics,21076,34.8,Prepaid_Card,473,11,1,321.6,4,0,3,0
1478,Beauty,1671,22.8,COD,1344,30,7,132.8,6,1,2,1
1479,Electronics,34312,28.1,Prepaid_Card,474,15,2,258,7,1,1,0
1480,Electronics,42790,4.2,Wallet,607,12,3,54.6,4,1,2,0
1481,Electronics,16525,34.2,Prepaid_Card,15,2,0,310.7,3,1,3,0
1482,Apparel,694,54.6,Wallet,853,21,3,443.3,1,0,4,0
1483,Home,2333,3.1,Prepaid_Card,1527,34,3,540.3,5,0,5,1
1484,Apparel,667,27.3,Prepaid_UPI,983,22,1,398,3,0,1,0
1485,Home,3336,10.2,COD,115,2,0,347.2,6,1,5,0
1486,Apparel,1971,62.3,Prepaid_UPI,575,9,1,225.8,5,0,2,0
1487,Beauty,966,40.6,COD,1328,30,5,359.4,5,1,,1
1488,Electronics,7718,26.2,COD,555,13,3,244.2,4,0,,0
1489,Footwear,2591,3.6,COD,383,10,1,101.7,2,0,5,0
1490,Electronics,44647,7.2,COD,561,13,2,455.9,6,1,3,0
1491,Apparel,739,33.2,Wallet,62,3,1,54.6,6,1,4,1
1492,Footwear,3611,1.6,Wallet,266,4,0,177.3,10,1,2,0
1493,Home,6640,2,Prepaid_UPI,642,17,4,144.4,3,1,5,0
1494,Footwear,2105,22.1,COD,336,5,0,247.9,2,1,4,0
1495,Electronics,28336,24,Prepaid_UPI,271,6,0,389.3,2,0,2,0
1496,Home,3629,27.7,Prepaid_UPI,360,9,1,339.3,4,0,4,0
1497,Footwear,1549,15.4,COD,231,4,1,70.3,6,1,1,0
1498,Home,3581,35.8,Prepaid_Card,897,21,2,103.3,6,0,2,0
1499,Electronics,5374,9.1,Prepaid_UPI,7,0,0,348.8,8,0,1,0
1500,Home,5744,31.4,COD,267,6,0,764.6,5,1,3,0
1501,Home,6685,25.2,Prepaid_Card,70,1,0,163.9,2,1,4,0
1502,Beauty,872,31,Prepaid_UPI,173,3,0,96.1,5,1,3,0
1503,Electronics,26012,39.7,COD,65,6,1,187.7,1,0,4,0
1504,Electronics,11368,15.2,Prepaid_Card,544,10,3,86.9,4,1,2,0
1505,Footwear,1010,12.1,Prepaid_Card,228,0,0,213.7,4,1,4,0
1506,Electronics,30266,0,Prepaid_UPI,904,18,1,250.9,6,0,4,0
1507,Footwear,1036,0,Wallet,1020,23,6,440.2,5,0,5,0
1508,Electronics,35451,19.4,Prepaid_UPI,684,14,1,323,3,0,2,0
1509,Apparel,889,20.4,Prepaid_Card,661,17,1,380.6,3,0,2,0
1510,Footwear,3774,5.7,Prepaid_Card,365,10,3,212.5,5,0,3,0
1511,Apparel,1063,8.9,Prepaid_Card,270,5,1,618.5,6,0,1,1
1512,Apparel,1064,44.9,Prepaid_Card,595,10,1,87.2,6,0,5,1
1513,Home,6079,35.1,COD,123,0,0,218.1,3,0,3,0
1514,Footwear,2541,3.1,Prepaid_UPI,429,9,3,213,4,1,4,0
1515,Footwear,1304,15.4,Prepaid_UPI,20,0,0,149.5,2,1,2,0
1516,Apparel,1931,28.1,Prepaid_Card,379,8,1,486.5,2,1,2,1
1517,Apparel,1012,12.6,Prepaid_UPI,116,5,1,29.7,1,1,3,1
1518,Beauty,392,9.9,Prepaid_UPI,491,12,1,115.7,3,1,3,0
1519,Apparel,1149,16.9,COD,472,11,1,250.5,7,1,,0
1520,Apparel,1433,38.4,COD,353,6,1,194.4,8,0,5,1
1521,Apparel,1498,39.7,COD,259,6,1,222.3,6,0,4,0
1522,Electronics,37800,11,COD,94,2,0,123.7,7,0,4,0
1523,Footwear,2666,28.9,Prepaid_Card,348,8,1,166.4,6,1,1,0
1524,Footwear,1395,21.9,COD,7,2,1,427.4,5,1,3,0
1525,Home,2315,6.9,COD,193,6,1,337.9,1,0,1,0
1526,Apparel,582,17.5,COD,230,5,1,231.6,9,0,,1
1527,Electronics,33433,3,Prepaid_UPI,40,2,1,370.4,4,0,5,0
1528,Electronics,5840,39.4,Prepaid_UPI,131,2,0,416.5,4,0,4,0
1529,Apparel,1490,45.3,COD,687,18,3,681.7,8,1,,1
1530,Apparel,1475,15.8,COD,918,19,3,358.6,5,0,1,0
1531,Apparel,1814,12.3,COD,223,5,1,406.2,10,0,2,1
1532,Apparel,534,37.8,COD,1640,39,13,140.9,3,0,4,1
1533,Home,1862,40.2,COD,140,2,0,306.4,7,0,2,0
1534,Home,7304,5.3,COD,428,7,1,242.9,4,0,3,1
1535,Apparel,1430,19.8,COD,53,0,0,413.5,5,1,,0
1536,Electronics,21247,21.1,Wallet,1574,38,5,400.4,3,0,1,0
1537,Footwear,3491,10.4,Prepaid_Card,308,2,1,392.3,3,0,4,0
1538,Footwear,4110,27.8,Prepaid_UPI,240,6,0,471.4,7,1,5,1
1539,Footwear,1552,11.5,COD,335,6,0,323.7,6,1,3,0
1540,Electronics,40685,13.9,COD,1067,23,5,149.1,5,1,3,0
1541,Footwear,935,20.5,Wallet,800,17,3,343.3,1,0,4,0
1542,Apparel,2160,0,COD,161,5,1,410,1,0,4,0
1543,Electronics,8421,0,Prepaid_Card,115,3,0,418,2,0,2,0
1544,Apparel,879,35.8,Wallet,21,2,0,180,4,0,3,0
1545,Electronics,5431,10.9,Prepaid_Card,802,20,4,55.3,4,0,3,0
1546,Electronics,36401,54,COD,95,2,0,523.2,5,0,5,0
1547,Apparel,2172,51.6,Prepaid_Card,129,2,0,169.3,7,1,5,0
1548,Footwear,1688,14.4,COD,155,4,2,217,8,1,3,0
1549,Apparel,986,57.1,COD,45,2,0,193,5,1,5,0
1550,Apparel,902,36.1,COD,178,2,0,269.4,3,1,4,0
1551,Apparel,679,12.3,Prepaid_UPI,552,13,3,195,6,0,3,0
1552,Electronics,35690,0,Prepaid_UPI,393,8,0,255.1,5,0,3,0
1553,Apparel,509,32.3,COD,240,4,0,139.6,6,0,,1
1554,Electronics,43589,22.5,COD,391,7,2,487.3,7,1,5,1
1555,Apparel,2069,28.5,Prepaid_UPI,648,13,1,331.4,4,1,1,0
1556,Footwear,974,18.6,Wallet,47,4,0,253.8,8,1,4,0
1557,Beauty,1394,4.8,COD,208,4,1,41.2,1,1,5,0
1558,Electronics,44687,15.6,COD,197,7,1,123.3,6,0,5,0
1559,Home,6865,32.6,Prepaid_UPI,421,10,1,369.5,3,0,,1
1560,Footwear,3361,16.7,Prepaid_UPI,18,0,0,135.4,5,1,3,0
1561,Beauty,203,16.6,Wallet,631,14,1,312.8,5,0,3,0
1562,Home,827,0,COD,128,0,0,198.9,4,1,,0
1563,Footwear,3676,23.4,COD,122,4,0,254,3,0,,0
1564,Beauty,1035,5.3,Prepaid_Card,167,3,0,203.9,3,0,5,0
1565,Footwear,3174,35.8,COD,222,7,1,215.2,5,0,1,0
1566,Electronics,33576,11,Prepaid_UPI,772,20,1,363.4,6,1,,0
1567,Apparel,1160,17.6,COD,55,0,0,370.3,9,0,2,1
1568,Apparel,658,54.5,Prepaid_Card,63,0,0,269,4,0,4,0
1569,Electronics,18137,17.4,Wallet,921,18,0,375.4,1,1,,0
1570,Electronics,39352,15.4,Wallet,943,25,1,97.7,6,1,4,0
1571,Electronics,15702,30.8,Prepaid_Card,657,14,2,239.5,1,1,1,0
1572,Home,782,0,Wallet,45,0,0,183.5,8,0,3,0
1573,Home,7685,40.8,COD,190,9,0,179.4,6,1,,1
1574,Footwear,3223,36.9,COD,106,1,0,167.7,2,0,,0
1575,Apparel,1374,29.9,COD,15,0,0,454.5,1,1,2,0
1576,Apparel,1892,0,Wallet,169,1,0,119.9,3,1,5,0
1577,Footwear,2145,18.1,Wallet,1945,44,9,168.4,6,1,2,1
1578,Footwear,4440,2.9,COD,313,7,2,268,3,0,4,0
1579,Beauty,2165,38.9,COD,160,2,0,174.4,6,1,2,0
1580,Footwear,1622,37.8,COD,60,0,0,172.8,7,1,,1
1581,Footwear,1984,27.8,COD,7,0,0,189.3,3,1,2,0
1582,Apparel,896,4,Prepaid_UPI,70,4,1,335.6,6,1,4,0
1583,Electronics,30079,44.4,COD,42,2,0,470,7,1,1,0
1584,Apparel,1551,18.1,Prepaid_UPI,402,8,0,367.7,6,1,4,0
1585,Home,4323,49.1,Prepaid_Card,113,2,0,653.1,6,0,3,0
1586,Beauty,2420,26,COD,455,12,2,580.6,3,0,4,1
1587,Electronics,21886,29.6,COD,1115,28,8,67.7,9,0,5,0
1588,Home,6335,15.1,Wallet,279,4,0,460,2,0,5,0
1589,Apparel,1585,43.1,Prepaid_Card,102,4,1,570.2,4,1,3,0
1590,Apparel,1333,31.1,Prepaid_Card,128,2,0,327.5,7,1,4,0
1591,Apparel,476,43.6,COD,486,8,2,216.8,4,1,1,0
1592,Apparel,1583,24.7,Wallet,25,0,0,136.6,4,0,1,0
1593,Beauty,1660,21.3,Prepaid_UPI,52,4,1,351.3,2,1,2,0
1594,Electronics,6669,30.9,Prepaid_UPI,332,10,1,102.4,3,1,2,0
1595,Footwear,3684,43.6,Prepaid_Card,399,8,1,260.2,10,0,3,0
1596,Home,3896,37.3,Prepaid_UPI,780,17,4,889.9,4,1,2,0
1597,Apparel,983,24.1,COD,741,13,1,88.2,7,0,3,0
1598,Apparel,1883,0,Prepaid_UPI,58,3,0,264.7,3,1,4,1
1599,Footwear,1873,34.2,COD,186,4,1,418.3,2,0,3,0
1600,Apparel,1519,0.4,Prepaid_Card,19,0,0,284.4,3,1,1,0
1601,Beauty,1602,22.5,Wallet,85,2,1,354.6,6,0,3,0
1602,Apparel,495,20.3,Wallet,224,2,1,89.9,1,1,5,1
1603,Home,3556,0.7,Prepaid_Card,221,6,1,639.7,8,0,4,0
1604,Footwear,1391,27.6,Prepaid_Card,155,1,0,278.4,6,1,1,0
1605,Apparel,759,54.3,Prepaid_UPI,232,6,1,105.5,4,0,5,0
1606,Apparel,1579,17.3,Wallet,241,4,0,406.5,3,1,5,0
1607,Beauty,177,33.5,Prepaid_UPI,223,0,0,630.8,3,1,4,0
1608,Apparel,2144,57.3,COD,928,23,10,203.7,7,0,5,1
1609,Electronics,18518,34.9,COD,88,4,0,232.9,1,0,3,0
1610,Electronics,14288,12.3,Prepaid_UPI,233,4,0,462.1,4,1,5,0
1611,Apparel,2056,25.6,Prepaid_UPI,266,6,2,395,7,0,1,0
1612,Footwear,2447,29.2,Prepaid_UPI,287,7,1,149.4,1,1,1,1
1613,Footwear,2957,43.5,Prepaid_UPI,26,2,0,54.4,3,0,3,0
1614,Electronics,31678,40.2,COD,1085,28,6,638.2,1,1,,1
1615,Footwear,3986,0,COD,751,18,5,190.3,2,1,3,0
1616,Apparel,634,9.2,Prepaid_UPI,199,4,1,115.5,5,1,4,1
1617,Apparel,547,20.9,COD,103,3,0,156.8,6,1,,0
1618,Home,7952,6.8,Prepaid_UPI,364,7,1,521.3,4,1,5,0
1619,Beauty,171,0,Prepaid_UPI,688,13,1,20.9,1,0,2,0
1620,Apparel,1675,11.1,Prepaid_UPI,1534,37,6,455.2,3,0,3,0
1621,Apparel,1500,21.9,COD,16,1,0,328.4,5,1,4,0
1622,Electronics,25402,14.1,Prepaid_UPI,57,0,0,211.8,4,1,2,0
1623,Footwear,3643,7,COD,720,15,1,266.8,2,1,3,0
1624,Apparel,2186,22.6,COD,658,16,3,380.6,3,0,2,0
1625,Electronics,3254,27.1,COD,43,0,0,197.2,6,0,2,0
1626,Footwear,2958,15,COD,1289,27,4,156.7,5,0,3,0
1627,Electronics,32595,42.6,Wallet,1612,41,10,367.9,2,1,3,1
1628,Apparel,951,22.9,Wallet,903,19,2,285.3,5,0,4,0
1629,Apparel,2007,8.9,COD,316,9,1,540.9,3,1,1,1
1630,Electronics,21216,5.1,Prepaid_UPI,296,10,3,515,3,1,,0
1631,Electronics,8404,18.8,Prepaid_Card,20,0,0,212.3,5,0,2,0
1632,Footwear,3918,38.7,Prepaid_UPI,840,19,2,245.7,2,1,3,0
1633,Home,7561,9.6,Prepaid_UPI,716,20,5,497.2,4,0,4,0
1634,Home,1066,30.9,Prepaid_Card,147,4,1,421.7,7,1,5,0
1635,Beauty,1916,23.4,COD,1005,27,3,335.3,10,0,1,1
1636,Electronics,10618,51.9,COD,94,1,0,466,1,1,4,0
1637,Electronics,1494,27.9,Prepaid_Card,82,5,0,96.1,3,0,,0
1638,Beauty,762,11.5,Wallet,614,14,1,333.1,7,1,3,0
1639,Apparel,1939,33,Prepaid_Card,437,9,3,141.7,2,1,3,0
1640,Footwear,1065,33.6,COD,166,5,0,402.9,4,0,,1
1641,Footwear,1023,16,COD,826,18,1,329.9,8,1,1,0
1642,Apparel,1730,4.5,Wallet,657,14,3,454.4,3,1,3,0
1643,Electronics,18999,30,COD,105,3,0,522.2,4,0,4,1
1644,Apparel,667,23,Prepaid_UPI,680,11,2,110,2,1,2,0
1645,Apparel,814,0,Prepaid_UPI,375,7,1,336,6,0,4,0
1646,Electronics,36004,25.8,COD,220,6,2,178.7,1,1,1,0
1647,Apparel,1522,12.4,COD,617,16,3,380.6,3,1,4,1
1648,Footwear,3544,0,COD,7,1,0,173.9,2,0,5,1
1649,Beauty,380,16.7,COD,79,2,0,182.4,4,1,1,0
1650,Footwear,2332,41.2,Prepaid_UPI,301,7,1,278.1,9,0,1,0
1651,Apparel,1835,40.1,Prepaid_UPI,306,9,1,106.6,5,1,4,1
1652,Apparel,878,36.2,COD,310,4,0,143.1,5,0,5,0
1653,Apparel,705,26,Prepaid_Card,160,3,1,353.4,5,0,4,1
1654,Apparel,1087,30.9,COD,264,6,1,592.5,4,0,1,1
1655,Beauty,933,23.5,COD,853,19,1,68.8,7,0,1,0
1656,Electronics,9324,5.4,Prepaid_UPI,106,0,0,166.8,6,1,1,0
1657,Apparel,2117,8.4,Prepaid_UPI,163,1,0,316.7,2,1,1,0
1658,Footwear,2432,12.9,Prepaid_UPI,187,4,0,81.1,7,1,4,0
1659,Electronics,27834,43,COD,390,11,0,216.8,5,1,,0
1660,Apparel,618,38.2,Prepaid_Card,167,3,0,296.8,6,1,5,0
1661,Apparel,1498,5.8,Prepaid_Card,35,0,0,252.1,1,0,1,0
1662,Home,4576,22.8,Wallet,58,2,0,189.8,5,1,1,0
1663,Footwear,4228,16,Prepaid_Card,142,2,0,96.6,4,0,5,0
1664,Apparel,1142,19.7,Wallet,199,6,1,806.1,3,1,2,0
1665,Beauty,1988,14,COD,1690,37,4,161.9,7,0,4,1
1666,Footwear,1717,43.1,Prepaid_Card,1821,38,2,396.1,1,1,3,0
1667,Footwear,2816,21.7,Prepaid_UPI,998,25,5,358,11,0,4,0
1668,Apparel,2069,25.2,COD,893,22,3,218.2,2,0,5,0
1669,Apparel,1525,25.4,Prepaid_Card,271,4,0,192.2,6,1,1,0
1670,Footwear,3345,6.6,Prepaid_Card,112,3,0,101.9,5,1,3,1
1671,Apparel,1977,23.6,Wallet,580,12,0,431.9,7,1,1,1
1672,Home,7426,37.9,COD,1151,27,9,453.2,8,0,,0
1673,Footwear,1333,44.1,Wallet,348,6,0,224.4,4,1,5,0
1674,Apparel,753,4.8,COD,332,9,4,169.1,5,1,2,1
1675,Footwear,2702,0,Prepaid_Card,144,6,0,133.4,4,1,3,0
1676,Beauty,2489,22.9,Prepaid_Card,209,3,1,235.1,2,0,1,1
1677,Footwear,2461,38.6,COD,415,9,2,148.4,5,1,1,1
1678,Electronics,15694,27.4,Wallet,66,4,1,276.8,4,0,,0
1679,Footwear,2649,32.2,Wallet,926,19,3,301.2,5,1,2,0
1680,Electronics,4021,1.6,Wallet,68,0,0,302.6,4,1,4,1
1681,Footwear,1209,13.4,Wallet,704,17,2,136.4,5,0,1,0
1682,Footwear,1096,0,Prepaid_UPI,56,1,0,145.5,6,1,5,0
1683,Footwear,612,19.9,Prepaid_Card,188,1,0,222.5,2,1,4,0
1684,Apparel,1700,0,Prepaid_UPI,943,20,4,426.1,6,0,1,1
1685,Apparel,986,42,COD,1235,31,6,301.8,8,1,,0
1686,Apparel,703,45.3,Prepaid_UPI,1009,27,5,129.5,2,1,3,0
1687,Electronics,23636,24.1,Prepaid_Card,136,2,0,307,5,1,5,0
1688,Electronics,15367,0,Prepaid_UPI,273,4,0,11.4,5,0,,0
1689,Home,3326,27.6,COD,697,15,0,373.3,6,1,5,0
1690,Electronics,15020,49.9,COD,1631,40,9,464.9,6,0,2,1
1691,Footwear,516,29.1,COD,41,3,0,183.9,7,1,1,1
1692,Beauty,1768,39.8,Prepaid_Card,3,3,0,260.5,5,0,2,0
1693,Apparel,599,14.7,COD,369,10,1,142.4,2,1,5,0
1694,Footwear,1377,8.9,COD,29,0,0,118.2,4,1,5,0
1695,Home,1765,20.9,COD,554,10,2,417.5,8,1,3,0
1696,Electronics,15714,0,Prepaid_Card,742,15,1,146.6,3,1,2,0
1697,Apparel,688,56,COD,272,5,1,255.4,6,0,3,1
1698,Footwear,1888,24.1,Prepaid_UPI,216,3,1,338.8,6,1,2,1
1699,Beauty,722,35,COD,1223,26,2,277.8,6,1,1,0
1700,Footwear,745,15.1,Prepaid_Card,686,17,1,93.6,7,0,1,0
1701,Beauty,2196,0,COD,204,5,1,226.3,4,1,5,1
1702,Beauty,868,43.4,Prepaid_Card,568,15,1,367.5,4,1,,0
1703,Electronics,5373,5.1,Prepaid_Card,814,19,4,227.8,8,0,,0
1704,Home,4316,27.2,Prepaid_Card,244,4,1,234.3,9,1,3,1
1705,Electronics,6599,28.6,Prepaid_Card,402,9,1,399.6,8,0,2,0
1706,Beauty,1967,23.1,Prepaid_Card,798,15,1,349.6,6,0,5,0
1707,Apparel,511,10.2,COD,566,8,1,186.2,3,0,5,0
1708,Electronics,21551,19.8,Prepaid_Card,138,4,1,527.3,5,1,3,0
1709,Footwear,4275,7.7,COD,149,5,0,151,4,0,5,0
1710,Apparel,686,34.1,Prepaid_UPI,543,12,2,180.2,7,0,2,0
1711,Footwear,1305,30.6,Prepaid_Card,301,6,2,253.3,5,0,1,1
1712,Electronics,27500,21.7,Prepaid_UPI,670,12,2,339.3,6,1,1,0
1713,Beauty,2453,13.5,Prepaid_Card,508,14,2,484.2,4,0,2,1
1714,Footwear,2043,53.6,COD,605,14,4,184.2,1,1,5,1
1715,Apparel,1568,2.5,COD,398,9,1,258.5,7,1,,0
1716,Footwear,1109,0,COD,817,18,1,528.2,4,1,4,0
1717,Electronics,29293,20.8,Prepaid_Card,347,7,1,415.4,7,0,1,0
1718,Home,2245,18.1,Prepaid_UPI,23,0,0,310,4,0,,0
1719,Home,5022,38.5,Prepaid_UPI,186,5,2,277.7,8,0,5,1
1720,Footwear,855,31.7,Prepaid_Card,974,21,4,85.9,3,0,3,0
1721,Apparel,1345,22.4,COD,83,1,0,336.3,4,1,3,1
1722,Apparel,827,29.5,Prepaid_UPI,670,18,3,193.3,5,0,1,0
1723,Home,5549,29.2,COD,242,5,1,445.2,1,1,5,0
1724,Home,6057,53.6,COD,99,0,0,270.7,5,0,3,0
1725,Electronics,38349,25.8,Prepaid_UPI,66,0,0,105,6,1,3,0
1726,Apparel,2186,11.8,COD,790,16,2,129.8,5,0,,1
1727,Electronics,21320,25,COD,759,17,2,696.1,10,1,1,1
1728,Footwear,3182,0,COD,319,4,1,348.5,3,1,,0
1729,Apparel,433,21.5,Prepaid_Card,368,9,1,179.8,1,1,5,0
1730,Electronics,40843,38.4,COD,448,9,3,279.1,2,0,5,0
1731,Beauty,1597,31,Prepaid_Card,677,14,1,221.6,5,0,3,0
1732,Apparel,1158,26.5,Prepaid_Card,239,6,0,441.5,7,1,5,1
1733,Footwear,2237,31.7,COD,474,10,1,369.7,5,1,4,0
1734,Apparel,1764,38.5,COD,57,1,0,882.3,3,1,1,0
1735,Footwear,3834,43.4,Prepaid_UPI,308,6,0,301.4,8,0,3,0
1736,Footwear,3732,28.7,COD,147,3,0,117.8,4,0,3,0
1737,Footwear,2542,17.3,Prepaid_UPI,111,3,0,66.3,1,0,4,1
1738,Apparel,1068,0,Prepaid_Card,562,13,1,46.7,7,1,4,0
1739,Electronics,42615,36.7,COD,124,5,0,419,6,0,,1
1740,Footwear,3037,29.7,Prepaid_Card,278,5,0,267.9,5,0,3,0
1741,Apparel,1379,24.3,Prepaid_Card,594,14,1,221.7,8,0,,0
1742,Apparel,1477,11.7,Prepaid_Card,193,9,0,137.3,4,1,4,0
1743,Apparel,1534,36.5,Prepaid_UPI,95,2,0,240.8,5,0,3,0
1744,Beauty,1826,18.1,Wallet,44,1,0,368.1,2,1,3,0
1745,Home,4560,21.5,Prepaid_UPI,770,15,2,224.9,3,0,5,0
1746,Home,7040,21.2,Prepaid_Card,569,11,3,459,3,1,,0
1747,Footwear,3939,28.7,Prepaid_Card,346,7,1,607.1,6,0,2,0
1748,Electronics,20571,4.8,Prepaid_Card,41,2,0,279.3,3,0,1,0
1749,Electronics,8582,30.4,COD,80,3,0,212.2,4,1,,0
1750,Electronics,26458,11.2,Prepaid_UPI,41,2,0,200.8,4,1,4,0
1751,Home,5080,11.7,Prepaid_UPI,20,2,0,271,4,1,3,0
1752,Apparel,1342,35.3,COD,686,13,2,277.7,3,1,5,0
1753,Footwear,4062,7.1,Wallet,94,3,1,302.1,4,1,,1
1754,Footwear,872,35.3,Prepaid_UPI,46,1,0,84.9,2,1,1,0
1755,Electronics,13789,23.5,Prepaid_Card,745,17,5,295.2,4,0,5,0
1756,Home,6967,0,Wallet,133,2,1,291.3,4,1,2,0
1757,Apparel,2091,42.5,COD,986,20,0,361.2,5,1,5,1
1758,Beauty,1151,26.7,COD,505,9,0,392.8,6,0,2,1
1759,Beauty,603,27.9,COD,142,4,1,477.1,8,1,,1
1760,Beauty,1138,37.1,Prepaid_Card,19,1,0,309.1,1,1,5,0
1761,Electronics,21180,44.5,COD,93,2,0,395,4,0,1,0
1762,Apparel,1335,25,Wallet,165,4,0,311.2,2,1,2,0
1763,Apparel,894,31.3,COD,112,1,0,472,5,0,4,1
1764,Apparel,963,27.6,COD,42,2,0,246,6,1,3,1
1765,Apparel,1580,16.9,Prepaid_Card,135,3,0,182.3,2,1,2,1
1766,Apparel,1519,0,COD,120,2,0,264,5,0,4,1
1767,Beauty,1706,25.2,Prepaid_UPI,133,5,1,531.7,6,1,2,0
1768,Apparel,1079,42.7,COD,374,10,0,189.9,5,0,1,0
1769,Apparel,1006,30.7,Wallet,1059,20,2,526,4,0,3,0
1770,Footwear,1906,6,Prepaid_UPI,214,5,0,317.8,6,1,2,0
1771,Home,7624,38.5,COD,32,0,0,417,4,0,1,1
1772,Footwear,2081,17.4,COD,616,14,4,334.7,6,1,5,0
1773,Home,4967,0,COD,366,2,0,275.8,5,0,1,0
1774,Footwear,2591,37.3,Wallet,73,2,0,82.5,4,0,4,0
1775,Home,7047,7.8,Prepaid_UPI,404,10,2,181.1,2,1,3,0
1776,Electronics,17367,48.7,Prepaid_Card,462,10,3,836.4,5,1,3,0
1777,Home,3643,39.2,COD,57,0,0,98,2,1,,0
1778,Electronics,38114,18.6,Prepaid_UPI,154,7,0,450.8,2,0,4,0
1779,Electronics,8250,28.9,COD,263,8,0,76,4,1,2,0
1780,Electronics,27230,58.4,Prepaid_UPI,177,3,0,578.8,4,0,4,0
1781,Apparel,1120,37,Prepaid_UPI,47,1,0,368.4,2,1,2,0
1782,Footwear,4443,25.6,COD,812,14,0,150.3,4,0,2,0
1783,Apparel,1698,65.3,Prepaid_Card,67,2,0,158.2,4,0,5,0
1784,Apparel,419,23.8,COD,33,0,0,264.6,3,0,5,0
1785,Apparel,1911,30.7,COD,314,8,3,71.5,4,1,2,1
1786,Footwear,3313,8,Wallet,1327,32,9,467.7,6,1,2,0
1787,Electronics,25770,0,Prepaid_UPI,520,11,3,171.1,4,0,3,0
1788,Home,2118,17.7,Prepaid_UPI,222,3,0,107.2,6,1,3,0
1789,Footwear,1097,22.6,Prepaid_Card,221,7,1,425.3,4,1,2,0
1790,Apparel,1531,26.9,COD,372,8,3,61.7,7,1,1,0
1791,Footwear,2260,0.7,Prepaid_UPI,757,17,3,247.5,6,1,5,1
1792,Apparel,1951,31.9,Prepaid_Card,1234,26,2,131.8,4,0,3,0
1793,Apparel,872,9.5,COD,49,1,0,328.6,3,1,2,0
1794,Home,5209,31.1,COD,67,1,0,473.1,6,1,4,1
1795,Beauty,735,36,Prepaid_Card,228,2,1,69.5,3,1,1,0
1796,Apparel,1545,16.1,Prepaid_UPI,321,10,2,475.5,1,1,3,0
1797,Home,672,7.5,COD,557,16,4,227.3,6,1,4,0
1798,Apparel,1105,45.2,Prepaid_UPI,262,8,1,120.9,3,1,4,0
1799,Home,1630,35.1,COD,407,11,1,115.6,1,1,4,0
1800,Home,4966,24.3,COD,772,21,1,228.2,4,0,,0
1801,Home,2739,44,COD,690,13,2,61.7,7,0,5,1
1802,Home,6241,23.2,Prepaid_UPI,579,11,1,221.9,3,1,3,0
1803,Apparel,606,12.7,COD,34,0,0,240.7,4,1,4,1
1804,Home,4583,7,Prepaid_Card,756,17,1,342.9,6,0,2,0
1805,Home,4871,20.4,COD,227,4,0,449.9,3,1,1,0
1806,Home,470,33.6,Prepaid_UPI,34,0,0,360.9,4,1,5,0
1807,Apparel,465,42.8,Prepaid_UPI,61,1,0,534.8,6,0,,0
1808,Electronics,14701,22.4,COD,148,3,1,133.9,6,0,4,0
1809,Electronics,27878,40.2,Wallet,174,6,1,317.4,5,1,2,0
1810,Apparel,2133,18.8,COD,357,8,1,333.5,1,1,,0
1811,Apparel,563,10.3,COD,1966,40,7,527.9,6,1,3,1
1812,Electronics,31999,2.4,Prepaid_Card,98,3,1,330.7,4,1,1,0
1813,Footwear,3271,14.4,Prepaid_UPI,500,14,2,159,6,1,3,0
1814,Apparel,1605,3,COD,541,12,1,251.4,1,0,,0
1815,Footwear,2565,52.1,Prepaid_Card,879,22,2,320,7,0,4,0
1816,Home,7745,28.6,COD,190,3,1,90.4,3,1,1,0
1817,Footwear,2507,20.6,Prepaid_Card,390,10,1,566.8,5,0,1,0
1818,Electronics,37917,47.8,Prepaid_Card,99,1,0,254.1,7,0,4,0
1819,Electronics,12698,2.5,Wallet,145,3,1,705.6,5,0,,0
1820,Home,6509,19.9,Prepaid_Card,108,2,0,101,5,1,1,0
1821,Beauty,2492,52,Prepaid_Card,509,12,2,139.3,5,0,4,0
1822,Electronics,41062,19.8,Prepaid_Card,892,18,4,340.5,2,1,2,0
1823,Electronics,14518,58.7,COD,318,4,0,202.2,7,1,5,0
1824,Home,6815,33.8,COD,70,2,0,439.1,7,0,3,0
1825,Footwear,881,41.6,Wallet,584,14,1,265.6,4,0,1,0
1826,Apparel,1620,42,COD,560,13,1,257.8,1,1,1,1
1827,Electronics,16186,22,Prepaid_UPI,39,3,0,251.7,7,1,1,0
1828,Electronics,30050,14.7,COD,1056,23,1,109.6,1,1,2,0
1829,Beauty,1119,20.3,Prepaid_UPI,226,6,2,269.8,6,0,2,0
1830,Electronics,1596,7.2,COD,13,0,0,133.6,3,1,,0
1831,Electronics,11330,21,Wallet,569,12,2,721.5,6,1,3,0
1832,Beauty,250,21.9,Prepaid_UPI,79,2,0,52.1,2,1,5,0
1833,Electronics,19914,47.3,COD,1075,28,9,291.3,5,1,2,1
1834,Apparel,1912,30.9,Prepaid_UPI,72,3,0,312.8,1,0,3,0
1835,Apparel,1728,57.4,Prepaid_Card,336,9,0,342.4,5,0,5,0
1836,Apparel,1820,0,COD,594,15,2,395,4,0,4,0
1837,Apparel,1853,3.7,COD,29,0,0,77.9,6,0,5,1
1838,Electronics,17491,16.7,Prepaid_UPI,1051,24,4,319.6,3,1,5,1
1839,Footwear,2524,44.4,Prepaid_UPI,684,17,2,242.5,5,0,1,0
1840,Footwear,2534,20.4,COD,24,1,0,221.1,4,0,,0
1841,Apparel,604,0,Prepaid_UPI,1114,25,3,424.4,5,0,1,0
1842,Home,4906,18.3,COD,125,1,0,498.9,5,1,5,0
1843,Apparel,1696,4,COD,699,15,0,97.8,6,0,4,1
1844,Beauty,1586,1.1,Prepaid_Card,1017,21,5,253.4,2,1,5,0
1845,Apparel,1743,52,COD,347,10,2,383.1,4,1,4,0
1846,Home,1215,16.7,COD,23,4,0,268.2,5,1,4,0
1847,Electronics,34550,24.6,Prepaid_Card,844,23,3,477.8,9,1,1,1
1848,Home,1903,20.6,COD,1560,33,1,155.7,9,1,3,0
1849,Electronics,39605,18.2,COD,208,3,0,455.4,2,1,,0
1850,Footwear,1480,9.4,Prepaid_UPI,179,2,0,203.5,3,1,3,1
1851,Apparel,1286,17.3,Prepaid_Card,76,0,0,132.1,1,1,,0
1852,Beauty,1295,27.1,Prepaid_UPI,603,11,4,269.5,9,0,1,1
1853,Electronics,12976,43.3,Prepaid_Card,356,7,1,228.9,5,0,,0
1854,Footwear,1947,36.2,Prepaid_Card,51,3,0,90.5,6,0,4,0
1855,Footwear,1242,3.7,COD,109,1,0,255.2,4,0,,0
1856,Beauty,1490,36.8,Prepaid_UPI,138,5,1,414.3,4,1,4,0
1857,Apparel,2043,29.1,COD,1,3,0,516.2,7,1,4,1
1858,Apparel,970,12.6,COD,298,7,1,381.6,2,1,4,0
1859,Apparel,1315,24.7,Prepaid_UPI,40,3,0,148.3,2,1,3,0
1860,Apparel,1951,30.6,Prepaid_UPI,405,6,0,309.4,4,0,5,0
1861,Home,3784,22.7,Prepaid_Card,156,2,0,81,5,1,4,0
1862,Beauty,2103,29.2,COD,101,3,0,353.9,6,0,,0
1863,Beauty,1199,9.1,COD,247,6,1,336.3,5,1,5,0
1864,Electronics,20483,51.9,Prepaid_Card,23,3,0,147.3,3,0,3,0
1865,Home,1511,0,Prepaid_UPI,94,0,0,200,4,0,,0
1866,Footwear,1000,30.7,Prepaid_Card,55,0,0,291.9,5,0,2,1
1867,Beauty,1587,27.5,COD,791,17,2,333.9,6,1,5,0
1868,Apparel,1889,31.6,COD,717,15,3,424,7,0,3,0
1869,Electronics,7131,11.4,Prepaid_Card,162,2,0,79.9,4,0,5,0
1870,Footwear,4140,39.5,Prepaid_UPI,26,0,0,75.2,3,1,1,0
1871,Apparel,1046,20.4,COD,490,10,1,69.4,3,1,3,0
1872,Electronics,19826,4.2,COD,229,8,1,297.1,7,1,,1
1873,Beauty,2252,5.6,COD,138,1,0,374.7,4,0,4,0
1874,Beauty,2256,23.9,COD,77,3,1,209.7,3,0,1,0
1875,Beauty,1383,0,Prepaid_Card,118,5,0,196.3,5,0,1,0
1876,Footwear,1607,49,COD,1060,23,6,130.5,8,1,,0
1877,Apparel,709,37.7,Prepaid_Card,368,9,2,391.8,2,1,5,0
1878,Electronics,13095,49.4,Prepaid_UPI,278,7,1,278.5,6,1,5,0
1879,Home,6311,47.8,Wallet,320,8,0,327.5,3,1,2,0
1880,Home,2799,16.7,Wallet,30,1,0,221.3,5,1,1,0
1881,Electronics,31622,9,COD,735,15,2,202.5,6,0,2,0
1882,Home,1803,0,COD,210,6,2,244.2,7,0,5,0
1883,Electronics,22158,15.9,COD,616,13,0,230.3,3,1,4,0
1884,Footwear,1908,48.5,Prepaid_UPI,181,4,0,494.6,6,0,4,0
1885,Electronics,23258,9.6,COD,245,6,0,121.3,5,0,1,0
1886,Electronics,26164,18.9,COD,247,7,1,395.8,5,0,5,1
1887,Apparel,2184,13.7,COD,10,4,1,170.9,7,1,4,0
1888,Apparel,2020,27.6,COD,154,2,0,197.1,3,1,4,0
1889,Footwear,3283,41.3,Prepaid_UPI,30,1,0,296.7,6,0,2,0
1890,Electronics,7934,0,Prepaid_Card,1363,27,1,369.1,5,0,3,0
1891,Apparel,2054,1.8,Prepaid_Card,223,8,0,224,7,0,1,0
1892,Footwear,4070,44.3,Wallet,544,12,3,114.3,5,0,3,1
1893,Home,7128,33,COD,471,10,3,595.4,4,0,4,0
1894,Apparel,1262,18.1,COD,271,6,1,85.7,6,1,1,0
1895,Apparel,707,47.6,COD,603,14,2,118.7,3,0,5,0
1896,Apparel,1758,1.5,Prepaid_Card,658,13,1,528.4,4,1,3,0
1897,Home,3292,36,Prepaid_Card,382,11,1,453.5,3,0,4,0
1898,Apparel,1020,21,COD,57,3,1,553.4,3,1,,1
1899,Apparel,1103,31.1,Wallet,197,6,2,170.4,1,0,4,1
1900,Apparel,1406,0,COD,129,2,0,141.4,3,1,4,0
1901,Home,2868,18.1,COD,1260,27,3,417.4,4,1,3,0
1902,Apparel,1642,33.1,Prepaid_Card,54,1,0,112.3,6,0,3,0
1903,Footwear,3091,21.1,Wallet,391,10,3,143.3,2,0,2,0
1904,Apparel,1316,40.8,Prepaid_UPI,643,15,2,88.7,3,0,2,0
1905,Home,716,40.3,Wallet,138,2,1,163.8,4,1,4,1
1906,Electronics,42221,7.6,COD,13,2,1,129.7,6,0,2,1
1907,Electronics,19232,34.4,Prepaid_Card,137,1,0,102.3,5,0,4,0
1908,Apparel,1209,7.1,Prepaid_UPI,207,3,1,257.6,5,0,4,0
1909,Footwear,2324,22.8,Prepaid_Card,89,2,0,191.1,6,1,3,1
1910,Footwear,1960,31.8,COD,219,3,0,320.7,6,0,,0
1911,Apparel,1614,9.5,Wallet,431,8,3,116.4,3,0,2,1
1912,Apparel,425,33.8,COD,615,17,0,160.8,8,1,1,1
1913,Beauty,2203,14.4,COD,19,3,0,78.4,1,1,1,0
1914,Home,1089,13.3,Prepaid_UPI,419,14,1,186.4,6,0,4,0
1915,Apparel,2199,32.6,Wallet,268,7,1,416.7,5,0,1,0
1916,Apparel,1531,9.5,Wallet,337,9,2,372.4,7,1,2,0
1917,Home,810,8.7,Prepaid_UPI,170,3,0,227.3,4,0,5,0
1918,Footwear,2750,37.6,COD,1262,27,1,702.8,3,1,2,1
1919,Home,2851,23.6,Wallet,28,2,0,81.7,2,0,,0
1920,Beauty,2390,0.2,Prepaid_Card,102,5,0,448.9,2,0,1,0
1921,Electronics,34290,34.8,Prepaid_Card,152,5,0,121.5,4,0,3,0
1922,Apparel,1313,15.9,COD,301,5,1,237.4,3,0,1,0
1923,Electronics,20024,1,Prepaid_UPI,1220,28,5,342.5,3,1,4,0
1924,Electronics,44819,0,Prepaid_Card,90,0,0,150.1,2,0,1,0
1925,Apparel,1601,35.6,Prepaid_UPI,235,5,0,169.3,7,0,2,0
1926,Apparel,1325,9.1,COD,504,14,3,449.5,3,0,4,1
1927,Electronics,18630,3.3,COD,33,0,0,254.2,5,1,,1
1928,Home,2799,31.6,Prepaid_Card,280,11,3,88.8,4,1,4,0
1929,Apparel,1670,34.1,COD,689,16,4,194.6,5,0,2,0
1930,Electronics,26949,10.2,Prepaid_UPI,635,13,2,156.4,4,1,5,1
1931,Home,6831,35.7,COD,213,5,1,73.4,6,0,,0
1932,Home,4562,52.8,Prepaid_Card,714,14,2,89.6,6,1,1,0
1933,Footwear,2829,42.2,COD,66,0,0,290.8,7,0,5,0
1934,Footwear,2409,39.9,COD,6,0,0,131.3,3,0,2,0
1935,Home,6172,26.7,Prepaid_Card,182,3,1,736.4,3,1,2,0
1936,Apparel,1147,15.3,COD,36,0,0,302.6,4,0,4,0
1937,Electronics,38515,21.2,COD,217,4,0,420.6,5,0,3,0
1938,Home,2818,28.6,COD,129,0,0,62.2,6,1,3,0
1939,Apparel,1647,3.1,COD,1259,25,4,302.5,3,1,4,0
1940,Apparel,2007,10.5,Prepaid_Card,65,0,0,262.6,5,0,3,0
1941,Apparel,1784,0.6,COD,191,8,3,331.4,4,1,1,0
1942,Electronics,16206,25.5,COD,428,10,3,36,4,0,,0
1943,Electronics,32138,23.2,Prepaid_UPI,162,5,0,622.5,4,0,3,0
1944,Apparel,773,12.2,Prepaid_Card,862,19,4,228.3,8,0,1,0
1945,Footwear,733,34.3,Prepaid_Card,903,21,5,227.5,6,1,5,1
1946,Beauty,2010,6.3,COD,223,7,1,252.5,7,0,4,0
1947,Apparel,1854,11.7,Wallet,59,2,0,144.5,5,1,,0
1948,Beauty,204,33.7,COD,940,24,7,566.7,8,0,,1
1949,Apparel,2106,35.9,COD,205,4,1,52,6,1,2,1
1950,Beauty,1198,10.1,Wallet,386,10,0,181.4,1,1,1,0
1951,Beauty,2277,25.5,Prepaid_Card,100,4,0,185.6,6,1,5,0
1952,Apparel,1819,10.3,Prepaid_Card,1115,23,2,144.8,5,1,,0
1953,Footwear,4103,19,Prepaid_UPI,312,7,1,211.8,6,1,4,0
1954,Beauty,2108,24.2,COD,2465,51,2,180.9,1,1,4,0
1955,Beauty,2439,30.4,Prepaid_UPI,46,1,0,127.7,1,0,1,0
1956,Beauty,1628,26.8,Prepaid_UPI,161,3,0,236,4,0,2,0
1957,Home,2050,26.1,COD,650,14,4,265.2,1,1,2,0
1958,Apparel,1101,5.8,COD,40,0,0,794.5,6,0,3,1
1959,Footwear,3508,27.8,COD,9,1,0,126.2,5,1,4,0
1960,Home,1509,30.3,Wallet,386,7,1,302.2,9,0,2,0
1961,Home,7460,32.3,COD,37,5,0,297.4,5,1,3,1
1962,Electronics,10191,11.2,COD,616,15,5,401.7,6,0,,0
1963,Home,7045,35.7,Prepaid_UPI,945,19,6,367.3,6,1,2,0
1964,Apparel,1271,2.2,Prepaid_UPI,280,8,0,64.7,5,1,1,0
1965,Footwear,3862,15.5,COD,48,3,0,205.3,5,0,5,0
1966,Apparel,2125,17.9,Prepaid_UPI,241,6,0,119.5,4,0,5,0
1967,Footwear,2189,3.1,Prepaid_Card,386,7,1,133.2,1,0,5,0
1968,Footwear,3286,17.6,Prepaid_UPI,1179,31,6,90.6,7,0,4,0
1969,Electronics,11130,25.3,COD,56,3,1,204,7,1,4,0
1970,Electronics,36274,0,COD,1,0,0,309.7,6,1,,0
1971,Apparel,1876,16.1,Prepaid_Card,70,2,1,523,5,0,4,1
1972,Beauty,844,0,COD,198,4,1,250.3,4,0,5,0
1973,Footwear,597,52.6,Prepaid_Card,19,0,0,135.2,2,1,,1
1974,Electronics,20087,25.2,COD,124,0,0,268.6,2,0,5,0
1975,Apparel,706,23.9,Prepaid_UPI,144,3,0,326,3,0,1,1
1976,Apparel,1873,25.5,Prepaid_UPI,48,0,0,479.5,5,0,4,0
1977,Electronics,12636,31.1,Prepaid_UPI,192,4,1,120.9,5,1,1,0
1978,Beauty,2368,36.7,Wallet,125,4,1,89.1,3,0,3,0
1979,Footwear,4387,0,Wallet,79,1,0,280.4,2,0,1,0
1980,Apparel,2036,41.7,Prepaid_Card,205,4,1,234.5,3,0,4,1
1981,Footwear,2898,40.7,COD,464,12,0,193.8,4,1,,1
1982,Electronics,12913,21,Prepaid_UPI,384,7,1,225.9,1,1,4,0
1983,Footwear,3729,20.2,Wallet,347,6,1,123.1,5,1,4,0
1984,Apparel,1663,0,Wallet,1040,21,2,58.5,8,1,1,0
1985,Home,7824,3.3,Prepaid_UPI,31,0,0,361.3,3,0,5,0
1986,Beauty,1037,29.8,COD,180,4,1,348.9,9,0,3,0
1987,Apparel,506,40,Wallet,49,2,0,95.8,3,1,1,0
1988,Home,7988,32.9,Wallet,831,17,2,218.8,4,1,5,0
1989,Beauty,2120,20.9,Prepaid_UPI,621,15,4,338.3,6,1,5,1
1990,Apparel,799,50.9,Prepaid_UPI,776,17,1,314,4,1,4,1
1991,Apparel,1706,37.1,Prepaid_Card,225,2,1,147.4,1,1,4,0
1992,Home,305,16.1,Wallet,177,4,1,263.6,5,0,1,0
1993,Electronics,25632,54.7,COD,165,6,0,112.1,5,0,2,0
1994,Apparel,1053,5.6,Prepaid_UPI,347,4,1,381.8,4,1,5,0
1995,Electronics,17902,0,COD,365,12,3,208.7,5,1,1,0
1996,Footwear,1478,15.7,COD,491,10,1,270.1,5,0,1,0
1997,Apparel,895,10.6,COD,140,0,0,297.9,3,1,1,0
1998,Electronics,21114,16.5,Prepaid_Card,722,16,4,210.5,6,1,4,0
1999,Footwear,1493,34,COD,808,20,5,297.9,3,1,,0
2000,Electronics,21630,21.5,Wallet,103,2,1,389.2,8,0,2,1
2001,Footwear,2809,21.9,Prepaid_Card,276,7,2,122.3,7,0,5,0
2002,Electronics,32347,22.9,Prepaid_UPI,425,14,3,440.4,2,0,,0
2003,Beauty,1741,0,COD,284,7,3,174.2,7,0,2,1
2004,Home,2163,0,COD,1788,46,19,307.2,5,1,3,1
2005,Apparel,471,16.2,Prepaid_UPI,749,19,6,206.7,6,0,2,0
2006,Footwear,3831,9.4,Prepaid_UPI,146,3,1,278.6,4,0,1,0
2007,Electronics,39407,18.5,Prepaid_Card,117,3,1,421.9,4,0,3,0
2008,Apparel,2162,43.1,Prepaid_UPI,99,2,0,235.9,4,1,5,0
2009,Apparel,2127,20.9,Prepaid_UPI,109,3,0,295.3,2,1,2,1
2010,Home,5180,2.2,Prepaid_Card,25,2,0,491.6,1,1,5,0
2011,Apparel,2010,10.1,Wallet,577,12,0,177.8,3,0,5,0
2012,Apparel,1206,47.7,Prepaid_UPI,17,0,0,137.7,3,1,1,0
2013,Apparel,1817,45,Prepaid_UPI,78,4,1,404.9,2,1,5,1
2014,Electronics,43044,30.9,COD,768,19,0,214.1,6,1,,0
2015,Electronics,36077,0,COD,193,1,0,195.8,5,0,4,0
2016,Electronics,19411,26.6,COD,616,14,5,443.9,3,1,,0
2017,Apparel,1080,27.8,Prepaid_UPI,329,9,1,148.9,4,1,2,0
2018,Apparel,925,22.4,Prepaid_UPI,74,3,0,309.5,5,1,1,0
2019,Home,3126,13.4,COD,165,2,1,539.6,3,0,1,0
2020,Electronics,37141,16.6,Prepaid_Card,224,7,1,115,1,1,1,0
2021,Home,5702,12.4,COD,543,12,0,548.2,7,1,5,0
2022,Apparel,850,4.8,COD,77,2,1,186.8,4,1,,1
2023,Apparel,1681,42.5,Wallet,1007,21,3,195.2,5,1,3,0
2024,Apparel,1083,35.2,COD,123,0,0,86.2,5,0,2,0
2025,Electronics,25630,17.7,COD,436,8,1,275.9,1,0,3,0
2026,Electronics,17422,27.3,Prepaid_Card,352,9,0,123.4,3,0,3,1
2027,Footwear,2587,27.8,COD,815,18,0,317.1,4,0,3,0
2028,Electronics,33165,57.1,Prepaid_UPI,132,4,1,224,4,1,3,0
2029,Electronics,33224,35.1,Wallet,323,9,1,273.1,2,1,2,0
2030,Home,6100,34.5,Prepaid_Card,550,12,4,343.8,5,0,4,0
2031,Apparel,1104,22.6,Prepaid_Card,305,6,1,624.7,6,0,1,0
2032,Electronics,31444,15.5,COD,380,4,0,237.6,4,0,4,1
2033,Electronics,11656,42.7,Prepaid_Card,306,4,1,319.4,7,0,1,1
2034,Electronics,22111,31.8,COD,1093,22,1,293,6,1,3,1
2035,Apparel,1450,9.6,COD,1238,29,3,270.8,5,1,4,0
2036,Footwear,3246,28.8,Prepaid_UPI,120,2,0,96.8,3,0,3,0
2037,Beauty,2293,34.6,Prepaid_Card,263,5,1,142.7,4,0,5,0
2038,Apparel,949,0,Prepaid_Card,275,5,2,101.7,6,0,5,0
2039,Home,6809,8.2,COD,509,10,3,509.8,1,0,5,0
2040,Footwear,1744,27.4,Prepaid_UPI,196,6,0,515.4,1,1,2,0
2041,Apparel,1393,0,COD,316,7,0,344.7,4,0,5,0
2042,Footwear,3812,0,COD,154,5,0,406.6,4,0,1,0
2043,Home,5868,17.9,Prepaid_UPI,383,4,3,103.8,4,1,2,1
2044,Beauty,2178,29.4,Prepaid_Card,257,7,0,319.1,6,1,2,0
2045,Beauty,2065,30.1,Wallet,375,7,0,161.6,5,0,2,0
2046,Apparel,897,45.7,COD,41,0,0,122.2,5,0,4,0
2047,Electronics,44691,23.2,Prepaid_UPI,321,10,2,406.8,4,0,4,1
2048,Home,7515,16.4,Wallet,173,3,0,318.1,6,0,2,0
2049,Apparel,1174,2.4,Prepaid_Card,809,19,0,110.9,7,1,4,0
2050,Electronics,3268,16.2,Prepaid_UPI,75,0,0,482.9,4,1,4,0
2051,Beauty,863,32.6,COD,693,15,1,225.3,5,1,5,0
2052,Apparel,1905,33.3,Prepaid_UPI,35,0,0,355.3,4,1,,0
2053,Electronics,42848,26,Wallet,21,0,0,175.4,2,1,,0
2054,Footwear,3827,30.2,Prepaid_UPI,500,12,1,277,1,0,2,0
2055,Electronics,18577,41.1,Wallet,78,4,0,368.6,7,0,,0
2056,Electronics,3676,23.1,Prepaid_Card,1,0,0,116.8,6,1,4,0
2057,Beauty,1366,42.5,Prepaid_Card,163,3,1,557.9,5,0,5,0
2058,Electronics,17686,11.1,COD,242,4,1,348.1,7,1,1,0
2059,Apparel,621,20.9,Prepaid_UPI,95,2,0,294.5,3,0,5,0
2060,Apparel,591,14.8,Prepaid_UPI,284,4,0,45.9,6,0,4,0
2061,Beauty,510,33.9,Prepaid_Card,271,2,0,238.7,5,1,4,0
2062,Apparel,770,6.8,COD,534,10,0,410.5,4,1,3,0
2063,Electronics,34216,17.2,Prepaid_Card,704,16,0,55.1,1,0,1,0
2064,Apparel,1087,0,Prepaid_UPI,534,12,0,512.3,1,1,5,0
2065,Electronics,20338,30.9,Wallet,489,12,2,84,8,0,2,0
2066,Beauty,1556,40.7,COD,414,11,2,275.5,8,0,5,0
2067,Electronics,43254,35.7,COD,291,6,1,574.9,1,1,5,0
2068,Beauty,1928,34.2,COD,12,0,0,301.3,1,0,,1
2069,Apparel,1562,34.6,COD,487,12,1,381.6,7,0,,1
2070,Electronics,33780,32.5,Wallet,116,3,0,407.3,4,0,2,0
2071,Footwear,3377,31.2,Prepaid_Card,40,0,0,328.6,3,0,5,0
2072,Electronics,31433,32.2,Prepaid_Card,14,3,1,138.1,2,0,1,1
2073,Apparel,1294,12.2,COD,55,2,0,206.3,2,0,2,0
2074,Footwear,2767,19,Prepaid_Card,73,2,1,139.5,7,1,5,1
2075,Electronics,21413,23.1,Wallet,24,1,0,542.8,5,1,4,0
2076,Electronics,18499,17,Prepaid_Card,509,13,1,209.2,1,0,4,0
2077,Beauty,786,0,COD,285,5,0,428.9,3,0,1,0
2078,Apparel,1039,3.5,COD,60,0,0,354.4,8,0,5,0
2079,Apparel,1171,25.4,Wallet,273,6,0,268.5,5,1,1,0
2080,Apparel,1443,35.6,Wallet,9,0,0,134.9,1,0,5,1
2081,Electronics,23095,22.1,COD,653,14,2,155.9,3,0,,0
2082,Apparel,594,63.5,Prepaid_Card,256,6,1,169,4,1,5,0
2083,Home,2918,8.2,COD,269,6,1,106,7,0,3,0
2084,Apparel,1077,28.7,Prepaid_Card,87,1,0,657.5,4,0,2,1
2085,Home,5743,41.4,COD,271,9,1,341,8,0,1,1
2086,Apparel,999,38,Prepaid_UPI,235,7,1,268,5,1,3,0
2087,Electronics,1548,31.8,Wallet,676,15,2,65.3,1,1,4,0
2088,Electronics,4894,38.1,COD,117,3,1,218,6,1,2,0
2089,Home,4127,22.8,Prepaid_Card,779,20,7,229.5,4,1,2,0
2090,Electronics,9456,46.9,COD,1187,25,0,255.9,3,0,3,0
2091,Electronics,22864,41.2,COD,225,3,0,259.4,5,1,1,0
2092,Footwear,2797,9.2,COD,1288,29,1,60.6,4,0,3,0
2093,Home,7487,26.8,COD,811,19,3,329.2,5,1,2,0
2094,Apparel,1580,0,Wallet,294,8,1,100.7,3,1,,0
2095,Beauty,223,44.8,COD,394,10,1,180.1,3,0,,0
2096,Electronics,17876,25.4,Prepaid_UPI,257,4,0,315.8,7,0,4,0
2097,Apparel,1828,42.2,COD,480,8,3,319.8,5,0,4,1
2098,Electronics,12613,20.4,Prepaid_Card,16,0,0,273.2,5,1,4,0
2099,Apparel,2065,0,Prepaid_Card,252,7,1,387.5,3,1,3,0
2100,Apparel,1352,61.6,Wallet,14,0,0,205.1,7,0,4,0
2101,Footwear,870,24,COD,1418,28,3,239.4,5,1,3,0
2102,Apparel,835,7,COD,879,20,5,389.9,4,0,3,0
2103,Footwear,4125,39.2,Prepaid_UPI,73,0,0,107,7,1,3,0
2104,Beauty,2480,52.5,Prepaid_UPI,87,0,0,549.2,4,0,2,0
2105,Home,6945,19,Prepaid_UPI,196,5,0,364.7,5,1,2,0
2106,Home,2769,20.5,COD,407,8,1,169.7,2,0,5,0
2107,Home,6220,25.6,COD,369,12,1,398.7,3,1,,0
2108,Beauty,672,5.3,Prepaid_UPI,121,3,0,117.6,6,0,2,0
2109,Electronics,18042,11.6,Prepaid_Card,174,5,0,503.5,4,0,3,0
2110,Apparel,1655,48.7,Prepaid_Card,58,1,0,68.9,5,0,3,0
2111,Electronics,43638,20,COD,80,1,0,99.4,4,1,,1
2112,Electronics,20437,9.4,COD,98,1,0,146,4,0,1,0
2113,Apparel,1293,15.2,Wallet,988,24,4,154.4,3,1,4,0
2114,Home,1995,38.1,Prepaid_UPI,822,20,3,289.3,3,0,3,0
2115,Apparel,1126,0,COD,442,7,1,382.1,4,1,1,1
2116,Beauty,298,25.8,Wallet,428,7,0,79.2,4,0,3,0
2117,Apparel,1945,58.9,Prepaid_Card,187,2,0,521.6,6,1,4,1
2118,Apparel,442,52.5,COD,25,3,1,318.8,5,0,5,0
2119,Apparel,1630,30.6,COD,282,3,0,650.8,7,0,1,1
2120,Apparel,892,41.7,Prepaid_UPI,33,2,0,233.3,6,1,2,0
2121,Apparel,1257,41.6,COD,1,1,0,553.4,3,0,4,0
2122,Apparel,907,20.1,Prepaid_Card,89,2,0,683.1,3,0,2,0
2123,Apparel,1120,35.9,Prepaid_UPI,286,5,0,154.4,7,0,1,0
2124,Apparel,1384,48.8,COD,601,16,1,142.5,6,1,,0
2125,Electronics,29271,3,Wallet,198,5,0,199.5,7,0,4,0
2126,Electronics,42385,30.6,COD,502,8,1,190.3,4,1,,0
2127,Electronics,15750,27.4,COD,34,0,0,284.2,4,1,2,1
2128,Electronics,26817,23.5,Prepaid_UPI,160,0,0,193.7,5,1,4,1
2129,Apparel,2023,22.2,Prepaid_Card,476,13,2,398.1,1,0,1,0
2130,Apparel,922,25.5,Prepaid_Card,110,5,0,337.9,4,1,4,0
2131,Apparel,1957,26.7,Prepaid_Card,646,17,3,146.7,9,0,5,0
2132,Footwear,4330,38.8,Wallet,14,0,0,232,4,0,1,1
2133,Beauty,2142,29.1,Prepaid_UPI,1528,31,5,411.8,4,1,3,0
2134,Beauty,1489,19.3,Prepaid_UPI,943,19,1,303.3,4,0,2,0
2135,Electronics,32829,9.4,COD,625,12,2,351.1,8,1,,0
2136,Electronics,22271,14.9,COD,140,3,0,142.5,2,1,2,0
2137,Apparel,1475,25.9,Prepaid_Card,16,3,0,249.2,6,1,4,0
2138,Footwear,4398,11.4,COD,100,5,0,111.7,4,1,4,0
2139,Footwear,1504,36.2,Prepaid_UPI,415,8,0,268.2,3,1,4,0
2140,Footwear,3670,28.5,COD,278,2,0,224.1,1,1,4,1
2141,Footwear,2525,39.2,COD,41,0,0,279,8,0,,1
2142,Electronics,8947,12.4,COD,39,3,0,135.5,6,0,,1
2143,Footwear,3074,9.5,COD,677,16,2,320.1,2,0,5,0
2144,Footwear,3670,39,COD,175,3,0,418.9,2,1,,1
2145,Apparel,1424,23.9,Prepaid_Card,168,3,0,49,3,1,1,0
2146,Beauty,2118,19,Prepaid_Card,231,4,0,93,6,0,1,0
2147,Apparel,1059,32.5,COD,1175,24,3,153.3,4,1,3,0
2148,Beauty,2297,31.9,COD,767,21,3,197.8,2,0,,0
2149,Footwear,3093,3.2,Prepaid_UPI,1358,34,8,170.3,4,1,4,0
2150,Apparel,1846,42.8,COD,903,18,0,107.7,7,1,4,0
2151,Home,2402,15.8,Prepaid_Card,256,2,0,280.3,6,1,1,0
2152,Apparel,1203,47.5,Prepaid_Card,311,7,2,271.3,1,1,4,0
2153,Footwear,4138,2,Prepaid_Card,341,7,1,170.3,2,1,4,0
2154,Footwear,704,26.8,Prepaid_UPI,282,8,2,305.3,4,1,5,0
2155,Home,3411,19.2,Prepaid_Card,374,10,1,218.2,5,0,3,1
2156,Footwear,3621,0,Wallet,400,7,1,567.7,7,0,2,0
2157,Apparel,1739,31.9,Prepaid_UPI,600,16,0,82.1,4,0,2,1
2158,Apparel,1933,0,COD,244,5,1,139.1,6,0,5,1
2159,Electronics,33585,17.6,COD,510,13,0,205.3,1,0,2,0
2160,Apparel,2105,38.6,COD,255,5,2,429.2,4,0,4,1
2161,Electronics,23024,14,COD,1237,29,6,365.6,6,0,3,0
2162,Apparel,1524,8.4,Prepaid_Card,426,5,0,319,9,0,1,0
2163,Electronics,38330,34,COD,386,10,4,97.6,2,1,3,0
2164,Electronics,31934,18.3,COD,211,3,0,159,4,0,5,0
2165,Footwear,908,15.9,COD,65,2,0,218.4,1,1,,0
2166,Apparel,1061,41.1,Prepaid_UPI,43,3,1,397.1,4,0,2,1
2167,Footwear,2710,4.5,Prepaid_UPI,70,0,0,228.7,7,1,3,1
2168,Electronics,34257,15.1,Wallet,794,16,0,335.4,7,0,1,0
2169,Electronics,25008,35,COD,71,1,0,309.2,4,1,2,0
2170,Electronics,35257,3.5,COD,775,16,3,336.8,4,1,3,0
2171,Electronics,37887,48.6,Wallet,210,3,1,150.7,10,0,3,0
2172,Apparel,877,18.7,Prepaid_UPI,627,14,1,370.7,4,0,3,0
2173,Electronics,28185,35.1,Prepaid_Card,341,8,2,325,3,0,3,0
2174,Apparel,1403,35.1,Prepaid_Card,366,9,5,544.1,3,0,3,0
2175,Electronics,11156,19.7,COD,526,10,2,187.7,1,1,,1
2176,Home,4072,14.8,Prepaid_UPI,155,2,0,268.4,5,0,4,0
2177,Electronics,25227,21.4,Prepaid_Card,29,0,0,106.8,6,0,2,0
2178,Footwear,3769,32.7,Prepaid_Card,401,8,0,80.7,6,1,1,0
2179,Apparel,1230,7.2,Prepaid_Card,178,4,1,589.7,6,1,4,0
2180,Beauty,340,4,COD,320,6,0,300.8,3,0,5,1
2181,Footwear,2449,44.3,COD,446,11,0,75.9,4,0,1,0
2182,Beauty,2119,11,Prepaid_UPI,96,0,0,321,7,1,3,0
2183,Footwear,2785,27.3,Prepaid_Card,205,4,1,186.8,3,0,1,0
2184,Apparel,974,19,COD,161,3,0,333.5,3,1,1,1
2185,Electronics,41539,19.6,COD,31,1,0,380.4,7,0,4,0
2186,Apparel,680,43.5,Wallet,224,7,1,285.7,3,0,5,0
2187,Footwear,1808,20.7,COD,438,7,2,202.2,2,1,1,0
2188,Home,3666,16.6,COD,3,0,0,244.4,2,1,5,0
2189,Apparel,1728,18,Prepaid_Card,196,3,0,341.6,10,1,2,0
2190,Beauty,2114,14.4,Prepaid_UPI,157,1,0,369.4,7,0,2,0
2191,Apparel,505,11.9,Prepaid_UPI,328,1,0,147,6,1,3,1
2192,Home,6399,14.5,Prepaid_UPI,55,5,2,93.1,2,1,3,0
2193,Footwear,3382,46.9,COD,96,3,1,112.3,6,1,1,0
2194,Apparel,2010,32.7,Wallet,416,11,1,209.3,8,1,2,0
2195,Home,7233,16.8,Wallet,215,4,0,362.6,5,1,3,0
2196,Footwear,3610,36.7,Prepaid_Card,276,7,1,216.7,2,0,3,1
2197,Apparel,742,0,Prepaid_Card,363,7,0,103.8,6,0,3,0
2198,Electronics,14948,42.6,COD,37,2,0,281,4,0,,0
2199,Apparel,2085,41.4,Prepaid_Card,385,9,1,231.2,5,0,2,0
2200,Home,4906,55.5,COD,435,10,2,376.2,2,1,2,0
2201,Apparel,1370,37.2,COD,244,6,2,128.4,3,0,2,0
2202,Beauty,2302,28.6,Wallet,326,10,2,295.4,3,1,2,1
2203,Footwear,3997,41.4,COD,863,20,4,276.3,3,1,2,0
2204,Apparel,1709,12.6,Prepaid_Card,798,16,3,329.2,4,0,3,1
2205,Electronics,39843,16.1,COD,399,10,3,407.5,3,1,5,0
2206,Home,1177,21,COD,555,13,3,59,8,0,1,1
2207,Home,6133,42.5,COD,794,17,2,160.9,6,0,1,0
2208,Electronics,43495,9.2,COD,638,14,3,220.5,6,1,3,0
2209,Apparel,488,7.6,Prepaid_Card,435,8,1,159.7,4,1,4,0
2210,Apparel,801,25.5,Wallet,546,12,1,263,1,1,2,0
2211,Beauty,2016,32.8,Prepaid_Card,464,8,1,222.3,6,0,,0
2212,Electronics,23978,11.5,Wallet,309,6,2,104.4,4,0,1,0
2213,Footwear,846,32.1,Prepaid_UPI,277,5,1,336.9,5,1,5,0
2214,Electronics,12937,42.5,Prepaid_Card,714,18,5,123.4,4,1,2,0
2215,Beauty,912,40,COD,583,16,3,265.2,1,0,,0
2216,Apparel,978,27.3,COD,119,0,0,113.4,4,0,,1
2217,Apparel,1980,20.6,Prepaid_UPI,655,15,2,264.7,3,0,1,0
2218,Beauty,1706,48,Prepaid_Card,1575,34,5,220.5,5,1,2,0
2219,Beauty,1877,22.2,COD,296,8,1,239.7,6,0,2,0
2220,Apparel,424,36.1,Prepaid_UPI,281,6,2,274.3,9,1,4,0
2221,Electronics,19925,51.4,COD,211,4,0,385,6,0,1,0
2222,Electronics,15121,34.5,Prepaid_UPI,506,11,1,180.5,3,0,5,1
2223,Electronics,38514,7,COD,88,2,0,99.2,4,0,2,0
2224,Apparel,2117,3.4,Wallet,46,4,1,209.2,6,0,5,0
2225,Footwear,2193,17.5,COD,205,3,0,391.4,6,0,1,0
2226,Apparel,2152,32.6,COD,1170,27,4,37.9,2,1,2,0
2227,Home,411,28.7,Prepaid_UPI,337,9,2,98.4,4,0,1,0
2228,Apparel,986,55.1,COD,550,13,4,215.9,4,0,5,1
2229,Apparel,1795,28.5,Wallet,481,10,2,412.9,1,1,4,1
2230,Home,3073,17.1,Prepaid_Card,142,6,2,167,6,0,5,1
2231,Electronics,41538,5,COD,445,6,1,210.4,5,1,1,0
2232,Home,1982,39.7,COD,80,0,0,155.2,4,1,1,0
2233,Apparel,1832,21.9,Wallet,25,2,0,183.3,5,1,3,0
2234,Beauty,624,0,Prepaid_Card,84,0,0,346.3,6,1,5,0
2235,Footwear,1288,22.3,Prepaid_UPI,366,6,1,376.8,9,1,2,0
2236,Footwear,2283,7.1,COD,180,3,0,359.3,6,0,5,1
2237,Apparel,2101,15.6,Wallet,244,4,0,328.7,2,0,,0
2238,Electronics,26843,22.1,Prepaid_Card,228,6,1,117.4,11,1,4,0
2239,Electronics,29014,8.4,Prepaid_UPI,224,7,2,549.6,2,1,,0
2240,Electronics,1626,14.7,COD,520,12,1,522.3,5,0,4,0
2241,Apparel,502,10.8,COD,357,10,0,220.5,4,1,4,1
2242,Apparel,520,11.2,Wallet,1323,27,7,404.2,4,0,5,0
2243,Electronics,37100,6.9,Wallet,238,5,2,52.3,5,0,2,0
2244,Apparel,826,14.8,COD,380,11,1,426.8,6,1,,0
2245,Electronics,15603,8.6,Wallet,650,16,2,260.6,8,0,3,0
2246,Apparel,1498,30.8,COD,12,3,0,125.6,3,1,4,0
2247,Apparel,1451,25,COD,24,0,0,437.5,5,0,1,0
2248,Home,3461,39.9,COD,378,10,2,516.2,6,0,,0
2249,Electronics,1388,50.3,COD,41,0,0,61.4,10,1,5,0
2250,Electronics,20893,32.2,COD,151,5,2,359.6,6,0,3,1
2251,Electronics,33563,28.7,COD,948,24,2,434.3,2,0,5,0
2252,Footwear,1441,33.1,COD,973,20,0,475.2,8,0,2,0
2253,Electronics,32226,29,Prepaid_UPI,27,0,0,50.5,4,1,5,1
2254,Home,417,22.8,Prepaid_UPI,224,9,1,83.5,3,1,3,1
2255,Beauty,2284,21.6,Prepaid_UPI,298,8,1,90.4,7,1,5,0
2256,Electronics,42812,6.7,COD,774,17,6,340.7,5,1,5,1
2257,Beauty,156,34.6,Prepaid_UPI,703,15,1,537,4,1,1,0
2258,Footwear,2331,21.5,COD,265,2,1,299.1,8,1,4,0
2259,Apparel,1145,43.7,Prepaid_UPI,244,6,1,172.5,3,0,2,0
2260,Electronics,38074,35.7,Prepaid_Card,183,3,0,505.7,3,1,3,0
2261,Home,4464,12.6,COD,426,10,1,518.3,6,1,,0
2262,Beauty,1587,40.7,COD,193,4,1,565.3,1,1,,0
2263,Electronics,10070,0,Prepaid_UPI,47,0,0,125.1,5,0,4,0
2264,Apparel,539,51,Wallet,246,6,1,99.9,5,1,4,0
2265,Home,5631,1.9,Prepaid_UPI,151,4,0,75.7,3,0,3,0
2266,Apparel,1517,29.4,Wallet,935,21,3,98.9,4,1,2,1
2267,Footwear,3829,28.4,Wallet,168,3,0,57.3,5,1,2,0
2268,Electronics,38197,38.9,COD,57,1,0,401.1,4,1,5,0
2269,Footwear,3024,17.1,Prepaid_UPI,1218,27,4,294.3,6,1,5,0
2270,Footwear,2653,0,COD,897,20,3,1021.9,5,0,3,0
2271,Home,7338,17.1,Prepaid_Card,169,5,1,232,4,0,5,0
2272,Home,6470,18.7,COD,127,3,0,249.9,6,1,,0
2273,Footwear,4030,0,Wallet,189,8,2,33.3,5,1,3,0
2274,Footwear,4483,22.7,Prepaid_UPI,588,12,2,442.8,11,1,5,0
2275,Footwear,2114,5.9,COD,583,12,2,182.9,7,1,,0
2276,Apparel,1690,31.7,COD,5,3,0,127.7,3,1,4,1
2277,Home,5598,18.3,Prepaid_Card,469,10,3,284.5,1,1,1,0
2278,Apparel,713,51.4,Prepaid_UPI,33,3,0,221.6,3,1,,1
2279,Footwear,3046,18.2,Wallet,200,5,1,278.2,1,1,3,0
2280,Home,3596,28.5,COD,96,2,0,568.6,6,0,,0
2281,Electronics,20938,18.8,Prepaid_Card,78,4,0,148,4,0,4,0
2282,Apparel,724,0,Prepaid_Card,310,8,1,151.7,3,0,,0
2283,Electronics,33820,18.9,COD,583,10,2,378.7,6,1,,0
2284,Home,5674,33.3,Prepaid_Card,223,5,1,154.3,4,1,5,0
2285,Apparel,1358,31,COD,528,10,1,920.7,5,0,,0
2286,Apparel,682,17.6,COD,292,9,1,214.1,4,0,3,0
2287,Footwear,2727,0.1,COD,343,11,1,293.2,5,0,3,0
2288,Footwear,901,31.7,Wallet,131,7,1,445.8,7,1,,0
2289,Apparel,1011,28.3,COD,981,23,1,256.9,7,1,3,1
2290,Apparel,1070,34.7,COD,962,20,1,221.3,8,0,4,1
2291,Beauty,2226,17.9,Prepaid_UPI,271,7,2,414.3,5,0,1,0
2292,Home,3500,0,Wallet,247,4,0,143.3,1,1,1,0
2293,Home,4908,30,Prepaid_Card,5,5,1,287.1,3,1,3,1
2294,Apparel,1975,21.9,COD,157,6,0,123.9,1,0,2,0
2295,Apparel,1166,42.9,Prepaid_UPI,819,19,1,393.8,7,0,4,0
2296,Apparel,1991,22.4,COD,730,18,2,211.3,5,0,1,0
2297,Footwear,1046,21.3,Prepaid_UPI,204,4,0,290.4,7,0,2,0
2298,Apparel,1057,28.3,COD,19,0,0,466.4,7,0,,1
2299,Apparel,571,13,COD,937,16,3,133.5,4,1,2,0
2300,Footwear,2744,12.3,COD,109,3,0,320.3,8,0,,0
2301,Beauty,2400,20.5,Prepaid_UPI,76,1,0,397.1,7,1,2,0
2302,Footwear,3128,8.2,COD,1261,29,5,367.4,5,1,,0
2303,Electronics,28622,18.6,COD,255,6,1,209.6,5,1,3,0
2304,Electronics,13383,51.1,Prepaid_Card,635,15,4,90,8,1,5,1
2305,Electronics,41982,37.6,Prepaid_UPI,646,16,1,476.6,5,0,5,0
2306,Electronics,21853,26.6,COD,884,17,2,90,3,1,2,0
2307,Electronics,12895,45.3,Prepaid_UPI,76,3,0,78.4,2,1,1,0
2308,Electronics,44461,9.6,Prepaid_UPI,182,3,1,237.6,4,1,5,0
2309,Home,3558,59.4,COD,21,2,0,158.1,3,0,5,1
2310,Footwear,1986,15.1,Wallet,372,10,2,303.6,5,0,1,0
2311,Beauty,232,52.1,Prepaid_UPI,1393,33,1,380.1,3,0,5,0
2312,Apparel,721,52,COD,353,8,0,208.3,4,1,,0
2313,Electronics,36643,0,COD,373,9,1,737.6,7,0,4,0
2314,Apparel,1269,44,COD,583,15,2,138.7,8,1,2,1
2315,Electronics,43024,17.7,COD,280,3,0,68.9,3,1,4,0
2316,Apparel,551,13.5,Prepaid_Card,219,3,0,234.1,4,0,5,0
2317,Apparel,1509,29.9,Wallet,303,6,0,247.2,4,0,5,0
2318,Footwear,3380,6.9,Prepaid_UPI,122,0,0,334.4,5,0,4,0
2319,Electronics,28408,29.5,COD,127,2,0,187.9,5,0,3,0
2320,Beauty,1395,7.9,Prepaid_Card,209,4,1,87.9,3,0,5,0
2321,Apparel,1441,24.7,COD,244,6,1,254.5,6,1,,0
2322,Apparel,1641,42,Prepaid_Card,536,12,2,304.1,3,1,2,0
2323,Electronics,39011,27.8,COD,262,8,1,265.9,4,0,1,0
2324,Apparel,1005,16.6,Wallet,899,21,0,309.6,2,1,1,0
2325,Apparel,1227,30.1,Prepaid_UPI,396,9,1,284.6,7,0,4,0
2326,Beauty,1644,0.9,COD,652,14,3,266.5,6,1,3,1
2327,Apparel,966,9.4,Prepaid_UPI,107,2,0,172.7,5,1,,1
2328,Apparel,722,15.5,Prepaid_Card,364,8,0,165.7,6,0,1,0
2329,Home,7739,33.8,Prepaid_UPI,1321,34,5,586.7,7,0,2,0
2330,Electronics,9729,28.1,Prepaid_Card,12,0,0,130.3,6,1,3,0
2331,Home,2092,30,COD,291,5,1,593.7,6,1,,1
2332,Electronics,28298,21.6,Prepaid_Card,206,2,0,153.2,4,1,5,0
2333,Footwear,809,10.2,COD,28,1,0,510.9,1,0,3,1
2334,Apparel,461,44.3,Prepaid_Card,38,1,0,390.4,3,0,,0
2335,Electronics,4004,11.5,COD,328,6,1,341.3,9,1,,0
2336,Home,1249,28.3,Prepaid_UPI,477,12,1,23.3,4,0,,0
2337,Footwear,2217,20.3,Prepaid_UPI,905,21,6,169.5,8,0,,0
2338,Electronics,37522,30.4,COD,628,16,5,278.6,6,0,1,0
2339,Home,2933,12.9,COD,1246,30,3,409,4,0,2,1
2340,Apparel,1170,37.8,Prepaid_UPI,12,0,0,232.8,3,1,3,1
2341,Apparel,1480,42.7,COD,1334,31,1,99,3,0,,0
2342,Apparel,944,36.9,Prepaid_Card,364,6,0,243.2,4,1,3,0
2343,Footwear,2230,24.4,Prepaid_UPI,342,8,2,310,4,0,4,0
2344,Apparel,1095,15.5,COD,165,4,1,212.2,6,1,3,0
2345,Footwear,1868,64.3,Prepaid_UPI,444,10,0,563.9,3,1,4,0
2346,Apparel,1099,7.1,Prepaid_Card,1146,23,1,253.9,3,0,,0
2347,Footwear,544,35.2,Prepaid_Card,397,11,0,424.9,6,0,5,0
2348,Footwear,4045,27,COD,114,0,0,169.6,9,0,,1
2349,Apparel,2159,21.1,COD,402,10,1,365.4,5,1,4,0
2350,Apparel,1952,24.8,COD,278,3,0,151.5,5,1,,0
2351,Apparel,410,14.3,Wallet,145,3,1,371.1,4,0,4,0
2352,Footwear,3504,28.4,Prepaid_UPI,303,10,3,210.2,4,0,2,0
2353,Apparel,1432,26.8,Prepaid_UPI,211,9,2,101.9,4,1,5,1
2354,Home,1025,62.2,COD,116,0,0,189.1,4,1,1,0
2355,Electronics,42059,38.1,Prepaid_Card,18,0,0,135,6,0,3,0
2356,Footwear,3605,29.7,Prepaid_UPI,61,0,0,198.9,6,0,3,0
2357,Electronics,7564,30.6,Prepaid_UPI,750,21,2,103.7,4,1,3,0
2358,Electronics,43425,49.6,COD,218,5,1,89.7,3,0,1,0
2359,Beauty,447,7.4,Prepaid_UPI,133,5,0,129.5,3,1,,0
2360,Apparel,1218,19.3,COD,299,7,0,61.4,6,1,2,1
2361,Footwear,1136,0,COD,429,7,1,457.8,3,0,2,1
2362,Apparel,670,30.4,Wallet,379,5,0,240.9,2,0,2,0
2363,Electronics,43590,34.7,Prepaid_Card,126,2,1,257.5,5,1,2,0
2364,Footwear,2788,7.1,COD,1880,46,8,202.7,4,1,4,1
2365,Home,2296,43.5,Prepaid_Card,126,3,0,116.1,4,1,2,0
2366,Home,6278,11.2,Wallet,142,5,0,310.8,6,1,5,0
2367,Apparel,1975,16.9,COD,204,2,0,287.2,4,0,2,0
2368,Electronics,41391,23.8,Prepaid_UPI,881,19,2,120.9,3,0,3,1
2369,Electronics,42065,45.9,COD,319,9,2,376.7,5,1,5,1
2370,Electronics,40864,9.1,COD,79,0,0,105.5,3,0,4,0
2371,Electronics,29185,26.4,Prepaid_Card,184,4,0,252.8,6,0,4,0
2372,Electronics,16200,33.6,Prepaid_Card,94,0,0,410.5,5,0,3,0
2373,Apparel,2066,30.5,COD,206,6,0,505.3,2,0,5,1
2374,Apparel,620,31.1,COD,185,5,1,212.6,5,1,2,1
2375,Electronics,8593,33.4,Prepaid_Card,25,2,0,142.4,3,1,5,0
2376,Apparel,1181,13.7,Prepaid_Card,139,5,0,80,7,1,1,0
2377,Footwear,1635,47.3,Prepaid_UPI,430,9,1,191.7,4,0,3,0
2378,Home,5041,20.3,Prepaid_UPI,743,19,9,186.9,6,1,2,0
2379,Apparel,2030,18.3,COD,170,3,1,424.8,3,1,4,0
2380,Home,4081,42.2,Prepaid_Card,215,6,1,255.1,4,1,4,0
2381,Footwear,2715,12.5,Prepaid_Card,664,11,2,101.9,5,0,1,0
2382,Apparel,1162,26.8,Prepaid_Card,461,9,1,373.1,4,1,4,0
2383,Apparel,1674,11.2,COD,1011,27,2,414.5,3,0,,0
2384,Apparel,581,59.8,COD,217,6,1,274,6,0,2,0
2385,Apparel,487,56.6,COD,49,2,0,379.5,5,1,4,0
2386,Footwear,3065,20.3,COD,58,0,0,234,2,1,4,0
2387,Beauty,1407,29.8,Wallet,193,2,0,358,4,0,1,0
2388,Apparel,1133,22.1,Prepaid_Card,588,13,2,169.2,3,1,1,0
2389,Footwear,1836,16.8,Prepaid_Card,643,14,2,26.3,3,1,2,0
2390,Apparel,493,23.8,Prepaid_Card,124,7,1,514.9,4,1,1,0
2391,Home,5540,21.4,Prepaid_UPI,91,4,1,108.6,4,0,2,0
2392,Footwear,2186,0,Prepaid_Card,737,17,2,861.2,1,0,1,0
2393,Electronics,20703,25.9,Prepaid_Card,452,10,2,645.7,4,0,5,0
2394,Apparel,2008,21.4,Prepaid_UPI,43,2,0,524.9,7,1,4,1
2395,Home,5979,26.7,COD,211,2,0,143.7,8,1,,0
2396,Beauty,666,20.8,Prepaid_Card,358,4,1,195.5,2,0,,0
2397,Apparel,1583,16.6,Prepaid_Card,775,19,4,175.9,7,0,4,0
2398,Apparel,638,35.1,Prepaid_UPI,48,1,0,149.3,9,0,5,0
2399,Apparel,749,30,Wallet,759,14,1,170.1,4,0,5,0
2400,Home,5799,42.9,Prepaid_UPI,72,0,0,324.4,6,0,1,0
2401,Home,1269,29.4,Prepaid_Card,139,5,1,201.3,7,1,4,0
2402,Footwear,1621,19,COD,568,12,1,120.4,4,0,5,0
2403,Footwear,4092,31.3,Prepaid_Card,1397,32,1,72.3,7,0,5,1
2404,Footwear,3453,0,Prepaid_UPI,18,0,0,394.5,4,0,1,0
2405,Footwear,4218,53.6,Wallet,1127,25,4,267.2,7,0,1,1
2406,Apparel,1987,26.1,Prepaid_UPI,126,2,0,243.9,8,0,5,0
2407,Home,2707,54.8,COD,385,8,1,37.7,7,1,,0
2408,Apparel,1538,9,Prepaid_UPI,186,5,1,122.1,4,0,1,0
2409,Electronics,17787,5.2,Prepaid_UPI,360,7,1,247.5,6,1,1,1
2410,Beauty,1788,27.5,Prepaid_UPI,416,9,1,311.9,3,0,1,0
2411,Home,2983,27.4,Prepaid_UPI,531,13,5,29.3,2,1,3,1
2412,Beauty,153,27.1,Prepaid_Card,4,1,0,241.6,4,1,2,0
2413,Electronics,5314,24.8,Prepaid_Card,376,6,1,280.7,6,0,1,0
2414,Electronics,34970,12.6,COD,169,4,0,132.9,4,0,2,0
2415,Electronics,4879,0,COD,250,5,1,451,8,0,2,0
2416,Apparel,1479,26.2,Prepaid_UPI,1092,24,0,101.4,5,1,4,1
2417,Apparel,1944,2.8,Wallet,529,15,4,284.3,2,1,1,0
2418,Electronics,33660,1.3,Prepaid_UPI,209,5,0,179.5,4,1,5,0
2419,Apparel,1144,16.3,COD,341,12,2,330.7,3,1,1,0
2420,Beauty,640,28.5,COD,696,16,2,236.3,7,1,2,1
2421,Apparel,2061,51.8,COD,888,19,3,426.5,6,0,,1
2422,Apparel,1420,36.7,Prepaid_UPI,170,4,1,120.5,4,0,2,0
2423,Footwear,2122,43.5,Prepaid_Card,39,1,0,179.1,6,1,5,0
2424,Apparel,2096,31.8,Wallet,438,10,1,333.9,3,0,2,0
2425,Beauty,655,27.5,COD,196,2,1,258.3,2,0,1,1
2426,Footwear,2269,59.6,Prepaid_Card,50,1,0,337.4,2,1,5,0
2427,Apparel,596,2.2,Prepaid_UPI,382,7,1,371.3,1,1,4,0
2428,Home,1262,15.8,COD,75,4,0,361.6,2,0,1,1
2429,Home,3369,17,Wallet,67,0,0,280,6,0,3,0
2430,Footwear,3299,35.4,Prepaid_Card,607,14,4,367.7,6,1,3,1
2431,Footwear,1856,7.3,COD,303,4,1,222.4,3,1,4,1
2432,Home,5610,33.5,COD,269,7,1,321.5,1,1,2,0
2433,Home,6500,30.7,Prepaid_UPI,107,2,0,111.9,4,1,2,0
2434,Electronics,39638,34.2,Prepaid_Card,453,6,2,263.7,6,0,2,0
2435,Home,644,33.9,Prepaid_UPI,291,8,1,272.8,6,0,5,0
2436,Beauty,1968,45.1,Prepaid_UPI,295,2,0,549.7,5,0,2,0
2437,Home,1433,21.3,Prepaid_Card,92,2,0,207.7,2,1,2,1
2438,Home,5677,30,Prepaid_UPI,1296,30,6,92,6,1,4,0
2439,Electronics,17479,11,Wallet,452,13,1,90.9,5,0,1,0
2440,Footwear,3331,7.5,COD,93,0,0,548.3,6,0,2,1
2441,Beauty,652,48.5,Prepaid_UPI,212,4,1,487.9,3,1,3,0
2442,Apparel,1561,9.8,COD,836,21,2,293.4,6,0,5,1
2443,Apparel,626,31.6,COD,881,22,1,75,6,1,2,0
2444,Electronics,8635,30,COD,266,8,1,296.6,2,0,4,1
2445,Electronics,28113,39.6,Prepaid_UPI,1359,35,1,311.4,3,0,2,0
2446,Home,2893,0,COD,346,7,0,243.1,1,1,2,1
2447,Apparel,1667,35.4,Prepaid_Card,200,5,1,295.5,3,0,5,1
2448,Electronics,31210,21.1,Prepaid_UPI,87,1,0,190.3,4,0,1,0
2449,Home,5087,13,COD,238,1,0,75.7,1,0,1,0
2450,Home,5925,18.2,Prepaid_UPI,1093,24,3,391.6,7,1,1,1
2451,Home,6413,37.6,Wallet,897,16,3,287.8,7,0,1,0
2452,Footwear,4146,33,COD,874,18,5,488.8,4,0,3,1
2453,Home,920,20.1,COD,91,0,0,356.9,3,1,,0
2454,Footwear,2786,4.9,Wallet,434,11,1,142,4,0,5,1
2455,Home,6066,6,COD,806,16,3,63.1,8,0,,0
2456,Electronics,10702,33.3,COD,932,17,1,306,6,0,2,0
2457,Home,2330,2.8,Wallet,293,8,2,243.7,1,0,3,1
2458,Apparel,881,20.2,Prepaid_UPI,410,8,0,254.3,1,0,3,0
2459,Apparel,1430,62.2,Prepaid_Card,13,0,0,290.3,3,0,,0
2460,Electronics,17238,28.9,Prepaid_Card,713,14,2,56.6,4,0,5,1
2461,Footwear,3164,33.1,Wallet,582,15,2,220.8,1,0,2,1
2462,Home,4999,6.1,Prepaid_Card,685,16,2,141.7,4,1,3,0
2463,Apparel,1583,3.6,Prepaid_Card,45,0,0,265.3,1,1,2,0
2464,Home,2243,33.9,Prepaid_UPI,1361,26,4,147.2,5,0,1,0
2465,Apparel,1781,17.8,Prepaid_Card,129,8,1,190.2,5,0,4,0
2466,Footwear,3156,39.6,Prepaid_Card,220,9,1,183.3,8,0,1,0
2467,Footwear,1023,24.1,COD,350,11,1,190.7,4,1,4,0
2468,Home,1841,75,Prepaid_Card,452,9,1,377.8,4,0,5,0
2469,Home,2617,14.9,Prepaid_Card,384,8,1,182.7,7,0,,0
2470,Electronics,42199,27.8,COD,143,4,1,396.7,6,1,,1
2471,Electronics,15494,10.1,Prepaid_Card,757,15,4,42.7,5,1,4,0
2472,Footwear,580,39,Prepaid_UPI,107,0,0,149.7,4,1,4,0
2473,Footwear,1067,30.1,COD,68,4,0,54.2,8,1,,0
2474,Electronics,2609,9.1,COD,271,6,0,346.1,3,0,3,1
2475,Electronics,18844,18.7,COD,59,0,0,227.8,1,1,,0
2476,Apparel,1835,44.1,COD,1313,31,1,204.1,4,0,2,0
2477,Apparel,1211,42.3,Prepaid_UPI,460,9,1,162.6,4,0,1,0
2478,Apparel,1910,2.3,Prepaid_Card,139,0,0,380,7,0,2,0
2479,Electronics,3282,16.5,COD,151,1,0,274.7,5,0,2,0
2480,Beauty,1254,50.8,Prepaid_UPI,699,15,2,164.8,7,0,1,0
2481,Electronics,35674,21,COD,145,4,0,668.7,1,1,5,0
2482,Apparel,1614,26.3,COD,297,7,3,188.7,4,0,1,0
2483,Apparel,1935,38.9,Prepaid_UPI,785,20,2,73.7,8,1,2,0
2484,Electronics,13194,3.5,Prepaid_Card,271,6,1,424.2,2,0,4,0
2485,Footwear,2503,9.4,Prepaid_UPI,281,5,1,168.7,4,1,,0
2486,Electronics,30847,18.6,Prepaid_UPI,141,6,1,128.4,6,1,4,0
2487,Footwear,1174,41.6,Wallet,341,10,2,335.7,3,1,,0
2488,Footwear,3763,38.8,COD,344,7,0,290.1,6,0,4,0
2489,Apparel,961,34.3,Prepaid_UPI,1499,34,3,160.4,3,1,4,0
2490,Home,1018,21.4,Prepaid_UPI,572,12,3,153.9,4,1,5,0
2491,Beauty,1949,40.4,COD,488,9,4,368.9,6,1,3,1
2492,Electronics,32080,21.2,Wallet,30,5,0,251,2,0,5,0
2493,Apparel,1991,32.2,COD,460,9,1,369.4,3,0,5,1
2494,Beauty,2246,37.2,Prepaid_UPI,87,3,0,220.7,7,1,5,0
2495,Footwear,1614,49,Prepaid_Card,385,6,0,114.7,3,0,5,0
2496,Electronics,29292,22.7,Prepaid_Card,22,2,0,290,5,1,4,0
2497,Home,7993,18.1,COD,50,0,0,314.2,7,0,5,0
2498,Apparel,839,42.9,Wallet,835,22,7,201.4,5,0,3,0
2499,Footwear,2392,44.1,Prepaid_Card,251,9,1,220.6,5,1,1,1
2500,Electronics,41065,15.3,COD,290,8,2,128.2,8,1,2,0
2501,Apparel,586,6.9,COD,756,17,2,86.1,10,1,,1
2502,Home,7448,41.8,Prepaid_UPI,652,14,1,343.2,5,1,1,1
2503,Beauty,1297,0,COD,409,9,1,109.6,4,1,3,1
2504,Footwear,4072,0,Prepaid_Card,199,5,0,285.8,6,1,5,1
2505,Apparel,1518,19.5,Prepaid_UPI,376,9,1,385.9,3,1,5,0
2506,Apparel,1609,23.5,COD,615,16,4,316.9,7,1,2,0
2507,Beauty,1967,6.1,Prepaid_Card,1068,22,4,355.2,3,1,2,0
2508,Beauty,308,25.3,COD,506,14,2,450.9,4,0,,1
2509,Electronics,28696,26,Wallet,33,0,0,67.4,2,1,3,0
2510,Home,7414,14.8,Prepaid_UPI,912,19,7,315.6,3,0,1,1
2511,Electronics,43078,52.5,COD,2,1,0,257.2,7,0,,0
2512,Electronics,43612,28.4,Prepaid_Card,667,16,1,255,5,0,2,0
2513,Apparel,1562,38.9,Prepaid_Card,302,3,0,316.2,4,1,4,0
2514,Apparel,1540,0.2,Wallet,511,10,2,94.4,9,1,5,1
2515,Apparel,1394,0,COD,57,0,0,489.6,5,1,5,0
2516,Footwear,2930,28.9,Prepaid_Card,282,5,1,298,4,0,5,0
2517,Apparel,1502,49.8,Wallet,259,4,0,62.4,2,1,1,0
2518,Apparel,476,6.9,COD,208,5,2,331,3,1,,0
2519,Home,984,24.2,Prepaid_Card,228,3,0,66.6,2,0,3,0
2520,Apparel,1515,3.5,COD,596,12,4,386.6,3,1,,0
2521,Apparel,966,11.2,Prepaid_Card,521,14,5,381.7,3,0,1,0
2522,Home,2621,24.9,COD,131,7,1,109.8,4,0,3,0
2523,Electronics,9673,14.6,Wallet,197,3,0,74.2,6,1,1,0
2524,Home,6468,2.4,COD,301,9,2,307.8,4,0,2,0
2525,Beauty,2416,2.1,COD,176,5,1,68,8,1,4,0
2526,Apparel,1530,0,Prepaid_UPI,1782,36,1,201.3,6,0,2,0
2527,Beauty,2372,29.1,Prepaid_UPI,116,1,0,527.8,3,1,4,0
2528,Beauty,2227,31,Prepaid_UPI,195,0,0,212.7,5,1,2,0
2529,Footwear,1372,30.9,Prepaid_UPI,679,16,3,377,5,1,5,1
2530,Home,1482,8.4,COD,1654,35,5,462.8,8,1,1,0
2531,Home,1929,37.1,Prepaid_Card,211,5,1,427.5,6,1,2,0
2532,Home,1041,32.6,COD,260,11,0,262.1,5,1,4,0
2533,Home,4788,22.1,COD,713,19,3,139.9,8,1,5,1
2534,Apparel,909,19.6,Wallet,1,0,0,463.4,6,1,1,1
2535,Beauty,2295,12.3,Prepaid_UPI,77,0,0,5.3,6,1,4,0
2536,Home,5023,24.9,COD,708,18,2,34.8,8,0,5,0
2537,Footwear,1938,46.3,COD,110,0,0,88.5,6,1,,0
2538,Electronics,44327,39.1,Wallet,286,8,1,255.8,5,1,4,0
2539,Apparel,2116,18.2,COD,1516,39,6,517.3,4,0,3,0
2540,Electronics,35303,30.1,COD,83,3,0,453.2,1,1,,0
2541,Electronics,35876,5.5,COD,140,5,1,204.2,1,0,4,0
2542,Electronics,44004,33,COD,1327,32,7,386.3,4,1,3,0
2543,Electronics,27500,9.5,COD,930,20,5,228.7,3,0,2,0
2544,Apparel,1984,32.4,Wallet,216,5,1,181.6,5,0,3,0
2545,Electronics,4039,66.5,COD,230,3,0,314.7,7,1,1,1
2546,Electronics,25468,13.4,Prepaid_Card,69,4,1,208.9,3,0,5,0
2547,Beauty,1331,65.8,Prepaid_UPI,559,10,2,301,1,1,1,0
2548,Apparel,468,29.4,Prepaid_Card,28,2,1,405.9,2,0,3,0
2549,Apparel,557,10.8,Prepaid_UPI,1187,29,4,340,2,0,,0
2550,Apparel,439,10.1,Prepaid_UPI,200,3,0,107.6,2,0,5,0
2551,Home,2564,57.5,Prepaid_Card,28,0,0,154.5,5,0,3,0
2552,Electronics,3544,29.4,Prepaid_Card,488,11,2,522.9,8,1,4,1
2553,Home,3558,13.5,Prepaid_UPI,622,12,0,388.2,6,0,3,0
2554,Beauty,2060,18.9,Prepaid_UPI,209,5,1,262,6,1,4,0
2555,Apparel,1505,28.5,Prepaid_UPI,406,7,1,187.2,5,1,2,0
2556,Home,5488,21.9,COD,306,5,1,379.6,2,1,,1
2557,Apparel,457,27.2,Prepaid_UPI,773,18,4,169.9,9,1,5,1
2558,Apparel,1911,48.6,Prepaid_UPI,253,7,0,306.7,4,0,4,0
2559,Electronics,7603,5.1,COD,1147,25,8,221.2,6,1,3,0
2560,Apparel,945,31.7,Prepaid_UPI,593,10,1,265.7,1,0,2,0
2561,Home,4279,20.9,COD,338,10,1,199,4,1,3,0
2562,Home,7461,14.5,COD,121,2,0,353.7,4,0,1,0
2563,Footwear,4493,38.1,Prepaid_UPI,92,6,1,49.5,4,1,1,0
2564,Electronics,35481,0.1,COD,726,16,5,102.1,1,0,,0
2565,Home,5916,0,COD,103,3,0,203.5,5,1,2,0
2566,Electronics,24312,25.4,COD,253,5,2,250.8,7,0,4,1
2567,Apparel,1598,19.9,Prepaid_UPI,137,4,0,479.7,9,0,2,0
2568,Apparel,660,1.7,Prepaid_Card,210,12,0,399.6,8,1,1,1
2569,Home,2373,0,Prepaid_UPI,10,0,0,82.3,7,1,,0
2570,Beauty,2464,51,Prepaid_UPI,92,5,1,268.3,8,1,3,0
2571,Apparel,2163,28.9,Prepaid_Card,415,9,0,245.4,9,0,2,1
2572,Home,2787,22.3,Wallet,519,14,0,67.7,2,1,2,0
2573,Footwear,1464,54.9,Prepaid_UPI,856,15,1,306.4,5,1,3,0
2574,Footwear,1418,37.3,COD,107,6,1,272.7,2,0,3,0
2575,Home,4033,48.5,Wallet,36,1,0,404.5,6,0,4,0
2576,Home,2023,4.3,Prepaid_Card,77,1,0,253.2,4,1,2,0
2577,Home,5293,3.7,COD,269,8,0,141.6,4,0,,0
2578,Footwear,799,31.3,COD,78,2,0,252.9,4,1,4,1
2579,Apparel,587,28.2,Prepaid_Card,243,3,0,106.3,1,0,1,0
2580,Beauty,801,40.7,COD,624,9,1,205.9,1,0,4,0
2581,Apparel,1799,0,Prepaid_Card,742,20,2,130.9,6,1,3,1
2582,Footwear,1793,32.6,COD,405,9,2,471,3,1,,0
2583,Apparel,1247,36.8,Prepaid_Card,287,5,1,224.2,7,1,3,0
2584,Apparel,1582,36,COD,258,5,0,130,4,0,,1
2585,Apparel,1819,15.9,Prepaid_UPI,330,10,1,542.5,1,1,5,0
2586,Electronics,14651,29.8,COD,241,4,1,236.7,1,0,,1
2587,Electronics,33216,10.4,COD,6,1,0,147.3,3,0,,0
2588,Apparel,915,17.6,Prepaid_Card,236,5,1,190.3,2,0,1,0
2589,Electronics,29428,6.4,Prepaid_Card,120,0,0,362.5,4,1,2,1
2590,Electronics,20949,10.6,Prepaid_Card,6,2,0,310.7,5,1,5,0
2591,Footwear,4207,18.4,Prepaid_Card,99,4,0,265.9,5,1,4,0
2592,Footwear,4428,14.6,COD,358,7,2,99.1,5,1,2,0
2593,Home,6261,10.6,Prepaid_UPI,1,0,0,521.7,6,1,3,1
2594,Apparel,2048,2.5,Prepaid_Card,37,1,0,393.9,7,1,,0
2595,Apparel,646,51.4,COD,141,4,0,685.8,2,0,4,0
2596,Beauty,1688,14.5,Prepaid_UPI,317,11,2,225.5,1,0,3,0
2597,Apparel,757,26.9,Prepaid_UPI,303,6,0,235.5,3,1,1,0
2598,Electronics,13331,0,Prepaid_Card,274,5,1,46.1,5,0,4,1
2599,Beauty,1379,42.4,Prepaid_Card,377,8,1,205.2,3,0,5,1
2600,Beauty,1894,24.5,COD,6,0,0,74.4,6,1,4,0
2601,Electronics,32801,15.3,Prepaid_Card,41,0,0,193.7,2,0,2,0
2602,Home,6995,15.5,COD,901,20,3,440.3,8,0,2,1
2603,Electronics,25696,35,COD,121,4,0,306.8,6,0,,0
2604,Footwear,4205,0,Wallet,517,11,0,460.6,4,1,3,0
2605,Apparel,1998,9.6,Prepaid_UPI,23,0,0,377.3,3,1,2,0
2606,Apparel,1928,20.2,COD,195,3,0,203.5,4,0,5,1
2607,Home,2067,20,COD,237,6,1,109.4,7,0,,0
2608,Apparel,1357,59.6,Prepaid_UPI,382,9,0,387.8,4,1,1,0
2609,Home,5969,16.9,COD,751,18,2,225.6,3,1,4,0
2610,Electronics,43953,36.9,COD,198,5,0,424.1,4,1,3,1
2611,Footwear,547,49.2,COD,64,2,0,278.5,2,0,4,0
2612,Footwear,1808,32.1,Prepaid_UPI,239,8,1,309.3,7,1,1,0
2613,Electronics,16195,11.9,Prepaid_Card,21,2,0,371.9,6,0,5,0
2614,Footwear,1654,2.7,COD,612,15,1,489.5,6,1,1,0
2615,Apparel,1871,33.2,COD,232,2,0,220.8,8,0,2,0
2616,Electronics,3174,46.7,Prepaid_Card,40,3,0,225.1,3,0,1,0
2617,Apparel,1047,30.2,Prepaid_Card,109,2,0,361.3,5,0,4,0
2618,Footwear,3347,40.5,Prepaid_UPI,406,9,1,147.3,4,0,2,0
2619,Footwear,2127,60.9,COD,364,6,0,347.1,8,1,3,0
2620,Beauty,489,34.6,Prepaid_UPI,55,5,0,378.7,4,1,3,0
2621,Footwear,2943,5.5,Wallet,21,0,0,735.5,1,1,2,1
2622,Beauty,1378,22.8,Prepaid_Card,635,17,6,337.7,3,1,4,1
2623,Apparel,2167,42.6,COD,2,1,0,468.7,6,1,2,1
2624,Beauty,1909,18.3,Prepaid_UPI,169,0,0,199.6,6,0,5,0
2625,Home,7894,44.6,COD,154,7,2,189.7,4,0,4,1
2626,Electronics,9362,21,COD,155,4,1,236.4,4,0,,0
2627,Home,6164,27,COD,119,0,0,167.4,5,0,1,0
2628,Electronics,25362,16.7,Wallet,356,7,2,344.5,6,0,5,0
2629,Apparel,1683,24.4,COD,689,16,2,139.3,5,1,5,1
2630,Apparel,1242,25.2,Prepaid_UPI,340,11,0,134.1,4,0,3,1
2631,Apparel,782,0,Prepaid_Card,214,4,1,126.6,4,1,5,1
2632,Electronics,3203,15.4,Prepaid_Card,501,6,1,311.5,3,1,,0
2633,Footwear,3853,3.5,COD,112,5,2,134.5,7,0,,1
2634,Home,6574,15.9,Prepaid_Card,159,5,1,134,4,1,3,0
2635,Electronics,8319,10.1,COD,241,1,0,135.5,2,0,4,0
2636,Electronics,29459,37.2,Prepaid_Card,745,17,3,46.5,9,0,5,1
2637,Electronics,33513,37.4,COD,21,1,0,183.4,3,0,2,0
2638,Apparel,1404,30.4,COD,64,1,0,350.6,3,1,3,0
2639,Footwear,1769,3,Prepaid_Card,263,4,0,328.1,2,1,3,0
2640,Apparel,1986,20.5,COD,26,0,0,334.1,3,1,4,1
2641,Home,5247,1.8,COD,363,7,2,376.5,6,1,3,1
2642,Footwear,3381,19.8,Wallet,23,1,0,354.9,1,1,1,0
2643,Home,5321,31.7,COD,154,5,0,199.7,5,1,5,1
2644,Footwear,3385,36.9,COD,507,7,3,360.3,3,1,5,1
2645,Apparel,661,29.1,COD,364,9,1,122.7,3,0,5,0
2646,Footwear,4190,40.9,COD,411,10,2,263.3,1,0,3,1
2647,Footwear,1643,25.9,Prepaid_UPI,608,14,0,126.5,4,0,2,1
2648,Footwear,3846,18.5,COD,540,11,0,170.1,1,1,,0
2649,Home,7179,35.1,Prepaid_Card,673,18,0,486.9,4,1,5,0
2650,Footwear,3105,35.6,Prepaid_Card,424,12,3,202.2,5,0,5,1
2651,Beauty,1556,14.1,COD,61,1,0,169.6,1,1,3,0
2652,Electronics,5976,27.7,Wallet,91,2,0,404.5,6,1,1,0
2653,Footwear,2245,17.6,Wallet,474,12,1,159.4,1,0,2,0
2654,Footwear,2947,0,COD,884,22,5,322.3,8,1,1,0
2655,Electronics,4786,28.6,COD,205,3,0,278.7,4,0,3,0
2656,Beauty,412,2.6,COD,309,5,0,231.2,3,0,5,0
2657,Electronics,44714,26.9,COD,689,16,4,148.3,5,0,4,1
2658,Home,2858,0,Prepaid_Card,472,8,2,562.4,3,0,2,0
2659,Apparel,1030,11.2,Prepaid_Card,583,9,1,165,1,1,1,0
2660,Apparel,853,15.5,Prepaid_Card,66,0,0,501.8,7,0,1,0
2661,Footwear,3084,40,COD,47,2,0,334.8,4,0,2,1
2662,Electronics,21921,14,COD,919,24,2,401.1,5,0,5,0
2663,Electronics,35821,5.9,Wallet,142,2,0,276,4,0,,0
2664,Apparel,1322,27.5,Wallet,93,2,0,573.2,3,0,2,0
2665,Electronics,1875,18.7,COD,25,1,0,656.5,2,1,2,0
2666,Footwear,2431,33.9,Prepaid_Card,32,0,0,216.2,6,1,5,1
2667,Footwear,721,6.8,Prepaid_Card,341,6,1,171.1,6,1,4,0
2668,Apparel,1888,25.2,Prepaid_UPI,1304,30,7,260.4,4,1,5,1
2669,Home,1175,59,Prepaid_Card,173,1,0,210.6,7,0,5,0
2670,Electronics,10703,18.4,Prepaid_UPI,725,15,0,459.2,4,0,1,0
2671,Home,3842,24.8,COD,703,15,3,344.4,7,1,,1
2672,Electronics,9749,0,COD,191,5,1,115.5,8,1,,1
2673,Electronics,24818,9.2,Wallet,212,2,0,113.3,7,1,4,0
2674,Electronics,21379,28.9,COD,230,5,1,285,5,1,1,1
2675,Home,7634,17.1,COD,936,18,1,457.5,2,0,4,0
2676,Electronics,5071,31.2,Prepaid_UPI,113,1,0,153.7,5,0,2,0
2677,Electronics,26461,28.4,Prepaid_UPI,37,2,0,328.9,3,0,4,0
2678,Footwear,3382,2.2,Prepaid_UPI,100,2,0,377.9,6,0,1,0
2679,Footwear,1011,37.2,Prepaid_UPI,367,11,3,339.1,8,0,2,0
2680,Electronics,29077,3.4,Prepaid_UPI,384,8,1,98.6,4,1,5,0
2681,Footwear,3957,10.5,COD,608,15,2,194.6,2,0,,1
2682,Footwear,3650,25.4,Prepaid_Card,334,9,0,196.1,6,0,5,0
2683,Apparel,2083,45.5,Prepaid_UPI,5,0,0,378.3,4,1,4,1
2684,Home,5849,6.9,Prepaid_UPI,1196,24,2,184.1,8,1,,0
2685,Apparel,1109,24.2,COD,1605,35,0,118.1,5,0,2,1
2686,Footwear,4182,24.3,COD,264,5,1,364.8,4,1,2,0
2687,Apparel,806,31.9,Prepaid_UPI,156,2,0,139.7,5,1,3,0
2688,Home,4795,39.8,COD,48,1,0,78.3,5,1,3,0
2689,Apparel,1778,15.9,COD,19,0,0,190.8,1,0,1,0
2690,Electronics,39406,37.2,Prepaid_UPI,44,0,0,84.6,3,0,,0
2691,Beauty,2304,42,Prepaid_Card,981,20,0,68.3,7,1,2,0
2692,Electronics,4922,48.8,COD,1192,26,5,41.5,3,0,,0
2693,Footwear,3404,29.5,COD,91,0,0,316.2,4,0,1,0
2694,Beauty,630,24.4,COD,119,1,0,249.5,4,0,,0
2695,Footwear,3616,14.9,Prepaid_UPI,403,9,1,723.5,3,0,4,0
2696,Apparel,1661,0.1,Prepaid_Card,274,5,0,171.6,4,0,2,1
2697,Footwear,1225,17.8,COD,1518,34,2,535,2,1,,1
2698,Apparel,1899,23.7,COD,301,4,1,326.3,1,1,,0
2699,Electronics,21426,20.4,COD,149,2,0,178.9,5,0,3,0
2700,Footwear,2675,31,COD,1096,28,6,124.3,8,1,4,0
2701,Home,7780,0.2,COD,39,0,0,284,6,1,,0
2702,Electronics,29960,19.3,Prepaid_Card,49,0,0,136.5,6,0,5,0
2703,Electronics,26979,51.9,COD,133,4,1,280.7,7,1,1,1
2704,Footwear,567,36.9,COD,311,5,0,133.7,5,0,1,0
2705,Home,1834,31.2,Prepaid_Card,1472,33,7,109.6,5,1,2,0
2706,Electronics,2364,27.9,Prepaid_Card,415,9,0,65.1,3,0,2,0
2707,Footwear,1833,16.5,COD,95,3,1,269.1,6,1,5,0
2708,Apparel,1020,0,COD,578,13,4,234.8,5,0,2,1
2709,Apparel,1355,28.9,COD,122,2,1,107.1,3,1,4,0
2710,Home,5611,0,COD,236,8,1,220.8,4,0,1,0
2711,Beauty,571,17.1,Prepaid_UPI,762,12,1,85.8,2,0,3,0
2712,Apparel,1483,21.9,COD,1,0,0,246.1,6,0,4,0
2713,Apparel,2051,15.3,Prepaid_UPI,606,12,0,224.9,8,0,4,0
2714,Apparel,733,54.6,Prepaid_UPI,348,4,0,355.2,2,0,3,0
2715,Footwear,3136,49.4,COD,331,6,2,82.4,7,0,3,1
2716,Apparel,482,37.5,COD,500,10,1,40.1,7,0,4,1
2717,Electronics,24464,8.1,COD,139,5,1,509.4,2,0,3,0
2718,Beauty,1893,50.8,COD,30,0,0,299.6,1,0,3,0
2719,Apparel,461,31.3,Prepaid_Card,11,0,0,153.9,5,1,5,1
2720,Home,2869,7.9,COD,861,18,2,486.6,4,0,2,0
2721,Electronics,39655,22.5,Prepaid_UPI,490,9,2,713.8,4,1,5,0
2722,Footwear,1402,36.4,Prepaid_Card,141,5,1,311.2,7,0,1,0
2723,Electronics,32862,13,Prepaid_UPI,213,7,0,221,4,0,3,0
2724,Electronics,28016,24.1,Prepaid_UPI,697,13,1,99.8,10,0,5,0
2725,Apparel,695,26.7,Prepaid_Card,121,6,1,186.3,1,1,2,0
2726,Footwear,3467,5.5,Wallet,182,3,0,99.7,3,0,1,0
2727,Footwear,2628,17.9,Wallet,445,8,1,307.5,3,0,4,1
2728,Apparel,602,6.6,COD,164,5,1,837.5,4,1,3,0
2729,Electronics,42782,35,COD,185,5,0,327.4,8,0,3,0
2730,Footwear,2468,8.4,COD,1059,23,2,487,2,0,,0
2731,Apparel,1741,26.4,COD,151,3,0,216.4,3,1,2,0
2732,Apparel,792,1.1,Prepaid_Card,230,7,2,301.8,3,0,2,0
2733,Home,1356,5,COD,336,6,1,198.2,4,0,2,0
2734,Electronics,33669,4.3,Prepaid_Card,56,1,0,79.2,5,0,3,0
2735,Apparel,1613,17.7,Prepaid_UPI,537,15,1,50.4,4,0,4,0
2736,Electronics,13206,24.7,COD,32,0,0,794,2,0,4,0
2737,Apparel,1743,27.5,Prepaid_Card,388,8,1,164.8,4,0,2,0
2738,Electronics,23319,0,COD,31,3,0,219,8,1,2,0
2739,Home,2984,19.5,Prepaid_UPI,1141,26,3,52.6,7,1,4,0
2740,Home,6359,10.7,Prepaid_Card,1419,33,11,199.3,3,1,2,0
2741,Apparel,1510,30,COD,706,13,1,366.8,5,1,1,0
2742,Footwear,2529,18,Prepaid_UPI,117,3,0,347.8,6,0,1,0
2743,Apparel,1792,20.8,COD,503,11,2,248.1,6,0,,1
2744,Footwear,2679,10.8,Prepaid_UPI,561,17,2,380.1,8,0,1,0
2745,Electronics,42308,47.9,Prepaid_Card,253,7,3,167.8,5,1,4,1
2746,Footwear,3772,2.7,COD,226,5,1,497,2,1,,1
2747,Apparel,1045,16,Prepaid_UPI,70,2,0,984.5,1,1,1,0
2748,Apparel,1237,23.6,Prepaid_UPI,660,15,1,451.2,6,0,4,0
2749,Electronics,43131,18.2,Prepaid_UPI,277,8,1,221.5,1,1,5,1
2750,Apparel,2011,10.5,Prepaid_Card,400,7,1,143.8,6,1,1,0
2751,Apparel,744,0,Prepaid_UPI,79,4,1,102.6,3,0,2,1
2752,Footwear,1597,11.6,COD,28,0,0,240.5,2,1,,0
2753,Footwear,1958,7.6,Prepaid_UPI,1,0,0,102.9,6,0,4,0
2754,Apparel,1984,47.2,Prepaid_UPI,688,14,0,281.6,2,1,3,0
2755,Footwear,4210,56,COD,779,17,2,226.1,6,0,,0
2756,Footwear,3709,21.2,COD,536,14,1,142,5,0,3,1
2757,Footwear,1603,0.9,COD,558,9,0,257.7,1,1,3,0
2758,Home,7130,33.1,COD,617,13,0,274.6,8,0,2,0
2759,Home,553,7.3,COD,509,8,1,326,7,1,5,0
2760,Electronics,19719,13.8,COD,370,8,1,234.4,7,0,4,1
2761,Home,3208,12.6,Prepaid_Card,660,12,3,310.9,7,0,3,0
2762,Beauty,1408,14.5,COD,367,8,2,473.1,3,1,4,0
2763,Apparel,1409,16.7,COD,432,9,2,109.7,7,0,2,1
2764,Apparel,806,2.3,Prepaid_UPI,12,2,1,105.2,6,1,1,1
2765,Apparel,768,11.5,COD,66,4,0,371.7,1,1,,0
2766,Beauty,2038,37.3,Prepaid_Card,44,1,0,164.7,2,0,5,0
2767,Electronics,4537,21.5,Prepaid_UPI,506,13,1,481.5,3,0,4,0
2768,Home,4098,23.9,Wallet,749,19,3,416,8,0,3,0
2769,Footwear,1267,0,Prepaid_Card,17,0,0,489.7,2,0,3,0
2770,Beauty,901,36.2,COD,7,3,0,76.6,3,1,4,0
2771,Apparel,899,11.7,COD,1158,26,3,227.3,2,0,5,1
2772,Footwear,3334,38.9,Wallet,955,19,1,312.6,3,0,3,0
2773,Footwear,2324,24.3,Prepaid_UPI,132,4,0,121.1,7,0,2,0
2774,Apparel,939,13.6,Prepaid_UPI,165,4,0,220.3,1,0,1,0
2775,Footwear,3825,0,Prepaid_UPI,261,3,0,290,6,0,1,0
2776,Electronics,4958,54.6,COD,341,5,0,149.5,3,0,3,0
2777,Home,6201,34,Prepaid_Card,1127,28,2,119.6,9,1,4,0
2778,Electronics,12076,34.9,Prepaid_UPI,58,2,0,191.4,5,1,,0
2779,Apparel,2052,49.3,Prepaid_UPI,166,7,1,504,4,0,1,1
2780,Apparel,410,25.4,COD,607,13,3,324.1,3,0,3,0
2781,Apparel,1402,42.3,Prepaid_Card,731,15,1,268.5,5,1,1,0
2782,Apparel,1520,14.8,COD,32,0,0,401.2,1,1,5,0
2783,Home,4745,33.1,Wallet,275,8,0,232.5,5,1,5,0
2784,Electronics,36898,12.5,COD,219,6,0,174.9,3,1,3,0
2785,Apparel,602,14.4,Prepaid_UPI,244,5,0,125.6,3,0,4,1
2786,Home,3500,23.5,COD,273,4,0,208,9,0,,0
2787,Home,6951,3,Prepaid_Card,21,3,1,357.1,8,1,1,1
2788,Electronics,40127,26.9,Prepaid_Card,164,3,0,34.9,8,1,3,0
2789,Beauty,1321,17.3,COD,7,0,0,176.2,6,1,,1
2790,Electronics,25639,0,Prepaid_UPI,242,4,0,216.9,5,1,2,0
2791,Footwear,3556,15.1,Prepaid_UPI,297,6,2,174.1,8,1,2,1
2792,Apparel,1803,16.8,Prepaid_UPI,520,13,2,57.3,5,0,5,0
2793,Footwear,4052,34.8,COD,297,4,0,409.3,6,0,3,0
2794,Beauty,2133,26.3,Prepaid_UPI,737,17,3,313.4,8,0,3,0
2795,Footwear,2158,43.7,Prepaid_Card,151,5,2,181.2,6,0,2,0
2796,Home,5303,29.8,Prepaid_Card,70,1,1,391.2,5,0,4,0
2797,Home,4021,13.7,Prepaid_Card,94,4,0,88.3,6,0,2,0
2798,Electronics,6367,21.1,Prepaid_Card,295,9,0,319.4,5,1,3,0
2799,Home,6627,16.8,COD,94,4,1,135.9,6,1,1,0
2800,Footwear,2907,29.3,COD,745,15,3,334.6,6,1,2,1
2801,Beauty,286,22.9,COD,1252,28,6,277.1,2,1,5,0
2802,Electronics,30847,12.6,COD,125,3,0,282,3,0,4,0
2803,Apparel,910,22.1,COD,1312,28,1,288.5,6,1,,0
2804,Home,833,28.9,COD,293,6,0,216.3,5,1,1,0
2805,Apparel,1492,6.9,Prepaid_UPI,103,1,0,277.9,4,0,2,0
2806,Apparel,1718,26.8,Prepaid_Card,93,7,0,104.9,5,1,5,0
2807,Electronics,23857,0,COD,272,6,0,218.8,1,0,4,0
2808,Footwear,523,38.6,Prepaid_UPI,189,6,1,101.6,4,0,5,0
2809,Apparel,1438,29.9,Wallet,1443,30,1,579.6,4,0,,0
2810,Apparel,412,46.4,Prepaid_UPI,327,11,1,136,5,0,3,0
2811,Apparel,2068,5.3,Prepaid_UPI,248,5,0,523.6,6,0,,0
2812,Footwear,1569,39,Wallet,145,3,1,425,4,1,,1
2813,Home,7007,36,Prepaid_Card,762,13,4,192.2,7,1,1,0
2814,Apparel,422,19.3,Wallet,947,23,1,155.5,2,0,1,0
2815,Apparel,575,16.4,Wallet,457,13,3,205.1,6,1,4,1
2816,Home,3776,5.7,COD,728,14,5,682.8,3,1,4,1
2817,Apparel,1765,1.8,Prepaid_UPI,234,8,2,182.3,7,1,,0
2818,Home,7558,10.7,Prepaid_UPI,421,7,1,472.3,5,1,2,1
2819,Electronics,24024,3.2,Prepaid_UPI,579,14,6,520.1,2,0,4,0
2820,Beauty,985,45.9,Prepaid_UPI,202,4,1,164.4,5,1,3,1
2821,Apparel,480,0,COD,1658,40,10,216.2,5,1,5,0
2822,Home,4795,24.2,COD,262,6,1,76,5,1,5,1
2823,Apparel,1084,28.5,Prepaid_Card,108,4,1,271.3,5,0,1,0
2824,Beauty,2286,27.4,Prepaid_UPI,303,9,1,271.5,4,0,4,0
2825,Beauty,1278,28.7,Prepaid_UPI,371,8,1,229.3,3,1,1,0
2826,Footwear,3562,36.2,Prepaid_UPI,933,21,0,208.3,1,0,,0
2827,Electronics,38352,15.3,Prepaid_UPI,318,5,0,369.7,6,1,1,0
2828,Apparel,577,23.3,Wallet,67,1,0,430.1,6,0,4,0
2829,Footwear,2263,17.6,COD,82,6,0,393.1,9,1,5,0
2830,Footwear,4075,41.5,Wallet,505,13,2,231.4,4,1,1,0
2831,Apparel,1164,53.5,COD,154,1,0,345.1,5,0,5,1
2832,Electronics,25954,4.1,Prepaid_Card,177,7,0,241.7,5,1,2,0
2833,Electronics,39442,0,COD,332,8,2,201.2,6,0,2,1
2834,Footwear,1430,30.5,Prepaid_Card,161,5,2,252.6,3,0,2,0
2835,Home,7188,38.1,COD,33,2,0,181.7,5,0,1,0
2836,Home,3357,51.4,COD,8,1,0,128.6,5,0,3,0
2837,Home,4866,33.1,Prepaid_Card,47,0,0,487.6,6,0,4,0
2838,Apparel,990,42.9,Prepaid_UPI,437,12,1,372.5,9,0,4,1
2839,Electronics,24288,46.9,COD,605,9,1,137.2,5,1,4,1
2840,Apparel,489,44,Prepaid_UPI,435,12,4,146.6,1,1,5,0
2841,Footwear,761,35.2,COD,177,4,0,279.2,2,1,3,1
2842,Electronics,19365,2.8,COD,84,4,1,240.4,7,1,,0
2843,Electronics,15871,21.9,COD,176,4,1,171.3,1,1,2,0
2844,Apparel,1508,26.5,Prepaid_Card,226,7,2,192.3,5,1,4,0
2845,Apparel,468,20.5,Prepaid_UPI,144,3,0,158.2,3,1,4,1
2846,Home,1591,21.4,Prepaid_Card,784,18,0,288.4,10,0,1,0
2847,Apparel,777,45.5,Prepaid_UPI,493,12,1,412.5,2,1,4,0
2848,Apparel,1193,10.6,Prepaid_Card,240,9,2,251.1,3,1,2,0
2849,Footwear,1487,34,Prepaid_UPI,18,2,0,212.8,6,0,1,0
2850,Electronics,7230,26.7,Wallet,215,2,1,124.9,4,0,5,1
2851,Electronics,27374,9.1,COD,890,19,6,88.8,3,1,2,0
2852,Electronics,33782,5.9,COD,437,11,4,104.7,2,1,1,0
2853,Footwear,3241,0,COD,261,8,1,290.6,3,1,5,1
2854,Electronics,13297,29.3,Prepaid_Card,818,17,5,295.7,3,1,1,0
2855,Footwear,3918,21.1,Prepaid_Card,286,11,1,67.8,4,1,2,0
2856,Beauty,1588,9.6,COD,162,4,0,101.7,9,0,2,0
2857,Home,5033,0,Prepaid_UPI,47,2,0,178.7,9,1,3,0
2858,Electronics,10523,28.5,Wallet,17,0,0,187.5,9,0,3,0
2859,Footwear,1469,19.4,COD,139,5,2,763.7,4,0,2,0
2860,Electronics,21994,11.3,COD,107,1,0,54.3,6,1,3,0
2861,Electronics,11617,7.5,COD,34,0,0,202.9,5,0,4,0
2862,Electronics,31338,18.4,COD,299,6,1,92.3,3,1,3,0
2863,Apparel,955,29,Prepaid_UPI,842,21,4,280.6,1,0,3,0
2864,Apparel,673,17.1,Prepaid_Card,518,12,2,166.4,1,0,4,0
2865,Electronics,7841,4.2,COD,43,0,0,185.4,5,0,3,0
2866,Apparel,629,21.1,Prepaid_Card,16,0,0,31.7,2,0,4,0
2867,Electronics,20461,37.7,COD,359,11,0,355.9,3,1,4,0
2868,Home,323,22.6,COD,496,11,1,702,5,0,4,0
2869,Beauty,1425,23,COD,584,14,0,226.6,1,1,2,0
2870,Apparel,937,17.1,Prepaid_Card,242,7,1,248,8,0,3,0
2871,Home,4554,8.7,Prepaid_Card,68,0,0,381.2,5,1,2,0
2872,Electronics,42172,8.2,Prepaid_UPI,406,12,3,238.3,4,0,3,0
2873,Apparel,1964,0,COD,358,6,0,234.9,3,1,1,0
2874,Apparel,1438,39.7,Prepaid_UPI,800,17,4,354,6,0,1,1
2875,Apparel,1153,28.9,COD,209,8,2,60.1,2,0,2,0
2876,Apparel,1657,23.2,COD,96,5,1,277.4,7,0,5,1
2877,Apparel,2062,26.4,Prepaid_UPI,25,2,0,163.6,6,1,4,0
2878,Electronics,22642,27.1,Prepaid_UPI,101,4,1,478.2,3,0,4,0
2879,Electronics,5550,11,COD,528,14,1,276.6,4,0,,0
2880,Apparel,1779,17.1,Prepaid_Card,243,8,1,163.5,7,0,2,1
2881,Apparel,419,14.9,Prepaid_UPI,255,9,0,322.9,5,0,5,0
2882,Apparel,1776,59.7,Wallet,339,8,0,383.2,4,0,4,0
2883,Home,954,37.3,Prepaid_Card,143,2,0,240,3,1,3,0
2884,Electronics,5870,24.5,COD,317,7,1,520.6,4,1,,0
2885,Home,6319,42.5,Prepaid_Card,336,8,2,460.4,4,0,2,0
2886,Apparel,1641,40.6,COD,1322,29,2,271.9,5,1,3,0
2887,Apparel,1411,1.3,COD,407,7,2,175.3,4,1,5,1
2888,Beauty,2078,18.7,Prepaid_Card,281,7,2,62.6,2,1,4,0
2889,Apparel,1932,21.8,Prepaid_UPI,270,3,1,201.5,7,0,3,1
2890,Apparel,1224,31.2,COD,77,2,0,165.3,6,1,,0
2891,Apparel,2193,18.6,Prepaid_UPI,393,9,3,268.3,2,0,5,0
2892,Beauty,990,20.5,Prepaid_UPI,127,3,1,223.9,3,0,5,0
2893,Home,1621,15.1,Prepaid_UPI,147,5,0,243,6,1,5,0
2894,Home,6814,37.7,COD,418,11,1,269.4,3,0,,1
2895,Beauty,1127,0.3,COD,333,12,1,431.3,4,1,5,0
2896,Apparel,1974,15.6,COD,103,1,0,181.1,4,1,,1
2897,Beauty,294,0,COD,448,11,1,188.4,3,0,2,0
2898,Apparel,600,6.6,COD,533,12,1,349.5,2,1,1,0
2899,Home,610,26.8,COD,86,2,0,535.1,4,0,3,1
2900,Electronics,27568,27,COD,100,0,0,303.1,2,0,5,0
2901,Electronics,37636,17.3,COD,424,7,1,758.8,3,1,5,0
2902,Beauty,1096,38.9,Wallet,157,4,0,233,6,1,4,0
2903,Apparel,563,42.3,Prepaid_UPI,43,0,0,315.1,3,1,,0
2904,Beauty,1028,21,COD,1023,22,4,182.7,6,1,1,0
2905,Electronics,16444,25.8,Wallet,117,1,0,868.4,7,1,4,0
2906,Home,5255,15.2,COD,948,20,6,389,4,1,3,0
2907,Beauty,1683,31.4,COD,214,7,1,290.5,6,1,3,1
2908,Apparel,585,4.1,Prepaid_UPI,264,4,1,898.9,3,1,2,1
2909,Beauty,1137,48.9,Prepaid_Card,114,4,0,172,6,1,1,0
2910,Home,5247,39.1,COD,1073,23,0,49.2,6,0,3,0
2911,Home,2293,4,COD,179,3,0,136.7,8,1,2,1
2912,Apparel,1133,10.2,Prepaid_Card,86,3,1,161.9,7,1,3,1
2913,Electronics,28080,28.3,Prepaid_Card,40,0,0,301.9,5,0,1,0
2914,Home,3402,16.9,COD,577,11,1,375.9,11,0,4,0
2915,Electronics,2552,30.2,Prepaid_Card,412,8,3,91.5,6,1,4,0
2916,Apparel,801,16.6,COD,60,0,0,324.3,7,1,3,0
2917,Apparel,1797,44.9,Prepaid_Card,748,17,1,56.8,3,0,1,0
2918,Footwear,1494,22.1,COD,190,0,0,120.9,4,0,3,0
2919,Apparel,1872,58.3,Prepaid_UPI,204,6,1,411.5,5,1,2,1
2920,Home,3895,31,Prepaid_UPI,425,11,1,536.6,2,1,1,0
2921,Beauty,1261,1.8,COD,1307,32,7,418.1,5,1,,0
2922,Apparel,1787,53.3,Prepaid_UPI,265,10,0,198.4,4,1,5,0
2923,Apparel,1090,38.5,COD,467,12,1,151,7,0,5,1
2924,Home,2136,27.7,COD,954,20,1,449.1,7,0,,0
2925,Apparel,589,31.7,Prepaid_Card,722,20,4,136,5,0,1,0
2926,Home,5474,4.2,Prepaid_Card,458,8,1,326.2,4,0,1,0
2927,Home,3919,0,Prepaid_UPI,397,5,1,175.1,8,0,3,0
2928,Home,6532,21.4,Wallet,625,18,5,309.5,1,0,2,0
2929,Electronics,21246,42.7,COD,167,5,1,88.2,1,0,5,0
2930,Home,3494,27.9,COD,340,4,0,559.8,6,1,1,0
2931,Home,2601,47.6,Prepaid_Card,708,13,2,97.3,4,1,,0
2932,Apparel,759,41.8,COD,82,3,0,129.6,4,0,2,0
2933,Home,6694,22.3,COD,186,2,0,268.3,1,1,5,0
2934,Footwear,881,39.8,Wallet,248,4,0,511.4,3,1,5,1
2935,Home,7246,44.8,Prepaid_UPI,85,6,1,115.7,8,0,4,0
2936,Electronics,2379,20.8,Wallet,317,11,1,200.4,7,1,2,0
2937,Electronics,24075,18.8,COD,10,1,0,237.9,6,1,4,0
2938,Apparel,505,24.1,COD,1785,39,3,421.7,3,0,3,0
2939,Apparel,1803,0,Prepaid_Card,249,7,1,104.5,4,1,5,0
2940,Apparel,781,26.2,Wallet,68,0,0,348.8,4,1,4,0
2941,Beauty,1480,32.8,COD,293,2,0,477.2,3,0,3,0
2942,Apparel,2050,24.2,COD,487,5,1,283.5,3,1,3,0
2943,Footwear,3097,27.2,COD,1089,24,1,76.4,4,1,1,1
2944,Apparel,721,21.3,Prepaid_UPI,154,5,1,365.2,1,1,4,0
2945,Apparel,1834,0,Prepaid_UPI,306,7,1,497.3,7,1,5,0
2946,Electronics,20537,46.9,Prepaid_UPI,46,3,1,198.5,4,0,3,0
2947,Electronics,1777,16.5,COD,103,4,0,90.7,3,0,3,1
2948,Footwear,2447,12.7,Prepaid_UPI,124,6,0,288.3,1,1,2,0
2949,Beauty,2059,42.4,Prepaid_Card,1,0,0,233.1,6,0,3,0
2950,Footwear,2220,36.7,COD,287,7,0,110.9,2,1,3,0
2951,Apparel,1765,26.1,COD,68,1,0,358.3,6,0,5,0
2952,Footwear,3322,33.5,Prepaid_Card,232,5,0,293.4,3,1,5,0
2953,Apparel,1222,4.7,COD,767,14,2,229,5,1,2,0
2954,Beauty,910,20.8,Wallet,153,6,1,212.8,2,0,1,0
2955,Electronics,33022,41.4,Prepaid_Card,3,0,0,289.9,4,0,3,0
2956,Electronics,17359,11.8,COD,277,5,1,120.5,4,1,5,1
2957,Apparel,706,7,Prepaid_UPI,576,12,3,420.5,5,0,2,0
2958,Apparel,978,23.2,Prepaid_Card,968,19,1,479,6,1,4,0
2959,Apparel,1978,23.5,COD,51,1,0,214.3,6,1,1,1
2960,Beauty,816,31.7,Prepaid_Card,835,20,2,190.4,8,1,5,0
2961,Footwear,1440,1.3,COD,852,18,3,139.2,1,1,1,1
2962,Beauty,464,0,COD,480,13,5,95.4,9,0,2,0
2963,Apparel,499,35.8,Prepaid_UPI,303,6,1,177.1,7,1,2,1
2964,Home,7821,5.8,Prepaid_Card,390,6,1,252.5,4,1,2,0
2965,Apparel,1366,12.9,COD,54,4,1,366.5,7,1,4,1
2966,Home,5918,0,COD,1164,26,1,105.6,8,0,,1
2967,Electronics,35056,37.3,Prepaid_Card,816,20,1,220.3,7,0,1,1
2968,Apparel,1034,27.3,COD,246,7,2,229.2,2,1,1,0
2969,Home,6452,26.7,Wallet,101,0,0,319,5,0,1,0
2970,Apparel,2131,26.6,Prepaid_Card,2218,48,2,164.4,6,1,3,1
2971,Electronics,33689,0,Prepaid_UPI,286,8,1,518.6,4,1,1,0
2972,Home,5780,7.2,COD,411,13,1,410.6,5,1,,1
2973,Apparel,1178,15.2,Prepaid_UPI,1411,31,2,266.8,6,0,4,0
2974,Beauty,2127,10.8,COD,64,0,0,487.9,2,1,4,0
2975,Electronics,5091,17.9,COD,275,9,1,330,7,1,,0
2976,Footwear,3499,25.7,COD,445,9,1,453.5,5,0,,0
2977,Home,3087,37.1,COD,200,5,0,389.3,4,1,2,0
2978,Home,4658,0,Wallet,311,6,0,304.4,3,1,5,0
2979,Home,7176,21.9,Prepaid_UPI,669,15,6,311.2,4,0,4,0
2980,Footwear,2920,32.7,Prepaid_Card,24,0,0,272.4,7,1,5,0
2981,Home,497,8.1,Prepaid_Card,72,1,0,780.7,5,1,4,1
2982,Apparel,1701,19.1,Prepaid_Card,263,5,0,424.3,6,0,2,0
2983,Apparel,2072,29,Prepaid_Card,631,15,0,258.5,4,1,3,0
2984,Home,5243,22.2,Prepaid_UPI,125,3,1,507.7,5,1,5,1
2985,Apparel,1951,32.1,Prepaid_Card,189,6,1,163.2,1,1,4,0
2986,Apparel,1886,23.4,Prepaid_UPI,510,10,1,280.4,5,0,1,0
2987,Apparel,1950,17.3,COD,116,2,0,165.7,4,1,2,1
2988,Home,2950,4.4,Wallet,828,20,4,246.8,5,0,4,0
2989,Apparel,1253,25.7,COD,499,13,2,196.3,1,1,3,1
2990,Home,6830,23.5,COD,286,3,1,256.3,10,0,,0
2991,Footwear,4142,7.1,Prepaid_UPI,247,6,2,163.6,5,0,3,1
2992,Footwear,1087,30.7,COD,186,3,1,284.9,6,1,2,0
2993,Apparel,727,41,COD,201,6,1,99.5,5,0,2,1
2994,Home,2971,12.1,COD,655,18,1,207.8,4,0,5,0
2995,Home,6231,11.1,Prepaid_Card,8,0,0,175.2,5,1,3,0
2996,Electronics,39524,10.5,Wallet,404,8,1,30.9,7,0,,0
2997,Home,4768,0,Prepaid_UPI,1102,25,3,438.5,5,1,5,0
2998,Apparel,604,52.1,Prepaid_Card,977,22,4,602.7,6,1,3,0
2999,Beauty,864,15.3,Wallet,312,9,2,318.1,6,1,4,0
3000,Apparel,1943,9.1,Prepaid_Card,66,2,1,240.4,6,0,4,0
3001,Footwear,1890,5.1,Prepaid_UPI,96,1,0,175.2,9,1,2,0
3002,Home,1092,16.2,COD,258,4,0,278.7,5,1,2,1
3003,Apparel,944,11.6,Prepaid_Card,107,0,0,363.9,4,0,3,1
3004,Footwear,3727,43.6,COD,55,0,0,428.5,4,0,1,0
3005,Apparel,1288,3.3,COD,42,0,0,368,5,1,2,1
3006,Footwear,1186,0,Prepaid_UPI,256,6,1,160,2,1,4,0
3007,Home,2707,30.3,COD,770,17,5,186.8,8,0,2,1
3008,Apparel,2116,20.4,Prepaid_Card,289,5,0,121.5,4,0,1,0
3009,Apparel,1178,18.7,Prepaid_UPI,366,6,2,147.7,4,1,5,0
3010,Footwear,2266,30.4,COD,15,0,0,361.1,2,0,2,0
3011,Apparel,676,24.1,Prepaid_Card,186,3,0,237.8,5,1,4,0
3012,Footwear,1718,21.3,Prepaid_UPI,138,2,0,369.7,2,1,1,0
3013,Footwear,3759,0.9,Prepaid_UPI,455,11,0,405.3,1,1,5,0
3014,Home,6354,0,COD,34,3,0,263.2,3,0,4,0
3015,Apparel,1184,11.5,Wallet,456,8,0,380.8,4,1,4,0
3016,Home,7181,5.7,Prepaid_UPI,80,4,1,210.8,3,0,2,0
3017,Beauty,1044,26,Prepaid_Card,27,2,0,267.5,5,0,4,0
3018,Apparel,1956,0,COD,220,5,0,97.2,7,1,4,0
3019,Electronics,2583,15.3,Prepaid_UPI,266,9,1,203.1,5,1,4,1
3020,Apparel,1025,19.4,Prepaid_UPI,467,10,1,150.2,1,0,3,0
3021,Electronics,38652,21.4,COD,15,1,0,82.3,4,1,3,1
3022,Footwear,4105,28,Wallet,414,9,1,296.5,6,1,3,0
3023,Electronics,34331,17.1,Wallet,219,5,0,223,4,1,3,0
3024,Home,5458,12,Prepaid_Card,1464,33,2,190.8,5,0,,0
3025,Apparel,1868,40.7,Prepaid_UPI,565,13,3,196.6,5,1,,0
3026,Apparel,1674,17.2,Prepaid_Card,710,17,3,104.3,2,1,3,0
3027,Apparel,858,43.3,Prepaid_UPI,1222,26,1,340.2,7,0,5,0
3028,Footwear,2365,17.1,Prepaid_UPI,545,11,0,339.7,4,0,2,0
3029,Home,5387,21.8,COD,119,1,0,159,4,0,,0
3030,Electronics,26946,19.9,COD,833,18,1,117.2,5,1,5,1
3031,Footwear,4040,25.5,COD,825,20,4,298.5,1,1,4,1
3032,Apparel,1253,15.7,Wallet,297,6,1,532.7,7,0,2,1
3033,Apparel,720,23.4,COD,29,2,1,247.7,2,1,1,1
3034,Apparel,786,45,Prepaid_UPI,108,3,0,364.9,8,0,,0
3035,Beauty,2138,37.7,Prepaid_Card,75,1,0,184.4,7,1,4,1
3036,Home,367,37.8,COD,135,6,1,273.6,2,0,,0
3037,Home,6992,1.9,Wallet,428,11,1,54.5,5,1,4,0
3038,Apparel,500,4.3,Prepaid_Card,68,2,0,174.7,2,1,4,1
3039,Apparel,1105,25.3,COD,4,0,0,115.1,2,0,,0
3040,Home,6461,33.6,COD,1001,22,7,668,1,1,3,0
3041,Electronics,19054,14.2,COD,56,0,0,238.4,6,1,4,1
3042,Beauty,2083,11.5,COD,138,1,0,854.9,3,0,2,0
3043,Footwear,901,42.9,COD,94,3,0,236.9,6,1,2,0
3044,Electronics,23606,32.3,Prepaid_Card,286,3,0,296,5,1,4,0
3045,Footwear,2830,37.9,COD,127,1,0,221.6,2,0,2,0
3046,Beauty,2244,15.4,COD,233,4,0,190.2,6,0,,1
3047,Electronics,5301,14.2,COD,32,7,1,290.3,6,1,3,0
3048,Home,2907,36.2,COD,310,8,1,355.6,3,0,1,0
3049,Beauty,1699,18.1,Wallet,82,4,0,136.4,7,0,,0
3050,Apparel,2164,12.8,COD,171,2,1,187.5,4,0,,0
3051,Footwear,3893,8.3,COD,229,6,0,94.3,3,1,4,0
3052,Apparel,1924,14.3,Prepaid_Card,180,0,0,70.9,4,1,1,0
3053,Home,4282,35.1,Wallet,280,6,0,355.4,4,0,1,0
3054,Footwear,2757,0,Prepaid_UPI,698,17,6,334.2,1,1,5,0
3055,Home,6911,31.4,Prepaid_UPI,137,0,0,211.5,1,0,1,1
3056,Electronics,39290,11.4,Wallet,337,8,1,334.5,8,1,4,0
3057,Home,6478,18.8,Prepaid_Card,275,7,0,364.4,7,1,4,0
3058,Apparel,1873,19.8,Wallet,420,8,1,436.4,8,0,2,0
3059,Apparel,1983,18.7,COD,67,0,0,56.2,6,0,2,1
3060,Apparel,605,17.7,Prepaid_UPI,257,4,1,242.8,4,1,1,0
3061,Home,2553,15.3,Prepaid_UPI,57,1,0,115.9,4,1,5,0
3062,Electronics,43954,13.4,Wallet,369,8,1,148.3,3,0,2,0
3063,Apparel,1381,41.8,Prepaid_Card,66,2,0,140.6,6,0,5,1
3064,Footwear,1206,22.4,Prepaid_UPI,84,1,0,283.4,6,1,4,0
3065,Electronics,23234,20.1,COD,174,7,1,169.5,4,0,1,0
3066,Electronics,29485,12.3,Prepaid_Card,286,10,0,55.8,5,1,5,0
3067,Electronics,37476,15.9,COD,155,4,1,311.3,7,0,5,1
3068,Apparel,1862,12.4,Prepaid_Card,455,9,1,114.1,4,0,4,0
3069,Footwear,697,33.5,Prepaid_UPI,63,0,0,117.8,2,0,5,1
3070,Electronics,21064,10.7,COD,351,8,1,921.4,6,1,,0
3071,Apparel,437,0,COD,510,12,1,497.7,2,1,4,0
3072,Beauty,2237,22.9,COD,440,9,0,169.8,3,0,1,1
3073,Footwear,1196,17.8,Prepaid_UPI,224,4,0,129.4,5,0,3,0
3074,Footwear,2999,13.2,Prepaid_UPI,521,12,2,347.2,6,1,2,0
3075,Footwear,2782,35.7,Prepaid_UPI,196,4,1,1048,5,0,2,0
3076,Beauty,1620,0,COD,32,0,0,565,2,1,4,1
3077,Electronics,25878,45.6,Prepaid_UPI,157,4,1,365.4,11,1,5,0
3078,Home,5810,37.8,Prepaid_UPI,208,3,1,562.5,3,0,2,0
3079,Home,5121,12.6,COD,5,0,0,320.9,6,0,1,0
3080,Apparel,563,15.2,COD,232,5,1,541.4,3,0,5,0
3081,Apparel,1060,29.6,Prepaid_Card,24,0,0,155,2,0,4,0
3082,Apparel,1384,30,COD,633,13,2,430.4,5,0,1,0
3083,Home,2804,12.5,COD,14,2,0,229.8,4,0,3,0
3084,Footwear,3541,0,COD,206,4,0,359,5,0,,0
3085,Footwear,1772,53.7,COD,373,12,1,577.6,3,0,,0
3086,Apparel,1892,36.3,COD,728,17,0,201.6,5,0,3,0
3087,Apparel,664,24.4,COD,157,2,0,148.3,3,1,,0
3088,Electronics,34899,24.6,Prepaid_UPI,215,7,1,452.4,7,1,5,0
3089,Home,1713,31.3,Prepaid_Card,98,1,0,280.2,5,1,2,0
3090,Beauty,1391,33.1,Prepaid_Card,404,13,1,55.1,4,1,1,0
3091,Footwear,1782,0,Prepaid_UPI,101,3,0,296,4,1,3,0
3092,Beauty,1648,16.7,Prepaid_Card,383,10,3,144.5,4,0,1,0
3093,Footwear,1351,15.2,COD,362,8,0,345.3,5,0,4,0
3094,Beauty,2019,19.6,COD,886,20,3,405.1,8,0,3,0
3095,Electronics,26323,33.6,COD,249,5,0,170.2,3,0,3,0
3096,Apparel,2123,0,Prepaid_Card,124,1,0,227.9,5,0,4,0
3097,Apparel,1681,1.8,Prepaid_Card,129,4,1,171.5,3,1,5,0
3098,Electronics,27804,11.8,COD,1386,33,5,327.6,1,1,1,0
3099,Apparel,1892,24.3,Prepaid_Card,132,1,0,495.4,6,0,1,1
3100,Apparel,795,34.5,Wallet,396,12,1,18.4,7,0,,0
3101,Beauty,1637,46.5,COD,525,13,4,181.8,5,0,5,1
3102,Apparel,1103,17.7,Prepaid_Card,829,18,2,658,10,0,5,0
3103,Beauty,1898,34.5,Prepaid_Card,239,4,0,217.5,4,1,1,0
3104,Footwear,598,32.7,Prepaid_UPI,1538,38,5,281.4,3,1,1,0
3105,Home,3593,30.1,Prepaid_UPI,111,4,1,870.8,7,0,2,0
3106,Home,5318,21.6,Prepaid_UPI,213,7,3,616,7,0,5,0
3107,Electronics,21376,16,COD,519,11,3,337,7,1,5,1
3108,Home,2132,6,Prepaid_Card,981,23,0,222.3,2,1,5,0
3109,Apparel,1236,5,Prepaid_UPI,79,2,0,399,3,1,2,1
3110,Beauty,2147,27.2,COD,684,15,5,170.2,1,1,2,1
3111,Apparel,772,21.2,Wallet,145,3,1,177.3,9,0,2,1
3112,Apparel,1061,15.8,COD,245,8,0,113.9,2,1,5,0
3113,Home,7926,32,Prepaid_Card,344,11,2,158.3,2,0,1,0
3114,Home,7329,19,Prepaid_Card,1131,25,6,219.7,4,1,3,0
3115,Electronics,2688,8.3,Prepaid_Card,1102,22,3,321.5,5,1,1,0
3116,Home,4384,18,Prepaid_UPI,365,11,3,340.3,6,0,5,0
3117,Apparel,518,34.3,COD,400,12,1,204.7,4,0,2,1
3118,Home,7414,6.6,Prepaid_Card,2135,48,4,285.3,3,1,,0
3119,Apparel,1195,25.1,Prepaid_Card,496,15,1,518.1,4,1,3,0
3120,Apparel,1153,21.2,Prepaid_UPI,465,11,1,386.1,3,1,2,0
3121,Apparel,891,10.6,Prepaid_Card,283,4,1,146,8,1,4,0
3122,Electronics,26114,17.6,Wallet,108,0,0,245.8,4,0,4,1
3123,Electronics,7551,0,Prepaid_UPI,132,0,0,478.3,6,1,5,0
3124,Electronics,36194,23.6,COD,397,9,2,161,4,1,4,0
3125,Apparel,1284,1.5,Prepaid_UPI,236,4,0,139.3,1,1,4,0
3126,Apparel,1420,38.1,Wallet,404,8,0,170.2,8,0,4,1
3127,Home,6774,20.6,COD,700,15,0,223.5,6,0,1,0
3128,Apparel,733,13.4,Prepaid_Card,69,3,0,144.5,5,0,4,0
3129,Home,1649,39.4,COD,70,0,0,174.6,1,1,,0
3130,Beauty,1139,6.5,Prepaid_Card,927,19,0,528.2,4,1,4,0
3131,Electronics,35632,10.8,COD,178,3,1,485.7,8,0,1,0
3132,Beauty,288,0,Prepaid_UPI,700,17,2,51.2,7,0,3,0
3133,Apparel,1831,41.6,COD,310,7,0,80.3,4,0,2,0
3134,Apparel,1301,50.1,Prepaid_Card,390,9,3,385.8,7,0,2,1
3135,Footwear,2747,0,COD,501,14,3,165.7,8,1,3,0
3136,Footwear,2758,9.8,Prepaid_UPI,292,12,1,134.5,4,1,5,0
3137,Footwear,725,23,Prepaid_Card,102,4,1,307.7,7,1,4,0
3138,Apparel,850,14.3,Prepaid_Card,416,10,2,357.1,7,1,5,1
3139,Footwear,3521,21.5,COD,1552,32,1,382.9,6,0,3,0
3140,Electronics,19257,20.2,COD,380,9,2,70.3,7,1,5,1
3141,Apparel,1409,28.1,Prepaid_Card,33,1,0,366,3,1,4,1
3142,Apparel,2101,7.6,Wallet,122,4,0,319.3,6,1,1,0
3143,Beauty,259,24.9,COD,729,15,1,213.1,4,0,4,0
3144,Apparel,1209,5.3,Prepaid_UPI,607,14,4,420.5,3,0,3,1
3145,Footwear,1945,15.8,COD,89,3,0,404.4,8,0,3,0
3146,Home,1120,0,Prepaid_UPI,506,15,5,451.8,4,1,2,0
3147,Footwear,4303,15.9,COD,130,6,0,139.9,5,1,1,1
3148,Home,7703,13.4,Prepaid_Card,745,19,2,135.5,5,0,5,0
3149,Footwear,1746,36.2,COD,175,5,2,888.5,1,0,2,0
3150,Apparel,2104,21.1,COD,310,6,1,453.1,4,0,2,0
3151,Apparel,463,23.8,COD,310,8,0,168.8,6,0,4,0
3152,Home,7853,21.7,COD,533,10,3,210.5,5,0,5,0
3153,Electronics,37814,0,Prepaid_Card,734,16,7,360.9,4,1,2,1
3154,Apparel,786,0,Wallet,352,11,1,389.1,5,0,5,0
3155,Apparel,1479,17.2,Prepaid_Card,124,4,0,67.4,7,0,1,0
3156,Electronics,36166,26.2,Wallet,382,9,2,301.6,1,0,5,0
3157,Apparel,975,18.5,Prepaid_Card,1118,26,6,404.6,4,0,2,0
3158,Apparel,1037,9,COD,1734,38,3,174.9,5,0,1,0
3159,Beauty,1628,18.4,COD,401,5,0,68.7,8,0,3,1
3160,Apparel,665,17.1,COD,16,0,0,373.7,7,0,,1
3161,Beauty,428,33.7,COD,54,2,0,99.8,1,1,5,0
3162,Beauty,737,32.8,Prepaid_UPI,112,1,0,501.2,7,0,2,0
3163,Apparel,1734,13.7,Prepaid_UPI,435,9,0,126.9,4,1,1,0
3164,Home,3123,21.3,Prepaid_Card,204,2,1,283.7,1,1,1,1
3165,Home,4207,26.1,Prepaid_Card,706,14,0,75.3,2,1,1,0
3166,Home,1805,28.4,COD,796,18,1,277.4,8,0,4,0
3167,Apparel,749,46.8,Prepaid_Card,631,16,2,246.3,5,1,3,0
3168,Apparel,1571,21.6,COD,59,4,1,208.2,2,0,5,0
3169,Apparel,595,39.5,COD,311,5,0,173.7,8,1,1,0
3170,Home,5442,4.6,COD,542,13,3,213.5,6,0,4,0
3171,Beauty,1092,12.4,COD,120,0,0,178.4,4,0,5,1
3172,Home,5469,0,Prepaid_UPI,235,5,1,358.1,5,1,4,0
3173,Home,3239,24.3,COD,130,5,1,287.5,3,0,5,1
3174,Beauty,2138,31.7,COD,38,1,0,268.4,9,1,5,0
3175,Home,728,0,Wallet,304,9,1,279,2,0,2,0
3176,Apparel,2008,24.8,Wallet,172,5,1,191.5,2,1,5,0
3177,Footwear,1575,31.1,Prepaid_Card,222,5,0,311.7,5,1,1,1
3178,Electronics,3063,30.2,Prepaid_Card,30,0,0,406.8,11,1,,1
3179,Apparel,1412,4.1,Prepaid_UPI,149,2,0,335.8,1,0,5,0
3180,Electronics,11027,33.6,COD,407,6,1,400.9,6,1,4,1
3181,Beauty,1229,22.1,Prepaid_Card,766,14,3,353.6,5,0,4,0
3182,Apparel,1844,30.9,COD,510,13,1,305.4,5,0,,1
3183,Electronics,35870,20.1,COD,419,12,1,113.8,7,1,4,0
3184,Apparel,1481,27.7,Wallet,134,1,0,156.8,3,0,3,0
3185,Apparel,2160,38.6,Prepaid_UPI,49,1,0,74.8,4,0,1,0
3186,Apparel,1235,18.9,Wallet,171,1,0,406.5,3,1,3,0
3187,Footwear,658,26.3,Prepaid_UPI,76,0,0,115.8,8,1,5,0
3188,Footwear,3778,40.7,Prepaid_Card,431,10,1,146.8,7,0,3,0
3189,Apparel,798,20,Prepaid_UPI,1088,23,4,199,2,0,3,0
3190,Apparel,717,5.1,Prepaid_Card,606,10,3,199.8,5,1,5,0
3191,Apparel,526,32.1,Prepaid_Card,245,9,0,221.5,7,0,5,1
3192,Apparel,990,43.5,COD,162,4,0,412.5,1,1,,1
3193,Home,2811,41.3,Prepaid_Card,324,5,1,302.6,8,0,5,0
3194,Home,2631,32.7,COD,112,3,1,342.5,4,0,2,1
3195,Home,4868,0,Prepaid_Card,1074,24,2,137.2,4,0,2,0
3196,Electronics,34118,12.5,COD,1299,30,8,346.6,8,0,4,0
3197,Home,7521,13.2,Prepaid_Card,383,8,0,132.2,7,1,4,0
3198,Apparel,569,22.7,COD,419,10,1,216.9,1,0,4,1
3199,Apparel,671,47.3,COD,755,19,4,170.2,6,1,4,0
3200,Beauty,1536,5.8,Prepaid_Card,327,5,1,176.7,6,1,4,0
3201,Footwear,893,55.6,COD,78,0,0,764.5,1,0,1,1
3202,Beauty,1021,16.3,Wallet,610,15,5,185.1,6,1,3,0
3203,Beauty,1618,10.5,Prepaid_Card,152,2,0,62.9,4,0,4,0
3204,Home,6310,34.7,COD,284,6,0,397.1,7,1,,1
3205,Beauty,661,35.9,COD,447,9,1,228.2,3,0,2,0
3206,Electronics,30458,31.7,Prepaid_UPI,23,0,0,334.8,5,0,4,0
3207,Apparel,1563,10.5,Prepaid_Card,675,14,4,146.7,3,1,3,1
3208,Apparel,1947,29.5,COD,1516,31,2,221.7,3,0,4,1
3209,Apparel,965,6.5,COD,88,3,0,242.4,1,1,2,0
3210,Apparel,1750,10,Prepaid_UPI,475,13,1,241.4,7,1,5,0
3211,Electronics,34138,20.6,Wallet,915,20,1,228.4,7,1,2,0
3212,Home,2142,9.7,COD,61,3,0,382.9,5,1,1,0
3213,Footwear,2985,37.8,COD,14,0,0,415,5,0,2,0
3214,Home,5499,13.3,COD,74,1,0,143.1,3,0,2,0
3215,Apparel,894,18.7,COD,776,18,1,401.4,7,0,2,0
3216,Footwear,2307,8.8,Prepaid_UPI,783,18,0,152.7,5,1,4,1
3217,Electronics,20287,37.6,Wallet,1362,30,4,322.6,5,1,1,0
3218,Apparel,1792,12,Wallet,169,5,1,57.7,8,1,2,0
3219,Apparel,401,39.1,Prepaid_UPI,257,3,1,385,2,0,1,0
3220,Electronics,23145,38,COD,230,5,1,304.2,1,1,3,1
3221,Apparel,732,15.3,Wallet,123,5,1,159.5,5,0,2,0
3222,Footwear,3087,22.4,COD,1034,25,3,254.3,4,1,,1
3223,Footwear,3221,14.9,COD,651,16,2,227.9,2,0,2,0
3224,Home,4159,30.2,Prepaid_UPI,506,13,1,270.6,5,1,4,0
3225,Apparel,1376,19.1,COD,266,5,1,274.7,5,0,,1
3226,Footwear,1760,15.7,Prepaid_UPI,200,1,0,230.1,6,0,1,0
3227,Home,2713,22.7,Wallet,84,1,0,539.6,2,0,2,0
3228,Apparel,1741,0,Prepaid_UPI,235,6,0,186.4,4,1,3,0
3229,Home,1314,20.9,Prepaid_UPI,1917,44,2,318.5,5,0,2,0
3230,Electronics,34992,31.7,COD,113,1,0,293.6,7,1,4,1
3231,Electronics,29890,24.1,COD,52,0,0,198,7,0,4,0
3232,Apparel,1992,36.3,Prepaid_UPI,30,0,0,504,3,0,3,0
3233,Electronics,12594,16.3,Prepaid_Card,167,3,1,136.9,6,0,3,0
3234,Apparel,1311,15.1,Wallet,1735,35,3,353.4,3,0,1,1
3235,Apparel,470,5.2,COD,83,1,0,317,4,1,1,0
3236,Apparel,2043,15.9,COD,16,0,0,301.1,4,1,5,1
3237,Beauty,1737,51.5,COD,573,13,2,252.8,3,1,,0
3238,Apparel,1521,26.1,Prepaid_UPI,81,1,0,399.8,6,1,2,0
3239,Electronics,33292,13.2,Prepaid_UPI,466,9,1,110.2,7,1,5,0
3240,Electronics,13654,6.9,Wallet,163,2,0,156.2,4,0,5,0
3241,Footwear,2915,0,COD,94,1,0,308.3,5,0,,0
3242,Home,6467,9.5,Prepaid_Card,467,12,2,163.2,4,1,5,0
3243,Beauty,362,33.4,COD,98,2,0,144.7,2,0,1,0
3244,Apparel,2126,15.6,COD,165,10,1,469.8,2,1,1,0
3245,Apparel,2005,7.6,COD,896,19,4,484,8,1,1,0
3246,Home,7715,9.3,Prepaid_Card,707,17,3,319.5,3,0,4,1
3247,Electronics,36606,31.7,Prepaid_Card,9,0,0,165.6,6,1,3,0
3248,Footwear,1677,20.8,COD,13,0,0,189.2,5,1,2,0
3249,Footwear,2826,12.6,Prepaid_Card,79,5,1,278.8,2,1,5,0
3250,Electronics,6463,17.4,Prepaid_UPI,1029,25,6,220.8,5,1,2,0
3251,Beauty,1922,55.1,COD,549,9,1,360.2,5,0,,1
3252,Home,1483,40.3,COD,128,1,0,124.2,4,1,3,0
3253,Apparel,1960,44,Prepaid_UPI,217,5,0,126.6,4,1,5,0
3254,Electronics,11736,0,Prepaid_UPI,485,10,2,231,4,0,,0
3255,Apparel,689,19.7,Prepaid_UPI,464,7,1,485.3,6,1,5,0
3256,Footwear,784,12.3,COD,52,1,0,314.6,3,0,,0
3257,Apparel,1680,30.2,Prepaid_Card,259,2,0,265.1,8,1,3,0
3258,Apparel,735,37.9,Wallet,206,5,1,264.2,6,0,4,1
3259,Home,1822,26.9,COD,390,10,1,473.2,1,0,3,0
3260,Apparel,705,8.9,Prepaid_Card,175,6,1,606.7,4,1,4,0
3261,Apparel,950,12.1,Wallet,257,5,0,121.7,9,1,2,0
3262,Home,7547,31.3,COD,947,24,1,282.1,5,0,4,0
3263,Apparel,1276,32.8,Prepaid_UPI,236,6,1,297.2,3,0,1,0
3264,Electronics,12626,24.1,Prepaid_UPI,600,15,0,189.9,6,1,1,0
3265,Electronics,8663,23.9,COD,522,10,4,152,1,0,1,1
3266,Apparel,434,22.8,Prepaid_UPI,20,3,0,67.2,5,1,2,0
3267,Apparel,1057,26,Prepaid_Card,593,13,3,254.8,3,1,1,0
3268,Footwear,940,32.7,Prepaid_UPI,551,15,2,588.2,5,0,4,0
3269,Beauty,213,31.5,Wallet,451,13,3,401,2,1,3,0
3270,Apparel,585,22.4,Prepaid_UPI,956,22,2,255.9,4,1,4,0
3271,Beauty,899,21.3,COD,795,18,2,309.4,1,1,2,1
3272,Home,6082,20.7,Prepaid_UPI,602,13,1,250.6,3,0,5,0
3273,Home,816,10.3,Wallet,636,12,1,249.6,5,1,5,0
3274,Home,5526,10.1,Prepaid_Card,40,2,0,401.7,7,1,5,0
3275,Home,5078,30.2,Prepaid_Card,1457,33,6,260,10,1,5,0
3276,Footwear,4028,11.3,COD,254,2,0,119.3,3,0,4,1
3277,Electronics,9259,34.2,Prepaid_UPI,1605,36,3,138,6,0,1,0
3278,Electronics,35989,21.2,COD,2041,47,6,193.9,4,0,1,0
3279,Electronics,39081,34.3,COD,18,3,1,302.4,4,1,,1
3280,Apparel,2158,31.6,Wallet,29,2,0,143.7,5,0,2,0
3281,Home,6526,34.6,Wallet,441,7,2,69.5,4,1,5,0
3282,Apparel,623,14.9,Wallet,487,9,2,203.4,9,1,4,0
3283,Apparel,2105,28.1,Prepaid_Card,758,16,1,329.7,4,1,3,0
3284,Apparel,1867,33.1,COD,827,21,1,419.7,2,0,4,0
3285,Apparel,782,0,Prepaid_Card,437,8,3,153.8,5,1,2,0
3286,Home,1572,47.5,COD,136,5,0,227.1,2,1,,0
3287,Home,7510,56,Prepaid_UPI,21,0,0,126.4,4,0,,0
3288,Electronics,8020,36.2,Prepaid_Card,86,3,1,183,7,0,3,1
3289,Apparel,1799,34.1,COD,604,12,1,77.9,4,0,,0
3290,Electronics,18950,30.8,COD,973,21,3,105.6,6,0,5,0
3291,Electronics,32903,17.1,COD,278,4,2,103.1,4,0,3,0
3292,Footwear,867,20.3,Prepaid_UPI,131,6,1,431.8,5,1,1,0
3293,Home,5883,36.5,Prepaid_UPI,14,0,0,143.6,3,0,2,0
3294,Electronics,23622,7.4,COD,203,1,0,365.3,6,0,2,0
3295,Electronics,40637,6.1,COD,661,11,1,106.6,2,1,,0
3296,Beauty,593,16,COD,16,0,0,237.3,3,0,3,0
3297,Footwear,937,31.8,COD,402,8,0,284.1,5,1,3,0
3298,Electronics,9794,9,Wallet,53,2,0,316.4,6,1,5,0
3299,Electronics,4642,18.6,Prepaid_Card,213,4,0,63.5,5,0,4,0
3300,Apparel,2164,20.4,COD,138,5,1,321,6,1,,0
3301,Beauty,439,6.8,Prepaid_UPI,78,1,0,348.1,2,0,2,0
3302,Apparel,762,0,COD,162,6,1,36,4,0,5,1
3303,Apparel,1857,6.6,COD,292,5,1,131.8,5,1,4,1
3304,Beauty,730,25.9,Prepaid_Card,31,0,0,334,5,0,,0
3305,Home,2012,29.3,COD,85,0,0,570.8,2,0,2,1
3306,Apparel,1610,29.4,Prepaid_Card,107,0,0,330.7,3,1,2,0
3307,Apparel,1118,31.1,Prepaid_UPI,14,0,0,42.9,4,1,3,0
3308,Apparel,1904,12.6,Wallet,116,3,0,319.9,6,1,2,0
3309,Home,5215,9.4,COD,136,2,0,104.9,9,0,3,0
3310,Apparel,919,27.6,Prepaid_Card,152,4,0,285,2,0,5,0
3311,Beauty,1555,18.8,COD,1,1,0,335.8,5,0,4,0
3312,Beauty,2186,35.6,Prepaid_Card,309,3,0,283.7,2,0,1,0
3313,Home,3107,27.7,COD,348,9,5,385.3,4,1,3,1
3314,Home,5971,41.3,Prepaid_Card,375,6,1,150.9,4,0,1,0
3315,Apparel,1148,15,COD,142,2,0,342.2,5,1,,0
3316,Apparel,1378,38,Wallet,313,3,0,195.1,1,0,4,0
3317,Footwear,3435,52.5,Prepaid_UPI,279,8,1,337.3,4,1,2,0
3318,Apparel,509,22.8,COD,61,0,0,117.1,5,0,5,0
3319,Apparel,1219,29.5,Prepaid_UPI,162,1,0,159.5,5,0,5,1
3320,Apparel,571,8,COD,250,3,1,367.9,5,0,2,0
3321,Apparel,1705,35.4,Prepaid_UPI,190,4,1,231.4,5,1,2,1
3322,Electronics,27822,38.9,COD,226,5,0,146.9,7,1,5,0
3323,Home,2817,14.6,COD,221,7,1,377,7,0,2,1
3324,Footwear,805,30.8,Prepaid_UPI,168,4,0,160,4,0,5,0
3325,Home,7429,26.2,Prepaid_Card,546,14,1,307.9,3,0,3,0
3326,Footwear,1760,27.9,Prepaid_Card,381,9,2,165.6,5,0,1,1
3327,Electronics,13262,34.2,Prepaid_Card,26,0,0,568.2,6,0,5,1
3328,Footwear,904,29.8,COD,180,3,0,261.7,5,1,,0
3329,Electronics,26488,19.9,COD,238,8,2,237.3,2,0,,0
3330,Apparel,878,34.5,Prepaid_Card,1252,30,6,416.6,7,1,2,0
3331,Beauty,2131,38.7,Prepaid_Card,296,8,0,152.5,5,0,5,0
3332,Apparel,1629,13.7,COD,238,7,1,359.5,8,1,4,1
3333,Apparel,407,22,COD,714,17,1,141.9,3,1,5,0
3334,Apparel,1418,0,Prepaid_Card,276,7,2,228.7,5,1,1,0
3335,Electronics,11354,30.8,Prepaid_Card,716,16,1,174.9,5,0,2,0
3336,Electronics,1873,40.3,Prepaid_UPI,358,11,3,109.7,4,1,4,0
3337,Electronics,28328,18.1,Prepaid_Card,226,4,0,110.7,2,0,2,0
3338,Footwear,1320,24,Prepaid_Card,1420,32,3,176.3,5,0,5,0
3339,Apparel,2019,18.7,Prepaid_Card,425,6,1,347.7,4,1,5,0
3340,Electronics,26314,16.2,COD,415,6,0,887.3,5,1,3,0
3341,Electronics,10362,25.5,COD,26,4,0,112,5,1,,0
3342,Footwear,4417,10.2,COD,33,2,1,225.8,2,0,1,1
3343,Apparel,1384,18.5,Prepaid_UPI,1680,37,2,196.7,4,1,,1
3344,Apparel,698,8.4,COD,204,5,1,355.7,4,1,1,0
3345,Electronics,23855,30.8,Prepaid_Card,51,0,0,482.4,5,1,4,1
3346,Home,7687,25.6,Prepaid_Card,76,1,0,272.2,6,0,4,0
3347,Footwear,2197,15.5,COD,34,0,0,116.9,5,1,4,0
3348,Home,3575,22.6,Prepaid_UPI,942,20,2,197.5,6,0,4,1
3349,Footwear,2345,18.7,Prepaid_UPI,211,6,0,316,5,1,3,1
3350,Electronics,13469,39.2,COD,52,2,1,203.3,9,0,1,1
3351,Apparel,691,15.4,Prepaid_UPI,114,6,0,130.7,5,0,5,0
3352,Apparel,1442,31.5,Prepaid_Card,170,4,0,241.2,2,1,4,0
3353,Apparel,2010,11.4,COD,471,6,0,209.6,4,1,5,0
3354,Electronics,33425,34.2,Prepaid_UPI,387,13,1,78,12,1,2,0
3355,Electronics,5413,37.6,Prepaid_UPI,761,15,2,280.9,2,0,2,0
3356,Electronics,18757,38.3,COD,50,1,0,365.6,6,1,1,0
3357,Home,341,44.1,Wallet,630,14,0,468,9,1,3,0
3358,Electronics,14688,26.4,Prepaid_Card,278,7,1,619.4,2,1,3,1
3359,Home,5454,40.6,Prepaid_Card,136,3,0,761.4,8,0,4,0
3360,Home,2535,46.4,COD,97,2,0,95,8,0,4,1
3361,Apparel,1913,5.2,COD,16,0,0,296.9,4,0,5,0
3362,Electronics,22109,13,Prepaid_Card,210,10,0,67.7,1,1,2,0
3363,Home,5453,0,Prepaid_Card,100,4,0,273.3,6,1,1,0
3364,Home,7106,37.9,Prepaid_Card,204,5,0,343.3,4,1,,0
3365,Apparel,1629,0,Prepaid_UPI,13,4,1,99.6,4,1,4,0
3366,Electronics,40503,0,COD,369,6,1,636.2,6,0,1,0
3367,Home,6522,5.5,Prepaid_UPI,91,4,1,103.8,5,1,4,0
3368,Home,4666,0,Prepaid_UPI,73,1,0,125.4,1,0,2,0
3369,Apparel,935,26.1,Prepaid_UPI,211,5,0,345.9,4,0,4,0
3370,Electronics,14259,5.7,Prepaid_UPI,1383,32,2,299.3,5,0,3,0
3371,Footwear,4001,0,Prepaid_UPI,38,0,0,303.1,6,0,2,0
3372,Apparel,497,21.4,COD,273,3,0,32.4,7,0,,1
3373,Footwear,4266,22.3,Prepaid_UPI,101,5,1,315,1,0,3,0
3374,Apparel,989,0,Wallet,6,0,0,289,7,0,4,0
3375,Electronics,33563,11.3,Prepaid_Card,203,9,1,171.8,4,0,4,0
3376,Electronics,15655,20.9,COD,160,6,1,81.2,5,1,2,0
3377,Apparel,2116,16.6,Wallet,184,4,0,238,6,0,3,1
3378,Beauty,236,17.1,COD,2322,51,10,370.2,3,0,1,0
3379,Electronics,16675,39.7,COD,123,6,0,441.2,4,1,5,0
3380,Beauty,2189,54.2,COD,57,5,0,199.9,6,0,5,0
3381,Apparel,893,17.3,Prepaid_Card,253,5,0,478.1,3,0,1,0
3382,Footwear,1602,2.2,COD,25,4,1,75.6,5,1,1,1
3383,Beauty,2262,18.5,Prepaid_Card,1017,25,7,372.9,2,0,2,0
3384,Home,6695,24.9,Wallet,796,20,2,232.6,7,0,1,1
3385,Apparel,590,21.2,Prepaid_Card,221,5,1,73,6,0,3,1
3386,Home,4767,31.2,Prepaid_Card,309,6,0,433,3,0,3,0
3387,Home,2020,55.2,Prepaid_UPI,172,2,1,234.9,7,1,3,1
3388,Beauty,656,0,Prepaid_UPI,247,3,1,388.3,5,0,1,0
3389,Electronics,28155,14.4,COD,338,11,1,221,2,0,5,0
3390,Apparel,623,45.1,COD,611,14,1,217.2,6,0,,0
3391,Apparel,1246,14.2,Prepaid_Card,234,3,0,170,6,1,5,1
3392,Home,2270,33.8,Prepaid_UPI,83,4,0,241.5,1,0,4,0
3393,Beauty,2157,31.5,Prepaid_Card,39,0,0,307.9,1,0,2,0
3394,Apparel,1398,40.6,COD,120,1,0,227.1,4,1,3,0
3395,Footwear,1360,50.7,Prepaid_UPI,980,26,4,106.2,3,1,1,0
3396,Beauty,2327,27,Prepaid_UPI,516,9,0,294.4,6,1,2,0
3397,Apparel,1881,0,Prepaid_Card,1267,29,4,294.5,3,0,5,0
3398,Apparel,878,11.5,Prepaid_UPI,497,10,0,103.2,3,1,4,1
3399,Home,7700,54.8,Prepaid_UPI,1260,26,4,158.6,9,1,2,0
3400,Home,2362,0.8,Prepaid_UPI,385,6,0,98.3,7,0,,0
3401,Apparel,927,29.5,Prepaid_UPI,314,7,3,245.1,1,1,1,0
3402,Footwear,2044,0,Prepaid_UPI,2500,54,2,343,8,0,2,1
3403,Electronics,8418,1.7,Prepaid_Card,384,10,3,319.7,8,1,2,0
3404,Beauty,1764,35.3,Prepaid_Card,649,14,1,80.8,4,1,1,0
3405,Footwear,2729,22.5,Prepaid_UPI,48,0,0,237,4,0,3,0
3406,Footwear,4078,16.4,Prepaid_Card,284,5,1,118.8,1,0,1,0
3407,Electronics,11750,9.8,Prepaid_Card,104,5,1,94.8,2,1,3,0
3408,Apparel,706,0,COD,150,5,1,237.4,4,0,3,1
3409,Electronics,16908,32.4,Prepaid_UPI,222,4,1,173.3,4,1,2,0
3410,Apparel,663,17.8,Prepaid_Card,221,2,0,581.3,4,0,3,0
3411,Home,7585,0,COD,563,9,1,615.8,5,1,2,0
3412,Apparel,1691,22.5,COD,745,19,1,342.2,8,0,4,0
3413,Electronics,36073,30.7,COD,179,6,1,166.3,3,1,3,0
3414,Apparel,1746,19,Wallet,88,4,0,61.9,3,1,1,1
3415,Apparel,837,23.7,Prepaid_UPI,799,18,5,161.5,4,0,4,0
3416,Apparel,653,22.6,Prepaid_Card,294,8,1,373,4,0,5,0
3417,Home,3607,11.4,COD,1563,37,7,183.5,8,0,2,1
3418,Footwear,3816,22.8,Prepaid_UPI,742,16,1,80.1,4,0,3,0
3419,Apparel,995,33,Prepaid_Card,183,3,0,525.7,7,0,,0
3420,Footwear,538,37.5,Wallet,962,19,5,131.6,10,1,2,0
3421,Footwear,3140,33.9,COD,776,18,2,142.7,8,0,,1
3422,Electronics,9963,11.9,COD,92,3,1,460.7,4,1,,0
3423,Home,4480,31.5,Prepaid_Card,28,0,0,267.9,4,0,1,0
3424,Electronics,1852,29,COD,256,5,1,276,2,0,,0
3425,Apparel,1316,11.4,Prepaid_Card,714,15,6,280,5,0,4,0
3426,Electronics,18440,15,Prepaid_UPI,226,7,1,120.9,1,0,1,0
3427,Apparel,1985,32.2,COD,218,2,0,331.5,9,1,1,0
3428,Footwear,3387,42.7,Prepaid_Card,92,0,0,409,3,1,1,0
3429,Beauty,235,0,Prepaid_UPI,11,0,0,248.8,5,1,5,0
3430,Footwear,3658,46.6,Prepaid_UPI,132,3,0,210.6,5,0,4,0
3431,Home,6392,39.5,Prepaid_Card,1423,32,7,482.3,2,0,5,0
3432,Home,5408,25,COD,95,0,0,383.2,7,0,5,0
3433,Beauty,2334,18.4,Prepaid_Card,129,5,2,135.9,6,0,5,1
3434,Apparel,1846,27.9,Prepaid_Card,558,15,2,357.6,4,0,3,0
3435,Apparel,794,12.4,Prepaid_UPI,341,8,1,216.1,5,1,5,1
3436,Home,3238,19.3,Prepaid_Card,117,5,0,276.2,4,1,1,0
3437,Electronics,16527,0,COD,551,10,0,596.4,5,0,1,1
3438,Electronics,23315,0,Prepaid_UPI,448,8,2,79,3,1,4,0
3439,Apparel,2117,57,Prepaid_Card,108,3,1,50.4,5,0,1,0
3440,Home,5040,22.9,COD,652,14,3,158.5,5,0,2,0
3441,Apparel,963,25.1,Prepaid_Card,159,2,0,212.1,3,1,2,1
3442,Apparel,2095,21.5,Wallet,564,15,1,142.6,5,1,5,0
3443,Apparel,1660,9.6,Prepaid_UPI,68,2,0,335.5,1,1,1,0
3444,Electronics,12854,17.4,COD,183,5,1,307.3,7,0,5,0
3445,Footwear,4126,23.4,Prepaid_UPI,1395,30,1,241.6,2,0,4,0
3446,Electronics,16277,19.1,COD,611,17,2,288.1,1,0,5,0
3447,Home,4275,10.7,Prepaid_Card,128,3,1,279.8,3,1,4,0
3448,Footwear,2417,29.2,Prepaid_Card,123,5,2,505.8,5,0,1,0
3449,Electronics,41655,24.8,COD,562,11,1,125.8,4,0,1,0
3450,Footwear,1563,27.9,COD,270,6,1,269.8,6,1,,1
3451,Home,2866,32.6,Wallet,8,1,0,455.7,4,1,2,0
3452,Home,5383,19.4,COD,124,7,2,204.3,4,0,4,0
3453,Apparel,1996,19.5,Prepaid_UPI,124,2,0,238.1,4,0,5,1
3454,Apparel,607,44.2,Prepaid_UPI,110,3,1,376.8,8,1,1,0
3455,Beauty,643,7.8,Prepaid_Card,971,23,7,58,4,1,2,1
3456,Footwear,4292,0,COD,621,11,3,411.7,10,1,4,0
3457,Beauty,1977,30.3,COD,29,0,0,294.7,9,0,3,0
3458,Beauty,963,12.6,COD,383,7,1,354.1,2,0,,0
3459,Apparel,1044,5.8,Prepaid_Card,927,23,4,340.2,7,0,,1
3460,Footwear,2378,35.3,Wallet,134,6,0,87,3,0,2,0
3461,Electronics,30712,19.8,Prepaid_UPI,365,6,1,94.5,5,1,2,0
3462,Footwear,2744,3,COD,2021,42,10,41.9,1,1,,0
3463,Apparel,1797,51,COD,738,19,3,86.9,4,1,2,1
3464,Apparel,498,0,COD,31,0,0,119.7,11,0,2,0
3465,Footwear,3776,20.7,Wallet,137,2,0,245.1,3,0,3,0
3466,Footwear,732,0,COD,1282,31,4,470.6,6,0,4,0
3467,Home,7083,26.1,COD,669,17,4,195.9,5,0,1,1
3468,Apparel,478,12.4,Prepaid_Card,40,3,0,231.5,4,0,3,1
3469,Apparel,630,34.3,Prepaid_Card,90,0,0,219.8,7,0,3,1
3470,Beauty,573,21.7,COD,439,7,1,312.6,4,1,1,0
3471,Electronics,10970,42.3,Prepaid_UPI,126,5,1,158,5,0,2,0
3472,Electronics,18797,15.6,COD,905,21,2,226.6,5,1,,0
3473,Home,5347,0,COD,194,3,0,390.5,7,0,5,0
3474,Electronics,40296,25.6,COD,1026,22,1,479.2,4,1,4,1
3475,Home,4339,18.2,COD,72,4,1,458.8,10,0,5,0
3476,Electronics,24523,0,Wallet,748,20,4,424.7,1,1,2,1
3477,Footwear,1777,6.2,Prepaid_Card,377,8,2,444.1,3,1,3,1
3478,Beauty,2032,10.9,Prepaid_UPI,205,3,0,241.2,7,0,3,0
3479,Beauty,410,45.3,COD,143,3,0,154.1,3,0,1,0
3480,Home,2618,32.6,Prepaid_UPI,873,22,8,288.2,5,0,5,0
3481,Electronics,5448,16.8,Wallet,944,24,2,309.2,3,0,1,0
3482,Home,1949,29.1,COD,418,10,2,200.8,2,0,5,0
3483,Footwear,2846,0,Wallet,468,9,1,160.2,4,1,1,0
3484,Home,1270,13.5,Prepaid_Card,765,19,3,451.3,6,0,4,0
3485,Home,1075,28,Prepaid_UPI,312,10,0,235.8,3,0,5,0
3486,Footwear,3804,24.5,COD,157,1,0,193.4,5,0,2,1
3487,Home,1211,13.9,Prepaid_Card,245,5,0,205.4,4,0,2,1
3488,Footwear,2932,21.4,Prepaid_Card,63,4,0,265.8,6,1,1,1
3489,Apparel,1034,27.1,Wallet,1033,23,2,156,1,1,5,0
3490,Electronics,40461,21.9,Wallet,514,10,0,305.2,4,1,1,0
3491,Home,5748,34.9,COD,212,5,1,26.7,4,1,4,1
3492,Apparel,507,26.8,Wallet,391,9,1,102.4,3,1,,0
3493,Footwear,4082,29.7,Prepaid_UPI,79,0,0,189.1,7,0,,0
3494,Home,3487,47.7,Prepaid_Card,33,1,0,318.3,1,0,4,0
3495,Apparel,937,34.4,COD,303,7,1,190.3,6,0,1,0
3496,Footwear,3191,48.1,COD,283,5,0,404.9,6,1,3,1
3497,Home,5828,11.9,COD,35,0,0,474.8,4,1,4,0
3498,Footwear,1713,0,COD,55,0,0,220.6,9,0,5,1
3499,Electronics,16603,19.9,Wallet,105,0,0,132.9,6,0,2,1
3500,Footwear,1125,18.6,COD,676,17,0,225.6,3,1,3,0
3501,Electronics,27193,43.9,Prepaid_UPI,75,0,0,397.5,6,1,1,0
3502,Home,7668,5,Prepaid_Card,258,6,0,125.8,4,1,3,1
3503,Apparel,1150,20.8,Prepaid_Card,563,12,1,337.3,4,0,3,1
3504,Home,7971,28.1,COD,553,11,3,216.6,7,0,,0
3505,Home,1658,23.5,Prepaid_Card,172,7,0,350.9,6,1,5,1
3506,Home,6430,19.4,Prepaid_Card,177,4,0,303.8,7,0,1,0
3507,Electronics,41851,27.4,Prepaid_Card,39,0,0,166.6,1,1,4,0
3508,Footwear,3252,38.2,COD,2500,54,17,218.8,6,1,4,0
3509,Home,1142,45,Prepaid_UPI,323,8,2,312.2,8,0,,0
3510,Apparel,988,22.5,COD,663,16,2,387.8,2,1,1,0
3511,Beauty,351,9.8,Prepaid_Card,47,4,1,218,5,0,5,1
3512,Home,4933,45,Prepaid_Card,1712,38,2,396.6,4,0,,0
3513,Beauty,2496,5.8,COD,22,0,0,633.5,6,0,,0
3514,Beauty,1031,48.9,Prepaid_UPI,62,2,0,411.7,4,1,5,0
3515,Beauty,533,42.2,COD,151,4,0,237.5,6,0,,1
3516,Footwear,1575,44.3,Wallet,7,0,0,232.8,4,1,3,0
3517,Home,4695,32.3,Prepaid_UPI,46,4,1,91.3,11,1,4,1
3518,Apparel,1424,0,COD,233,5,1,211.9,6,0,5,0
3519,Home,2070,6.4,COD,109,3,1,340,10,1,1,0
3520,Footwear,3503,26.6,COD,373,9,1,387.6,6,0,,1
3521,Electronics,5055,11.9,Wallet,648,15,1,121.7,4,1,4,0
3522,Footwear,2992,17.3,Prepaid_Card,34,0,0,300.8,5,0,5,0
3523,Apparel,1166,31.2,COD,169,4,0,436.2,6,0,3,1
3524,Electronics,6770,19.5,Prepaid_Card,396,13,1,118.5,1,0,4,0
3525,Electronics,28986,3.7,COD,386,12,1,278.3,7,0,5,0
3526,Electronics,30680,35.3,Prepaid_Card,664,15,9,170.3,5,0,2,0
3527,Apparel,1192,29.7,Prepaid_Card,34,0,0,103.9,6,0,2,1
3528,Apparel,1836,18.3,COD,572,8,1,220.8,6,0,,0
3529,Footwear,2537,32.7,Prepaid_UPI,424,8,1,83.8,2,1,2,0
3530,Electronics,13716,23.4,COD,638,14,1,166.9,5,0,,1
3531,Apparel,2116,42,Prepaid_Card,368,8,2,246.4,5,0,1,1
3532,Apparel,2099,24.3,Prepaid_Card,202,4,0,388.8,2,0,5,0
3533,Electronics,5388,41.9,Wallet,70,3,0,125,8,1,4,0
3534,Apparel,2103,0,Prepaid_Card,822,16,2,203.5,9,1,4,0
3535,Home,6271,28.9,Wallet,103,3,0,392.8,4,1,,0
3536,Footwear,927,16,COD,266,6,1,149.2,6,0,3,0
3537,Apparel,1335,9.1,Prepaid_UPI,221,3,1,108.3,5,1,3,0
3538,Home,569,39.4,COD,1029,26,5,469.1,4,0,5,1
3539,Apparel,1460,35.3,Prepaid_UPI,1243,29,2,229.3,4,1,5,0
3540,Apparel,2080,0,COD,52,0,0,402.6,2,0,,1
3541,Footwear,1973,32.7,Wallet,73,3,0,163.5,6,0,4,1
3542,Home,4216,30.9,Wallet,449,7,0,344.4,3,1,3,0
3543,Footwear,1410,11.2,Prepaid_Card,175,3,1,398.2,6,0,4,0
3544,Apparel,1374,9.5,Prepaid_Card,65,4,2,174.1,4,1,3,0
3545,Electronics,36353,0,Prepaid_Card,156,4,1,333.9,2,1,5,0
3546,Electronics,10628,16.9,COD,124,3,1,155.7,3,1,1,0
3547,Electronics,25443,19.3,Prepaid_UPI,436,12,3,463.6,5,0,2,1
3548,Beauty,983,34,Prepaid_UPI,475,12,0,156.1,4,1,2,0
3549,Apparel,1746,26,Prepaid_Card,846,18,2,479.8,3,0,4,1
3550,Footwear,3308,6.1,COD,185,6,0,299.1,8,0,1,0
3551,Footwear,3295,25.6,Wallet,284,3,1,206.9,2,0,2,1
3552,Home,3209,18.2,COD,497,10,1,513,8,1,2,0
3553,Electronics,27448,8,Prepaid_Card,366,8,1,168.9,7,1,2,0
3554,Electronics,29718,0,COD,145,4,0,629.1,7,1,4,0
3555,Apparel,1625,31.4,COD,670,14,5,335.2,6,1,1,1
3556,Footwear,2801,28.7,COD,293,3,0,114.2,3,0,5,0
3557,Electronics,39166,30.4,COD,410,5,0,188.9,3,1,1,0
3558,Beauty,735,11.1,Prepaid_Card,52,1,0,213,9,1,4,0
3559,Home,730,24.6,Prepaid_Card,761,16,3,639,7,1,1,0
3560,Electronics,43358,1.4,Prepaid_UPI,14,0,0,448.7,6,0,3,1
3561,Home,768,7.2,Prepaid_UPI,313,5,1,390.2,3,1,1,0
3562,Electronics,40749,22.5,COD,325,7,2,172.6,3,0,3,0
3563,Beauty,1589,25.9,COD,293,9,1,224.6,2,0,2,0
3564,Apparel,2054,0,Prepaid_Card,636,14,1,340.4,3,1,1,0
3565,Beauty,1478,6.1,Prepaid_Card,524,14,1,350,4,0,2,0
3566,Footwear,3784,16.5,Prepaid_Card,292,6,1,233.1,5,1,4,0
3567,Footwear,3385,36.4,COD,129,4,1,216.9,7,0,,0
3568,Electronics,24200,9.8,Prepaid_UPI,50,4,1,342.3,9,0,5,0
3569,Footwear,1953,24.1,COD,29,0,0,515.3,8,1,5,0
3570,Apparel,405,25.7,Prepaid_Card,276,6,1,13.3,2,0,2,0
3571,Footwear,1504,18.3,COD,29,0,0,85.6,3,1,,1
3572,Apparel,2113,26,Prepaid_Card,765,18,1,345,3,1,1,0
3573,Apparel,896,1.8,COD,219,7,0,185.1,7,1,1,1
3574,Electronics,34131,12.2,Prepaid_UPI,546,13,2,142.2,6,1,4,0
3575,Electronics,23472,43.5,COD,1402,31,8,98.1,4,1,5,0
3576,Electronics,14713,44.6,Prepaid_Card,395,6,1,150.8,5,1,4,0
3577,Footwear,4464,34.6,COD,184,4,2,254.2,5,1,,1
3578,Apparel,485,38.5,Prepaid_UPI,114,2,0,219,6,1,1,0
3579,Footwear,2828,0,COD,488,11,1,234,8,1,,0
3580,Apparel,1231,7.8,COD,524,12,0,228.9,5,1,2,0
3581,Footwear,806,17.3,Prepaid_UPI,93,5,1,324.2,4,1,5,0
3582,Footwear,1356,58.2,COD,35,0,0,340.2,6,1,2,0
3583,Electronics,31608,17.3,COD,449,7,2,122.3,4,1,1,0
3584,Footwear,933,33.2,Prepaid_UPI,135,1,0,197.9,6,1,2,0
3585,Beauty,2032,27.7,Prepaid_UPI,242,4,0,611.9,4,1,3,0
3586,Footwear,3000,27.3,Prepaid_UPI,448,12,0,125.8,7,1,2,0
3587,Electronics,5618,21.6,COD,474,8,1,277.5,8,1,,0
3588,Electronics,13762,4,Prepaid_Card,746,14,1,362,4,0,3,0
3589,Footwear,1049,0,Prepaid_UPI,1444,33,12,437.1,9,0,2,0
3590,Apparel,1836,41.2,COD,395,10,2,318.5,5,1,5,0
3591,Footwear,2632,12.8,Prepaid_UPI,151,0,0,205.9,6,0,3,0
3592,Electronics,1324,0,COD,1754,35,7,169,8,1,3,1
3593,Footwear,2672,28.6,Wallet,70,0,0,314.4,9,0,1,0
3594,Apparel,1269,28.3,Prepaid_Card,6,1,0,380.2,7,1,,1
3595,Apparel,1558,33.5,Prepaid_Card,393,9,1,501.4,5,0,4,0
3596,Beauty,232,38.7,Prepaid_Card,272,5,0,458.8,4,0,1,0
3597,Footwear,642,8.2,COD,424,11,0,397.8,5,0,4,0
3598,Footwear,1897,8.9,COD,340,8,1,102.9,6,0,5,1
3599,Beauty,1768,17.2,Prepaid_UPI,19,0,0,124,6,1,2,0
3600,Electronics,30395,34.3,Prepaid_Card,198,1,0,788,4,1,1,0
3601,Apparel,901,0,Prepaid_Card,825,17,0,232.9,3,1,,0
3602,Apparel,789,23.9,COD,127,7,1,296.1,5,1,5,1
3603,Electronics,31121,36,Prepaid_UPI,861,18,2,52.6,3,1,3,0
3604,Apparel,449,35.4,COD,329,5,1,409.8,1,0,3,1
3605,Beauty,1458,32.6,COD,165,3,0,261.2,3,1,4,0
3606,Apparel,1163,37.9,Wallet,224,5,0,255.1,4,0,1,1
3607,Apparel,830,0,Prepaid_Card,120,4,1,751.5,3,0,,0
3608,Apparel,1337,46.2,Prepaid_Card,400,10,2,319.6,5,0,2,0
3609,Apparel,791,27,Wallet,168,2,0,219.9,2,1,1,0
3610,Apparel,1416,42,COD,726,19,3,256.9,2,0,4,1
3611,Home,1447,4.4,Wallet,58,3,0,176.3,7,1,3,0
3612,Electronics,18969,0,Prepaid_UPI,445,9,1,132.6,7,1,2,0
3613,Home,4230,48.8,Prepaid_Card,231,5,0,230.3,5,0,2,0
3614,Footwear,627,8.1,COD,216,6,1,90.1,8,0,5,1
3615,Home,5003,17.3,COD,587,15,2,197.9,3,0,3,0
3616,Home,6077,29.9,Prepaid_Card,58,0,0,44.7,6,1,1,0
3617,Electronics,43076,33.6,COD,448,10,2,402.2,4,0,2,0
3618,Apparel,766,38.2,COD,647,14,0,653.4,8,0,2,0
3619,Electronics,10341,25.4,Prepaid_Card,343,6,2,229.1,5,1,5,0
3620,Beauty,866,6.2,Prepaid_UPI,88,1,0,141.9,3,0,2,0
3621,Home,7159,32.6,COD,382,11,1,277.7,8,0,,0
3622,Apparel,1132,32.8,Prepaid_UPI,548,13,5,433.7,4,0,4,0
3623,Electronics,14419,0,Wallet,41,5,1,160.5,2,0,1,0
3624,Footwear,3465,43.3,Prepaid_UPI,84,1,0,345.5,8,0,5,0
3625,Home,593,0,Prepaid_UPI,420,10,0,96.6,6,0,1,0
3626,Home,4526,37.5,Prepaid_UPI,390,9,2,274.6,3,1,5,0
3627,Footwear,2301,12.5,COD,442,12,1,361.1,4,0,4,1
3628,Home,5111,32.6,COD,15,3,1,82.4,4,1,,1
3629,Home,5929,29.7,Wallet,83,2,0,364.3,3,1,5,0
3630,Apparel,985,21.4,Prepaid_UPI,925,18,3,215.8,3,1,4,0
3631,Apparel,1546,28.8,Prepaid_UPI,132,2,1,540.6,4,1,4,0
3632,Beauty,1382,20.7,Wallet,184,4,1,271.7,7,0,5,0
3633,Home,1332,32.7,COD,381,11,1,377,6,1,,0
3634,Electronics,39820,54.8,COD,480,8,1,614.5,3,0,4,1
3635,Home,6110,1.9,Prepaid_Card,665,12,4,215.9,6,1,2,0
3636,Apparel,2059,0,COD,473,12,2,64.7,8,1,1,0
3637,Footwear,3382,15.8,Prepaid_Card,370,6,1,140.7,3,1,3,1
3638,Apparel,841,14.7,Prepaid_UPI,183,2,0,250.3,6,1,,0
3639,Footwear,2222,16.3,Prepaid_Card,952,23,3,818.5,5,1,4,0
3640,Electronics,18145,8.1,COD,119,2,0,533.6,4,1,3,0
3641,Apparel,464,35.1,Prepaid_UPI,1174,25,4,162.2,5,0,1,1
3642,Apparel,1139,1.3,COD,172,7,1,211.6,6,0,3,0
3643,Footwear,1882,28.8,Prepaid_UPI,662,13,2,353.2,2,0,4,0
3644,Apparel,407,31.6,COD,926,18,8,477.4,5,0,1,0
3645,Apparel,1925,26.7,Prepaid_UPI,91,5,1,86.7,4,0,3,0
3646,Footwear,1075,29.3,Prepaid_Card,40,1,0,355.8,5,0,,1
3647,Electronics,23142,36.2,Prepaid_Card,695,17,0,252.3,4,0,1,0
3648,Electronics,35569,22.8,Prepaid_Card,297,6,1,73.2,3,0,5,0
3649,Apparel,1488,16.8,COD,331,7,2,193.3,9,0,4,0
3650,Footwear,1177,29.3,Prepaid_Card,204,3,0,170.2,1,0,5,0
3651,Apparel,1513,31,Prepaid_UPI,133,4,1,167.5,6,0,,1
3652,Apparel,1764,35.3,Prepaid_UPI,88,4,0,476.7,6,0,1,0
3653,Apparel,1939,0,COD,151,4,0,305.8,5,0,4,0
3654,Apparel,974,19.2,Prepaid_UPI,806,20,3,194.9,5,1,1,0
3655,Apparel,461,6,Prepaid_UPI,192,6,1,168.6,6,0,1,0
3656,Apparel,1494,30.4,Prepaid_UPI,583,11,2,280.5,3,1,2,0
3657,Apparel,806,32.9,Prepaid_Card,690,15,3,187,4,0,1,0
3658,Electronics,35403,17.9,COD,49,0,0,364,4,1,2,0
3659,Footwear,3220,11.1,Wallet,568,14,2,221.6,6,0,1,0
3660,Apparel,1792,31,COD,2,1,0,60.5,6,0,2,0
3661,Apparel,2142,20,COD,129,3,0,89.8,2,1,5,0
3662,Beauty,1524,43.4,Prepaid_UPI,179,6,1,154.2,4,1,3,0
3663,Footwear,4117,48.6,COD,276,2,0,219.7,3,1,4,0
3664,Home,5243,37,Prepaid_UPI,337,6,1,305.3,3,0,,0
3665,Apparel,727,25.5,COD,61,0,0,292.3,4,1,3,0
3666,Electronics,36210,49.4,Prepaid_UPI,10,1,0,566.6,2,1,2,0
3667,Apparel,1649,25.6,Wallet,122,4,1,33.6,1,0,4,0
3668,Apparel,2160,14.8,Wallet,186,4,1,28.1,5,0,2,0
3669,Electronics,11862,11.9,Wallet,180,1,0,80.2,7,1,5,0
3670,Home,2865,11.4,Prepaid_UPI,1134,26,3,130.8,4,0,2,0
3671,Electronics,37181,21.9,COD,357,8,1,374.1,7,1,5,1
3672,Home,784,28.9,Wallet,33,0,0,278.9,6,1,3,0
3673,Apparel,1540,0.8,Wallet,176,3,0,80.7,3,1,2,1
3674,Electronics,24654,15.3,Prepaid_Card,223,6,1,132.3,3,1,4,0
3675,Footwear,1175,25.2,COD,593,16,0,138.8,1,1,4,0
3676,Footwear,1160,31.7,COD,319,5,0,117.9,5,0,3,1
3677,Electronics,36687,21.6,Prepaid_Card,51,3,0,187.7,6,0,3,0
3678,Home,419,25.7,Prepaid_UPI,776,15,1,160.1,5,1,5,0
3679,Apparel,1744,3.4,COD,238,3,0,168.6,3,0,4,0
3680,Apparel,1719,8.3,COD,264,3,0,85,4,1,,0
3681,Footwear,3099,21.1,Prepaid_Card,973,23,4,304.6,6,0,4,0
3682,Apparel,1137,29.7,COD,27,1,0,225.7,6,0,4,0
3683,Electronics,2440,25.5,Wallet,185,3,0,152,6,1,3,0
3684,Electronics,36318,9.3,COD,81,3,1,100.8,5,0,4,1
3685,Apparel,626,18.5,COD,21,1,0,177.7,7,0,2,0
3686,Apparel,905,44.7,COD,243,6,2,62.6,2,0,,0
3687,Electronics,42669,30.2,Prepaid_UPI,1308,28,1,281.4,3,1,3,0
3688,Beauty,859,19.6,Prepaid_UPI,285,4,1,295.3,3,1,2,0
3689,Home,2265,6.6,COD,1104,28,7,218.5,4,1,3,0
3690,Electronics,43834,11.3,COD,180,7,0,551.5,8,0,2,1
3691,Apparel,555,22.1,Prepaid_Card,412,12,1,301.1,3,1,1,0
3692,Home,1537,26.1,COD,164,3,0,353.6,3,0,,1
3693,Apparel,1189,30.5,Prepaid_UPI,956,20,3,289.3,1,0,2,0
3694,Home,6365,27.8,COD,567,12,1,291.2,6,1,,0
3695,Footwear,4037,16.4,Prepaid_Card,377,11,0,248.1,4,1,1,0
3696,Electronics,34297,14.3,COD,442,10,0,345.6,8,1,,1
3697,Apparel,2157,52.7,Prepaid_Card,45,0,0,235.5,8,1,,0
3698,Apparel,430,13.7,Prepaid_Card,126,4,0,107.8,2,0,3,0
3699,Apparel,1515,2.6,COD,37,0,0,371.4,4,0,1,1
3700,Electronics,6296,0,COD,200,2,0,285.1,7,1,1,1
3701,Footwear,4141,16.7,COD,243,6,1,114.8,3,0,,1
3702,Apparel,2084,36.1,COD,950,20,0,210.3,7,0,2,0
3703,Home,2633,13.4,Wallet,191,4,1,73,1,0,,0
3704,Home,6673,44.2,COD,181,0,0,467.7,4,0,,0
3705,Apparel,1534,21.9,COD,56,0,0,273.8,3,0,5,1
3706,Apparel,581,38.6,COD,147,3,0,93.1,7,0,1,0
3707,Electronics,27601,10.6,Prepaid_UPI,277,3,1,195.8,4,0,,1
3708,Home,7816,10.9,Wallet,253,3,1,109,6,0,,0
3709,Electronics,14695,23.4,Prepaid_UPI,267,6,1,158.9,6,1,5,0
3710,Footwear,505,29.2,Prepaid_Card,59,3,0,292.2,3,1,1,0
3711,Footwear,4407,19.3,Prepaid_UPI,121,1,0,364.9,6,0,5,0
3712,Footwear,2156,26.4,COD,719,15,3,98,6,1,,0
3713,Beauty,1163,30.8,Prepaid_UPI,144,3,0,468.1,1,1,1,0
3714,Footwear,3350,0.7,Prepaid_UPI,10,0,0,414.3,6,1,4,0
3715,Footwear,2918,16.9,COD,818,21,3,172.7,3,0,4,0
3716,Footwear,1708,14.2,Prepaid_Card,124,2,0,139.4,6,1,2,0
3717,Footwear,900,14.9,COD,331,7,0,337.2,5,0,,0
3718,Footwear,3809,28.1,COD,284,7,1,748.4,7,0,3,0
3719,Beauty,1286,14.4,Prepaid_UPI,852,16,4,224.4,7,1,1,0
3720,Electronics,30654,0,COD,1740,41,11,164.1,3,1,1,0
3721,Home,6926,18.5,Prepaid_UPI,210,7,1,151.9,3,0,4,0
3722,Electronics,1976,6,Wallet,521,12,1,19.7,4,1,4,1
3723,Footwear,3938,29.4,Prepaid_Card,393,10,5,127.3,7,1,5,1
3724,Electronics,34129,34.1,COD,490,10,2,25.4,4,1,1,1
3725,Footwear,4287,0,Prepaid_Card,144,5,0,376.5,5,1,1,0
3726,Footwear,1434,10.4,Prepaid_UPI,2104,45,5,442.3,7,1,4,0
3727,Beauty,908,27.3,COD,86,2,0,170.2,5,1,4,0
3728,Apparel,1591,0.9,COD,427,10,3,209.2,8,0,2,1
3729,Home,7429,33.7,Prepaid_Card,112,2,0,129.1,3,1,3,0
3730,Footwear,4471,37.7,Wallet,137,5,0,134.4,6,1,3,0
3731,Beauty,1129,19.6,COD,407,13,2,214.4,5,1,4,0
3732,Beauty,1417,10.4,COD,19,0,0,263.7,5,0,,0
3733,Home,1613,0,Wallet,1188,27,8,568.3,1,0,,1
3734,Home,5644,34.2,COD,749,15,3,76.1,4,0,3,0
3735,Apparel,1907,52,COD,555,14,1,198.8,1,0,3,0
3736,Beauty,2027,48.9,Prepaid_Card,17,0,0,255.9,3,1,2,0
3737,Apparel,1023,19.1,COD,266,12,1,184.2,4,1,5,1
3738,Footwear,4353,5.6,COD,102,0,0,304.5,10,0,2,0
3739,Footwear,981,34.6,Prepaid_Card,245,10,1,393.9,6,1,3,1
3740,Electronics,22836,20.1,Prepaid_Card,146,5,1,186.8,2,1,3,0
3741,Apparel,1398,29.2,Prepaid_Card,751,14,2,205.2,5,0,5,0
3742,Apparel,1366,26.5,COD,756,21,1,156.3,5,0,,0
3743,Footwear,3532,23.4,Prepaid_Card,455,8,1,314.3,5,0,1,0
3744,Electronics,27901,37.4,Prepaid_Card,168,3,0,120.6,5,1,2,0
3745,Apparel,539,38,Prepaid_UPI,425,7,1,375.3,3,1,1,0
3746,Home,1685,14.2,Prepaid_UPI,352,8,0,142.5,5,1,3,0
3747,Apparel,1358,8.2,Prepaid_UPI,121,3,0,273.8,5,0,5,0
3748,Footwear,3278,0,Prepaid_UPI,100,4,0,271.1,6,0,2,1
3749,Apparel,1326,16.8,Prepaid_UPI,350,13,2,482.1,6,1,1,0
3750,Apparel,1040,5.6,COD,117,2,0,65.3,6,0,4,0
3751,Apparel,492,28.3,Wallet,294,1,0,398,5,0,5,0
3752,Electronics,35622,17,Prepaid_UPI,1232,29,7,122.4,4,0,2,0
3753,Electronics,22977,18.6,COD,432,8,0,390.7,6,0,1,0
3754,Footwear,2655,34.2,COD,243,9,0,111.1,3,0,4,0
3755,Electronics,21740,28,Prepaid_Card,1008,22,1,231.4,1,0,5,0
3756,Electronics,12822,20.2,Prepaid_Card,631,13,2,164.7,1,0,1,0
3757,Apparel,897,47.3,Prepaid_UPI,24,0,0,371.1,1,1,3,0
3758,Apparel,514,33.1,Prepaid_Card,5,1,0,106.2,6,0,3,1
3759,Beauty,1813,15.8,COD,1333,29,4,79.2,5,1,,0
3760,Apparel,889,16.4,COD,230,8,2,256.4,6,0,4,1
3761,Beauty,852,33.8,Prepaid_UPI,644,14,1,115.6,6,1,2,0
3762,Electronics,44715,25,COD,35,4,0,292.7,7,1,2,0
3763,Apparel,1094,5.2,Prepaid_UPI,98,0,0,273.7,7,1,2,1
3764,Apparel,1319,35.4,COD,69,0,0,221.7,7,1,4,1
3765,Apparel,1096,40.9,Prepaid_Card,242,7,1,229,7,1,1,1
3766,Footwear,1661,39.7,Prepaid_Card,63,0,0,291,8,1,2,0
3767,Electronics,1456,45.1,COD,112,2,0,209.2,9,1,4,0
3768,Electronics,38644,53,Prepaid_Card,603,11,1,151.4,5,0,4,0
3769,Home,3943,47.9,Prepaid_UPI,1154,23,2,201.3,8,0,4,0
3770,Home,5843,27.1,COD,231,6,0,200.6,3,1,,0
3771,Beauty,2403,18.9,COD,205,5,0,234.4,3,1,1,1
3772,Beauty,157,0,Prepaid_UPI,353,6,1,656.6,8,1,1,1
3773,Home,5498,22.2,Prepaid_UPI,477,12,1,199.3,5,0,1,0
3774,Footwear,975,29.8,Prepaid_Card,143,6,0,473.9,1,1,2,0
3775,Footwear,2332,22.7,Prepaid_UPI,139,3,0,398.4,2,1,2,0
3776,Electronics,38289,0,COD,570,15,5,122.8,3,0,,0
3777,Home,851,17.7,COD,232,3,0,105.7,2,1,5,0
3778,Apparel,2181,31.7,Prepaid_Card,422,11,2,253.6,6,0,1,0
3779,Footwear,2823,6.6,Prepaid_UPI,484,11,4,391.6,3,1,1,1
3780,Beauty,1078,24.5,Prepaid_UPI,45,0,0,212.7,4,0,1,0
3781,Apparel,435,28.5,COD,735,20,0,256.5,3,1,5,1
3782,Footwear,2847,38.8,Prepaid_Card,1026,23,3,247.4,1,0,1,0
3783,Beauty,1313,47.7,Prepaid_UPI,180,3,0,538.3,2,0,3,0
3784,Apparel,788,16.3,COD,416,9,1,373.2,7,0,2,0
3785,Electronics,22682,24.8,Prepaid_Card,488,9,1,168,5,1,5,0
3786,Beauty,180,25.2,Prepaid_Card,562,10,1,81.7,1,0,3,0
3787,Beauty,2499,31.7,COD,44,0,0,223.2,3,0,,0
3788,Apparel,998,30.1,COD,231,4,1,214,6,0,2,0
3789,Electronics,22234,43.4,COD,832,17,1,830.5,6,1,4,0
3790,Home,6343,0,Wallet,493,13,3,234.3,9,1,5,0
3791,Apparel,1683,28.3,COD,10,0,0,237.2,4,1,5,1
3792,Electronics,40119,29.3,COD,5,0,0,187,5,0,3,0
3793,Apparel,2094,18.5,COD,300,4,0,180.4,3,0,,0
3794,Apparel,741,0,COD,264,3,0,371.9,1,1,,1
3795,Home,3306,21.1,COD,67,4,1,351.7,5,1,3,0
3796,Home,5588,11.3,Prepaid_Card,191,5,1,201,4,0,2,0
3797,Home,647,47.2,COD,152,5,1,319.6,10,0,1,1
3798,Footwear,3368,27.6,COD,206,7,1,246.6,3,1,4,1
3799,Electronics,1414,10.1,COD,94,1,0,258.4,4,1,4,0
3800,Apparel,2045,0,COD,319,10,2,129.5,5,0,,0
3801,Apparel,1693,30.9,COD,640,13,2,335.4,7,0,3,1
3802,Apparel,1418,32.4,Prepaid_Card,42,0,0,200.1,6,1,5,0
3803,Apparel,1172,18.8,Prepaid_UPI,145,4,1,444.7,1,0,4,0
3804,Apparel,2178,31.1,Prepaid_UPI,978,22,4,92.3,7,0,5,0
3805,Apparel,1726,16.8,COD,215,5,1,189.7,4,0,,1
3806,Apparel,1853,38,Prepaid_UPI,147,5,1,96.5,1,0,1,0
3807,Home,6655,36.9,Prepaid_UPI,707,16,5,385.1,5,0,4,1
3808,Home,468,0,COD,40,2,0,279,2,0,3,0
3809,Beauty,279,1.1,Prepaid_Card,265,9,1,92.5,7,0,1,0
3810,Footwear,1293,52.5,Prepaid_UPI,853,19,4,247.6,5,1,3,0
3811,Home,5345,36,COD,177,5,0,202.1,7,1,1,1
3812,Apparel,1523,3.1,COD,130,0,0,186.2,7,1,,0
3813,Home,2804,0,Prepaid_Card,147,11,3,230.2,3,1,2,0
3814,Apparel,2151,25.1,COD,143,0,0,604.9,5,0,,0
3815,Electronics,5278,4.9,Wallet,114,1,0,611.1,7,1,5,0
3816,Electronics,35220,17.2,COD,1186,25,4,250.8,5,0,5,0
3817,Electronics,22262,21.3,COD,118,7,1,209.4,3,0,,0
3818,Apparel,1154,20.6,COD,254,4,2,85.9,8,1,3,1
3819,Home,497,38.9,COD,552,13,1,256.5,5,0,4,1
3820,Footwear,3411,49.5,Prepaid_UPI,112,1,0,620.1,3,1,4,0
3821,Footwear,3586,14.8,Prepaid_UPI,542,10,4,294.1,9,0,3,0
3822,Home,2756,5,Wallet,890,21,3,193.6,1,0,2,0
3823,Electronics,23843,27.8,Prepaid_Card,229,4,1,123.1,3,1,5,0
3824,Apparel,1492,46.5,Prepaid_Card,425,10,1,235.3,3,0,1,0
3825,Footwear,1971,16,COD,436,11,3,579.8,6,1,2,1
3826,Home,5040,34.8,COD,268,10,1,201.6,4,1,1,0
3827,Apparel,1181,9.4,Wallet,91,0,0,432.4,3,0,2,0
3828,Electronics,39659,22.3,Prepaid_Card,1427,31,2,213.3,7,0,1,0
3829,Beauty,1839,4.6,Prepaid_Card,117,2,0,60.6,6,0,2,0
3830,Home,1151,22.2,Prepaid_Card,329,7,1,77.2,4,0,4,0
3831,Electronics,36223,20.3,Prepaid_UPI,464,15,3,337,5,1,2,0
3832,Home,2899,31.1,COD,213,4,0,247.2,2,1,2,0
3833,Electronics,42178,48.7,Prepaid_UPI,359,3,0,406.6,4,1,,1
3834,Electronics,27628,16.2,Prepaid_UPI,328,7,0,222.9,4,1,4,1
3835,Apparel,450,0,Prepaid_UPI,160,3,0,425,2,0,1,0
3836,Electronics,33365,19,COD,131,2,0,323.3,1,0,1,1
3837,Home,1307,26.5,COD,39,0,0,97.9,4,0,5,1
3838,Apparel,1979,25,Prepaid_Card,629,11,0,198.6,7,0,5,1
3839,Footwear,4293,19.6,Prepaid_UPI,1441,36,1,159.2,6,0,5,0
3840,Apparel,1651,44.3,Wallet,416,10,0,119.5,3,0,4,0
3841,Home,4403,24,Prepaid_Card,571,12,1,214,10,1,5,0
3842,Home,4936,20.4,COD,374,13,0,422.1,2,0,2,0
3843,Home,3602,10.3,COD,244,4,1,168.1,6,1,2,1
3844,Home,944,0,Prepaid_Card,260,7,2,112.3,3,1,5,0
3845,Beauty,2333,26.9,COD,32,0,0,380.5,7,0,,0
3846,Electronics,15618,25.7,Prepaid_Card,431,11,1,248,4,0,,0
3847,Footwear,1751,6.1,Prepaid_UPI,128,1,0,66.8,4,1,5,0
3848,Home,1773,21.3,COD,714,17,5,306.1,7,0,5,1
3849,Apparel,2186,19.8,COD,320,11,1,310.4,4,0,2,0
3850,Apparel,2097,12.6,COD,115,3,0,223.4,6,1,4,0
3851,Electronics,16505,10.1,COD,117,0,0,92.4,4,1,2,0
3852,Apparel,868,28.1,Prepaid_UPI,32,1,0,154.5,1,1,1,0
3853,Electronics,36475,18.6,COD,381,9,1,184.8,9,1,2,0
3854,Electronics,19710,13.1,COD,175,6,0,224.7,6,0,3,1
3855,Home,7752,9.1,COD,17,3,0,110.9,4,1,1,0
3856,Apparel,2022,20.1,COD,23,4,2,351.9,8,1,3,1
3857,Footwear,3538,35.9,Prepaid_Card,352,8,1,628.7,2,1,2,0
3858,Electronics,5139,25.1,Prepaid_Card,228,4,1,127.1,2,1,5,0
3859,Home,5706,18.4,Prepaid_Card,134,1,0,153.8,1,0,5,0
3860,Apparel,2177,26.6,Prepaid_Card,72,1,0,145.9,4,1,1,0
3861,Electronics,17550,42.5,COD,250,7,2,890,3,1,5,0
3862,Apparel,1987,29.4,Prepaid_Card,182,1,0,270.5,4,0,2,0
3863,Home,3443,25.9,COD,136,1,0,432.2,1,1,,0
3864,Electronics,43744,31.6,Wallet,53,2,0,289.9,3,1,1,0
3865,Beauty,1686,19.6,COD,842,17,2,98.7,6,0,3,1
3866,Electronics,5427,24.8,Prepaid_Card,1022,23,1,122.4,8,0,3,0
3867,Home,3989,14.7,COD,222,3,0,145.4,5,0,3,0
3868,Apparel,490,0,Prepaid_UPI,284,7,2,156.6,3,1,1,1
3869,Home,3342,27.1,COD,256,4,1,355.3,6,1,3,0
3870,Electronics,41294,27.2,Wallet,357,4,1,775.4,7,1,,1
3871,Electronics,11370,17.7,COD,16,2,0,203.8,7,0,1,0
3872,Apparel,2111,37.5,Prepaid_UPI,865,18,2,250.4,6,0,1,1
3873,Apparel,580,11.2,Prepaid_Card,443,9,1,227,3,1,2,0
3874,Apparel,1597,0,COD,218,3,0,84.7,4,0,,0
3875,Beauty,2419,11.5,COD,220,6,0,495.1,5,1,4,0
3876,Electronics,29852,0,COD,112,3,0,327.9,1,1,,0
3877,Apparel,2018,27.1,Prepaid_UPI,188,5,1,211.8,5,1,2,0
3878,Beauty,2479,10.7,Prepaid_UPI,558,11,2,676,8,0,3,0
3879,Apparel,1555,36.8,COD,284,6,1,69.1,3,1,,0
3880,Electronics,35463,36.5,COD,82,3,0,368,1,1,2,1
3881,Home,546,8.1,COD,477,14,0,221.4,3,0,,1
3882,Beauty,1154,9.9,COD,935,21,3,178.2,3,0,1,0
3883,Home,2520,30,Prepaid_Card,7,0,0,169.6,7,1,3,0
3884,Electronics,37299,36.7,COD,16,1,0,205.9,10,0,2,0
3885,Beauty,1742,0,COD,743,16,1,191.8,5,1,2,0
3886,Apparel,1506,26.2,Prepaid_UPI,116,0,0,302.6,3,0,4,0
3887,Beauty,2339,0,Prepaid_UPI,277,2,0,266.5,2,0,5,0
3888,Footwear,855,13.8,Prepaid_UPI,330,7,1,473.6,7,1,1,0
3889,Beauty,2392,38.4,COD,205,5,0,190.9,6,1,4,1
3890,Apparel,581,67.1,Wallet,343,7,1,569.6,7,0,2,0
3891,Apparel,1025,18.4,Prepaid_Card,146,5,1,537.2,3,0,1,0
3892,Home,5153,3.3,Prepaid_Card,839,17,5,168.8,8,0,2,0
3893,Electronics,16157,14.3,COD,47,0,0,586.4,5,1,,0
3894,Electronics,31095,23,Prepaid_UPI,301,5,1,137.8,3,1,2,0
3895,Beauty,1972,11.9,Prepaid_Card,463,9,1,370,1,0,5,0
3896,Home,6679,8.1,Prepaid_UPI,286,6,1,294.3,3,1,2,0
3897,Apparel,723,15.6,Prepaid_Card,190,3,0,160,3,0,,1
3898,Electronics,9175,27.9,Prepaid_UPI,230,1,0,293.7,2,0,2,0
3899,Apparel,494,19.5,Prepaid_UPI,75,0,0,158.5,5,1,4,0
3900,Apparel,1284,8.8,Wallet,200,5,0,267.9,3,1,4,0
3901,Apparel,648,11.9,COD,264,4,0,245.2,2,1,3,0
3902,Footwear,1774,15.8,COD,910,16,4,174.2,2,0,4,0
3903,Home,6771,7,Prepaid_UPI,343,9,1,582.3,1,0,2,0
3904,Electronics,42751,11.4,Prepaid_Card,336,11,1,605.5,3,1,2,0
3905,Electronics,37207,31.7,Prepaid_Card,55,1,0,197.2,3,0,2,0
3906,Home,305,18.5,Prepaid_UPI,1066,24,9,507.9,4,1,4,0
3907,Footwear,2772,0,Prepaid_Card,93,3,0,151.7,5,0,1,0
3908,Footwear,1167,37.4,Prepaid_UPI,250,1,0,67.4,8,1,2,0
3909,Home,3193,28.3,COD,78,4,0,214.8,7,0,3,0
3910,Footwear,2212,1.3,Prepaid_UPI,255,8,1,205.1,1,0,3,0
3911,Electronics,42501,16.5,COD,277,10,2,104.2,6,0,4,0
3912,Electronics,28958,10.1,Prepaid_Card,719,15,1,153.1,7,0,4,0
3913,Footwear,1571,32.2,Prepaid_UPI,346,5,1,521.6,6,0,1,1
3914,Electronics,29354,16.4,COD,15,3,0,256.4,4,1,3,0
3915,Electronics,42892,20.9,COD,13,1,0,537.9,8,0,4,0
3916,Apparel,506,19.2,COD,1537,36,2,303.8,3,1,2,0
3917,Electronics,36940,0,Prepaid_Card,101,1,0,357.6,7,1,1,0
3918,Home,1970,43.1,COD,105,3,0,309.5,7,1,2,0
3919,Home,1479,31.9,COD,800,16,0,284.4,6,0,1,1
3920,Electronics,40570,10.8,Prepaid_UPI,94,2,0,198.5,1,1,,0
3921,Apparel,403,24.9,COD,17,0,0,331.5,5,1,,0
3922,Footwear,3464,36.6,Prepaid_Card,566,17,6,342.6,6,1,2,0
3923,Electronics,5021,22.8,Prepaid_Card,805,19,1,399,5,1,4,0
3924,Beauty,1602,45.4,COD,62,0,0,445.1,4,0,,1
3925,Apparel,1518,65.8,COD,174,4,1,555.7,4,1,4,1
3926,Home,6943,20.1,Wallet,397,10,0,290.7,3,0,3,0
3927,Electronics,37230,13.3,Prepaid_UPI,141,2,0,314.8,4,0,4,0
3928,Footwear,3241,7.2,COD,488,9,1,276.5,7,1,4,1
3929,Apparel,1085,0,Prepaid_UPI,211,6,0,543.6,3,0,2,0
3930,Beauty,541,40.7,Prepaid_Card,113,1,0,297.2,5,1,5,0
3931,Electronics,29043,16.7,COD,341,9,1,295.7,1,1,4,0
3932,Home,4127,35.1,Prepaid_UPI,2294,49,5,323.9,3,0,5,0
3933,Electronics,4614,38.1,Prepaid_Card,339,6,0,322.9,6,0,1,0
3934,Apparel,2120,5.8,COD,470,12,2,277.4,7,1,1,0
3935,Electronics,14972,8,Prepaid_UPI,27,2,0,174.4,2,1,3,0
3936,Apparel,404,48.2,COD,109,2,0,172.1,5,0,3,0
3937,Electronics,40694,20.9,COD,850,19,4,104.4,6,1,5,0
3938,Home,4743,12.1,COD,202,5,1,218.3,3,1,2,0
3939,Electronics,33308,6.3,Prepaid_UPI,79,0,0,100.7,1,1,4,0
3940,Apparel,675,19.9,Prepaid_UPI,178,1,0,57.6,2,1,1,0
3941,Apparel,1128,44.6,Wallet,17,2,1,426.4,1,1,5,0
3942,Apparel,1561,32.3,COD,160,7,1,173.6,6,1,5,0
3943,Apparel,852,24.7,Prepaid_UPI,659,16,1,38.1,5,0,3,0
3944,Home,5702,45.8,Prepaid_Card,1106,25,2,453.3,4,0,,0
3945,Apparel,821,42.9,COD,401,6,0,130.8,3,0,,0
3946,Footwear,1337,27,COD,1307,31,3,213.1,7,0,3,1
3947,Apparel,421,63.6,Prepaid_UPI,481,12,1,419,4,1,5,0
3948,Apparel,907,18.3,COD,133,4,1,336.6,5,1,5,0
3949,Footwear,1487,38.5,Prepaid_Card,19,2,1,88.6,2,0,2,0
3950,Apparel,1776,16.1,Prepaid_Card,349,11,2,108.6,2,1,4,0
3951,Electronics,26153,35.5,COD,784,15,4,244.9,7,1,4,0
3952,Beauty,568,18.3,Wallet,441,7,1,120.2,5,1,5,0
3953,Beauty,1485,28.9,Prepaid_UPI,173,4,0,300.1,5,1,1,0
3954,Home,2036,57.9,Prepaid_Card,412,7,0,261.2,5,1,4,0
3955,Apparel,1166,36.3,Prepaid_UPI,189,2,0,594.6,7,1,3,0
3956,Home,7139,29.2,Prepaid_Card,222,7,1,257.5,7,0,1,0
3957,Beauty,1840,10.4,Prepaid_UPI,734,14,3,166.7,2,1,1,0
3958,Beauty,1680,24.8,COD,174,4,0,140.8,4,1,1,0
3959,Apparel,907,6.9,Prepaid_Card,162,0,0,162.9,2,1,2,0
3960,Electronics,6657,35.3,COD,490,11,1,458.9,5,0,,0
3961,Apparel,1755,34.9,Prepaid_Card,913,23,4,250.3,4,0,2,1
3962,Apparel,1422,19.3,Prepaid_Card,143,6,0,212.1,4,1,3,0
3963,Home,5095,47,COD,297,9,3,286.5,4,0,3,0
3964,Apparel,2155,44.8,Wallet,508,11,1,97.2,4,0,2,0
3965,Electronics,16456,24.2,COD,179,6,2,293.9,10,0,2,0
3966,Apparel,1841,30.5,COD,255,7,2,218,1,0,4,0
3967,Electronics,25682,13.2,COD,206,4,2,203.6,4,1,,0
3968,Apparel,823,17.9,Prepaid_Card,294,7,2,541.7,1,0,3,0
3969,Electronics,3517,5.8,COD,1073,26,2,205.3,5,0,1,1
3970,Apparel,1509,14.8,Prepaid_Card,141,0,0,227.9,1,1,2,0
3971,Beauty,849,20.4,Prepaid_UPI,668,13,4,156.8,4,1,2,0
3972,Apparel,1652,0,COD,423,9,2,357,3,1,2,0
3973,Electronics,31892,30.7,Wallet,309,4,0,853.3,7,1,4,0
3974,Apparel,1220,37.3,COD,1096,22,2,115.5,1,1,4,0
3975,Apparel,1366,21.9,Prepaid_Card,639,13,2,229.8,1,0,5,0
3976,Apparel,1528,0,COD,316,9,1,148.6,2,1,4,0
3977,Apparel,1243,18.2,Prepaid_UPI,71,4,3,431.8,5,1,2,1
3978,Apparel,1979,1.1,Prepaid_UPI,145,4,0,439.5,5,1,5,0
3979,Electronics,4526,12.9,COD,490,11,1,177.7,4,0,5,1
3980,Home,7845,43.8,COD,315,11,1,286.1,6,0,4,1
3981,Apparel,460,0,COD,709,15,2,238.9,1,1,,0
3982,Electronics,10315,9.8,COD,1341,30,2,189.8,4,1,4,0
3983,Home,5754,34.4,Wallet,262,5,1,385.8,4,0,3,0
3984,Apparel,553,11.5,Prepaid_Card,743,14,0,171.5,5,1,4,0
3985,Electronics,12683,10.3,Prepaid_Card,30,3,1,304.9,5,0,3,0
3986,Apparel,677,52.5,Wallet,168,3,0,130.9,5,1,1,0
3987,Apparel,1702,27.7,Prepaid_UPI,644,16,5,734.4,5,1,5,0
3988,Electronics,26557,36,Prepaid_UPI,48,1,0,240.7,9,0,5,0
3989,Beauty,302,29.4,COD,189,7,1,177.6,6,1,,0
3990,Beauty,1231,24.4,COD,324,5,1,185.3,1,0,5,0
3991,Beauty,640,41,COD,1642,39,17,224.9,6,0,2,0
3992,Electronics,43585,50.6,COD,817,20,3,221.7,4,1,2,0
3993,Apparel,594,0,COD,228,1,0,91.2,3,0,4,0
3994,Electronics,27395,21.5,COD,251,5,1,440.2,1,0,,0
3995,Apparel,1267,21.4,COD,21,3,0,176.7,4,0,1,0
3996,Apparel,1441,15.6,Prepaid_Card,41,4,0,643,5,1,,0
3997,Apparel,2122,36.7,COD,1466,34,4,292.8,6,0,4,1
3998,Electronics,16148,25.9,COD,87,1,0,168.1,2,1,4,0
3999,Electronics,33996,50.9,COD,518,10,1,347,4,0,,0
4000,Apparel,1205,38.5,Prepaid_Card,52,2,0,243.4,3,0,2,0
4001,Home,5388,42.5,Prepaid_UPI,77,1,0,651.9,3,0,3,0
4002,Electronics,17216,4,Prepaid_UPI,87,1,0,289.6,1,0,5,0
4003,Footwear,1408,9.9,COD,75,1,0,434,2,1,4,0
4004,Apparel,551,11.1,COD,84,4,0,347.5,4,0,,0
4005,Electronics,5657,41.8,COD,205,8,1,135.9,6,1,2,0
4006,Apparel,2127,7.5,COD,886,22,0,631.8,4,0,5,0
4007,Electronics,35734,7.9,COD,135,3,1,100.2,2,0,3,0
4008,Apparel,841,5.2,Wallet,147,1,0,228.3,4,0,1,1
4009,Apparel,1352,63.3,COD,85,3,1,300.5,2,0,5,1
4010,Home,5800,19.9,COD,383,12,1,55.3,6,0,,0
4011,Apparel,1035,29.9,Prepaid_UPI,457,12,3,164.6,8,1,2,0
4012,Apparel,1192,4.9,Prepaid_Card,777,18,3,278,5,1,3,0
4013,Beauty,1838,36.4,COD,732,15,1,286.6,6,0,5,1
4014,Apparel,809,0,COD,874,20,6,697.6,3,0,5,1
4015,Home,4353,7.3,Wallet,18,3,1,468.6,5,0,2,0
4016,Home,1918,11,COD,670,15,8,185,4,0,2,0
4017,Apparel,406,25.3,Prepaid_Card,14,0,0,55.1,7,0,3,0
4018,Electronics,31434,10.1,Prepaid_UPI,46,0,0,83.8,3,1,1,0
4019,Apparel,1673,44.9,COD,371,13,2,240.4,4,0,1,0
4020,Footwear,4483,29.5,Prepaid_UPI,82,0,0,369.7,2,0,3,1
4021,Apparel,726,11.7,COD,128,1,0,155.3,6,0,3,0
4022,Apparel,1731,37,COD,624,14,1,683.8,3,1,5,1
4023,Apparel,2106,16.1,COD,1601,35,3,248.8,4,1,2,1
4024,Beauty,1665,13.1,Wallet,28,3,0,213.4,2,0,5,0
4025,Footwear,4353,35.4,COD,3,2,0,736.8,4,1,4,1
4026,Beauty,2487,0,COD,59,0,0,656.8,6,1,5,0
4027,Home,6473,33,Wallet,106,1,0,444.2,5,0,1,0
4028,Home,7995,11.3,COD,836,17,6,198.5,7,0,3,0
4029,Electronics,28611,11.3,Prepaid_UPI,506,13,0,695.8,3,0,3,0
4030,Beauty,1318,51.4,Prepaid_Card,87,3,0,479.4,4,0,5,1
4031,Electronics,41392,14,Prepaid_Card,177,3,1,242.3,7,0,5,0
4032,Electronics,37596,36.3,Prepaid_UPI,2500,56,5,589.7,2,0,5,0
4033,Home,1148,26.2,Prepaid_UPI,710,14,1,189.6,7,1,,0
4034,Home,2631,27.7,COD,115,1,0,101.1,8,0,5,0
4035,Apparel,869,18.2,Wallet,159,1,0,204.6,2,0,3,0
4036,Electronics,38660,17.5,Wallet,30,1,0,93.7,10,0,3,0
4037,Apparel,820,44.9,Prepaid_UPI,537,12,2,252.4,4,1,5,0
4038,Footwear,1716,36,Prepaid_Card,128,1,0,242.7,1,0,2,0
4039,Electronics,23923,14.5,Prepaid_Card,604,14,1,167.9,2,0,,0
4040,Footwear,804,6.3,Prepaid_Card,94,4,0,475.8,4,0,4,0
4041,Electronics,43302,13.2,COD,3,0,0,295.1,3,1,4,0
4042,Footwear,2464,36.7,Prepaid_Card,308,6,0,183.4,3,0,2,0
4043,Apparel,743,39.7,Prepaid_Card,216,6,1,215,2,0,2,0
4044,Beauty,786,30.3,Prepaid_Card,617,14,2,388.3,1,1,,0
4045,Electronics,36156,0,COD,155,1,0,463.2,8,1,5,0
4046,Apparel,1541,33.3,Prepaid_Card,315,6,0,279.7,5,0,3,0
4047,Apparel,1236,41.6,Prepaid_Card,384,8,2,146.1,7,0,4,0
4048,Apparel,997,24.6,Prepaid_Card,84,2,1,224.8,2,1,5,1
4049,Electronics,40650,51.7,Wallet,1799,40,8,362.8,4,1,1,0
4050,Home,6249,2.2,Prepaid_UPI,972,25,3,527.3,2,1,3,0
4051,Beauty,1838,32.3,COD,94,2,0,200.1,3,0,4,0
4052,Home,3734,6.7,COD,102,0,0,133.2,7,1,1,1
4053,Home,7855,37.9,Prepaid_UPI,777,17,1,404.7,3,1,3,0
4054,Electronics,32301,31.2,COD,169,7,0,514.2,4,1,3,0
4055,Footwear,2194,49,Prepaid_UPI,43,1,0,268.2,3,1,3,0
4056,Footwear,4342,29.5,COD,549,11,3,158.3,6,0,1,0
4057,Apparel,2012,15.9,COD,491,10,1,202.9,3,1,1,1
4058,Beauty,1889,14.6,COD,226,6,0,276.9,7,1,2,1
4059,Electronics,34794,18.2,Prepaid_UPI,1514,33,6,177,4,1,3,1
4060,Footwear,2195,14.3,Wallet,122,0,0,113,10,1,1,1
4061,Beauty,1342,42.2,Prepaid_UPI,475,9,2,175.3,7,0,,0
4062,Home,1775,41.1,Prepaid_Card,736,16,1,202,4,1,3,0
4063,Apparel,1472,0,Prepaid_UPI,162,5,1,200.5,5,1,5,0
4064,Home,3148,22.6,COD,71,0,0,47.7,8,1,2,0
4065,Apparel,1025,22.9,Prepaid_Card,795,17,5,1061.2,5,0,4,1
4066,Footwear,4293,10.3,Wallet,764,17,1,179.3,6,0,4,0
4067,Apparel,697,28.6,COD,121,1,0,126,9,0,4,0
4068,Home,6691,43.9,Wallet,517,11,3,215,5,1,4,0
4069,Beauty,811,35.4,COD,2,1,0,489.1,1,1,,0
4070,Apparel,452,42.2,COD,168,1,0,476.1,5,0,3,0
4071,Electronics,2972,11.2,Prepaid_Card,209,5,0,429.3,7,0,2,1
4072,Home,3605,22.5,Wallet,605,11,1,607.8,5,0,,0
4073,Electronics,21105,10.5,COD,40,0,0,146,2,0,1,1
4074,Apparel,976,25.6,Prepaid_UPI,521,10,3,115.5,4,0,,0
4075,Apparel,1604,26.9,COD,31,3,0,362.8,8,1,2,0
4076,Electronics,22458,36.4,Prepaid_UPI,294,3,0,194.7,1,0,3,0
4077,Home,871,41.7,Prepaid_Card,84,1,0,418.8,1,1,4,0
4078,Home,2980,32.3,COD,40,1,0,463.4,3,1,2,0
4079,Apparel,584,9.1,Prepaid_UPI,289,9,2,300.1,7,1,3,0
4080,Electronics,3956,1.7,Prepaid_UPI,112,6,0,235,1,0,3,0
4081,Electronics,10324,29.8,Prepaid_Card,434,9,2,561.1,5,1,4,0
4082,Apparel,1661,44.5,COD,218,6,2,285.4,6,0,3,1
4083,Footwear,3284,21.6,COD,179,4,0,182.7,5,0,1,0
4084,Apparel,1951,0,Wallet,106,2,0,239.3,1,0,3,1
4085,Home,6124,53.3,Prepaid_Card,267,6,1,270.3,5,1,3,0
4086,Beauty,1408,29.3,Prepaid_UPI,45,0,0,64.6,2,0,3,0
4087,Electronics,14892,24.6,Prepaid_UPI,1,0,0,638.6,5,0,3,0
4088,Home,345,4.5,Prepaid_UPI,3,1,0,157.9,3,1,5,0
4089,Apparel,1565,22.2,COD,483,9,1,84,5,1,5,0
4090,Apparel,921,32.3,Prepaid_Card,735,17,1,281.1,4,0,4,0
4091,Apparel,850,29.5,Prepaid_UPI,521,8,2,308.1,2,1,1,0
4092,Footwear,4399,11.8,COD,80,2,0,162.8,6,0,1,1
4093,Footwear,1197,21.1,COD,19,3,0,201.1,4,0,2,1
4094,Apparel,458,12.8,Prepaid_Card,66,1,0,281,5,1,1,0
4095,Apparel,2109,47,Prepaid_UPI,171,2,0,273.9,5,0,2,0
4096,Electronics,14603,35.4,Prepaid_UPI,449,7,1,411,7,1,5,0
4097,Home,3329,14.1,COD,898,21,1,283.7,6,0,3,0
4098,Home,923,4.5,Wallet,853,21,3,75.9,5,1,5,0
4099,Home,3411,26.2,COD,302,7,2,234.2,1,0,3,0
4100,Beauty,2435,14.6,COD,69,1,0,349.8,4,1,,1
4101,Apparel,1649,15.7,Wallet,177,0,0,174.3,1,1,4,0
4102,Home,3948,5,Prepaid_UPI,493,11,2,228.3,1,1,5,0
4103,Home,2668,6.8,Wallet,51,0,0,390.1,7,0,1,0
4104,Apparel,1059,24.4,Prepaid_UPI,488,10,1,275.6,3,1,4,0
4105,Beauty,1586,18,Prepaid_Card,577,16,1,345.9,7,0,,0
4106,Apparel,858,59.4,COD,577,9,1,299.8,2,0,1,0
4107,Home,1470,30.9,COD,187,1,0,220,4,1,2,0
4108,Footwear,3285,4.7,Wallet,487,11,5,750.3,5,1,4,1
4109,Beauty,2193,0,Prepaid_UPI,206,4,1,136.8,8,0,2,1
4110,Electronics,40687,28,COD,1341,29,5,88.6,6,1,2,1
4111,Electronics,38054,16,COD,535,12,3,256.9,3,0,1,0
4112,Footwear,2622,42,COD,157,4,1,222.2,3,1,,0
4113,Footwear,3655,26.2,COD,682,13,0,257.7,5,0,4,0
4114,Electronics,41774,0,Prepaid_UPI,583,12,1,438.4,9,1,5,0
4115,Footwear,593,6.7,COD,244,6,0,151.3,4,1,,0
4116,Apparel,1142,11.9,Prepaid_Card,448,10,3,47.3,2,0,3,0
4117,Home,1872,28.6,Wallet,131,4,0,954.2,3,1,3,0
4118,Footwear,4487,6.2,Prepaid_Card,740,15,2,224.9,4,0,3,0
4119,Apparel,2073,24.3,Prepaid_Card,412,10,1,340.8,5,0,1,0
4120,Electronics,36336,2,COD,90,4,0,232.1,2,0,5,0
4121,Beauty,845,22.1,COD,410,9,1,200.1,6,0,1,0
4122,Footwear,4308,27.6,COD,232,5,1,234.2,3,1,,0
4123,Footwear,617,43.9,COD,745,16,2,351.9,7,1,,0
4124,Electronics,9436,25.7,COD,225,4,1,426.5,5,0,4,1
4125,Beauty,1600,9.7,COD,219,3,0,553.5,4,1,3,0
4126,Apparel,1827,44.4,COD,820,18,0,375.3,1,0,1,1
4127,Electronics,39903,19.3,COD,67,2,0,227.4,4,1,,1
4128,Electronics,14362,33.6,Wallet,557,11,1,734.6,4,1,5,0
4129,Footwear,2063,12.8,COD,984,22,2,348.7,4,0,,1
4130,Beauty,1219,23.4,COD,242,5,0,381.9,6,0,4,1
4131,Footwear,608,10,Prepaid_UPI,463,14,1,557.7,3,0,3,0
4132,Home,6953,26.8,COD,43,2,0,253.8,6,1,3,1
4133,Electronics,16002,34.1,Prepaid_Card,578,14,3,530.8,2,1,3,0
4134,Electronics,9928,14.6,Prepaid_UPI,215,7,2,87.6,7,1,5,0
4135,Electronics,19123,13.7,Prepaid_Card,1116,24,6,238.7,7,1,5,1
4136,Apparel,1679,27.4,COD,514,14,2,593.8,5,1,2,1
4137,Electronics,39346,9.6,Prepaid_UPI,399,9,0,471.1,6,0,4,1
4138,Footwear,1362,0,Prepaid_UPI,1080,24,1,315.9,4,0,1,0
4139,Home,1629,27.3,COD,330,5,1,121.3,4,0,,1
4140,Footwear,4275,20.4,COD,318,6,1,70,4,0,2,1
4141,Electronics,25329,20.1,COD,386,5,1,247,7,0,1,1
4142,Electronics,17221,29.8,Prepaid_UPI,173,3,0,232.1,5,1,5,0
4143,Apparel,759,31.9,COD,99,1,0,422.2,3,1,1,1
4144,Electronics,44792,19.6,COD,283,5,0,280.2,4,1,,1
4145,Electronics,32700,5.2,Prepaid_Card,206,2,0,457.8,3,0,2,0
4146,Apparel,792,12.4,Wallet,4,1,0,306.8,5,0,3,0
4147,Apparel,564,30.8,COD,419,10,2,138.5,4,0,5,0
4148,Home,1834,24,COD,69,5,0,335.2,1,1,5,0
4149,Electronics,12051,13.8,COD,249,9,3,266.5,2,1,,1
4150,Electronics,6066,10.2,Prepaid_UPI,663,15,5,249.4,4,1,5,0
4151,Apparel,813,31.3,Prepaid_Card,667,17,3,274.4,7,0,4,1
4152,Electronics,6315,18.7,Prepaid_UPI,143,4,1,314.6,1,1,5,0
4153,Electronics,17745,33.3,COD,105,1,0,256.8,5,1,2,0
4154,Electronics,22495,35.2,COD,203,4,1,93.9,8,1,,0
4155,Home,3806,17.3,COD,524,13,0,108.4,7,1,3,0
4156,Apparel,1893,36.2,COD,96,10,1,199.5,4,1,5,0
4157,Beauty,747,24.1,Prepaid_Card,133,5,1,506.3,4,1,5,0
4158,Apparel,1997,26,Prepaid_UPI,106,3,1,288.5,6,0,3,0
4159,Electronics,40976,0,COD,654,16,4,252.4,8,0,2,1
4160,Apparel,2128,7.4,Prepaid_UPI,37,2,0,721.4,6,0,4,0
4161,Electronics,9127,8.2,COD,67,1,0,306.5,5,0,1,1
4162,Apparel,842,17.2,Prepaid_Card,359,9,1,257,7,1,5,0
4163,Footwear,2995,23.7,COD,660,14,2,211.5,5,0,,0
4164,Electronics,7371,24.3,Prepaid_Card,891,18,1,192.5,5,0,5,0
4165,Home,959,26.3,COD,71,3,1,80,6,0,2,1
4166,Apparel,533,11.7,Wallet,128,4,0,254.2,3,0,3,0
4167,Apparel,1491,32.4,Wallet,1221,27,4,116,11,1,3,0
4168,Electronics,36445,49.1,Prepaid_UPI,58,2,0,154.8,5,0,2,0
4169,Electronics,12539,16.7,Prepaid_UPI,1915,44,8,112.6,4,1,5,0
4170,Electronics,42089,12,COD,109,2,0,690.1,6,1,,0
4171,Beauty,2011,11.7,Prepaid_Card,733,15,0,300.3,7,0,5,0
4172,Home,896,23.3,COD,536,10,1,524.5,3,1,1,0
4173,Beauty,1107,14.1,Prepaid_UPI,880,19,2,405.6,1,0,1,0
4174,Apparel,522,0,COD,180,7,2,222.8,4,0,,0
4175,Footwear,4161,0.1,COD,48,1,0,170.9,5,1,,0
4176,Home,6020,37.3,Prepaid_UPI,1002,23,3,220.8,3,1,4,0
4177,Home,5586,41.2,COD,10,0,0,142.2,4,0,4,0
4178,Beauty,1754,46,Prepaid_UPI,44,0,0,49.4,4,0,3,1
4179,Home,2496,25.4,COD,112,1,0,86.3,1,0,2,0
4180,Footwear,4234,7.1,Prepaid_UPI,545,12,2,364.8,6,0,3,0
4181,Footwear,4191,15.4,Prepaid_UPI,188,3,1,93.5,6,1,5,0
4182,Apparel,1731,0,Prepaid_Card,242,8,1,154.7,5,0,,1
4183,Home,3911,0,COD,135,3,0,213.6,5,1,,0
4184,Electronics,3264,25.8,COD,212,5,1,117.5,3,0,,1
4185,Beauty,217,30.1,COD,118,2,0,344.5,4,0,,0
4186,Footwear,1053,51.4,COD,584,14,0,448.8,6,0,,0
4187,Apparel,1472,20.8,Prepaid_Card,2166,51,3,96.6,1,0,2,0
4188,Apparel,1837,1.6,COD,264,4,1,90.8,2,0,,0
4189,Apparel,2107,20.2,COD,687,16,1,176.3,1,0,2,0
4190,Electronics,8881,17.8,COD,72,0,0,380.3,8,0,5,0
4191,Apparel,896,14.6,Wallet,349,10,2,375.1,4,0,2,0
4192,Footwear,716,27.2,COD,22,0,0,84.1,8,1,,0
4193,Home,7916,3.8,COD,13,0,0,317.4,4,1,4,0
4194,Footwear,3624,24,Prepaid_Card,774,15,1,220.2,8,1,1,0
4195,Apparel,1265,31.8,COD,575,14,5,484,7,1,2,1
4196,Electronics,26410,43.3,Wallet,496,8,1,134.5,3,0,4,1
4197,Apparel,1412,26.7,COD,464,11,2,114.5,5,0,1,0
4198,Footwear,1517,37.6,Prepaid_UPI,274,5,1,390,2,0,2,1
4199,Apparel,734,15.3,Prepaid_Card,263,5,1,85.6,6,0,4,1
4200,Apparel,935,17.4,Prepaid_UPI,47,0,0,268.9,7,1,3,0
4201,Apparel,845,42.2,Prepaid_Card,51,0,0,232.1,9,0,3,0
4202,Footwear,2730,1.4,Prepaid_UPI,217,4,0,180.3,8,1,3,0
4203,Apparel,955,16,Prepaid_Card,918,22,3,202.7,5,1,1,0
4204,Home,5913,38.9,Prepaid_Card,796,17,3,268.8,5,1,2,0
4205,Footwear,2772,18.8,Prepaid_UPI,161,4,1,55.4,4,0,5,0
4206,Footwear,2629,17.7,Prepaid_Card,798,17,2,136.3,9,1,3,0
4207,Apparel,2112,18,Prepaid_Card,24,2,0,66.6,3,1,2,0
4208,Apparel,980,23.8,COD,1021,24,1,34.1,2,0,,1
4209,Electronics,29025,38.3,COD,532,11,2,80.2,2,1,3,1
4210,Apparel,400,35.9,COD,38,0,0,226.9,7,0,4,0
4211,Home,5974,22.2,COD,517,13,3,346.3,7,0,4,0
4212,Electronics,23211,38.4,COD,408,7,0,447.4,5,1,1,0
4213,Electronics,10327,27.1,COD,98,3,0,428.2,5,0,,0
4214,Apparel,403,34.9,Prepaid_Card,207,5,0,273.4,2,0,1,0
4215,Home,5743,6.6,Prepaid_UPI,402,8,1,48.7,5,0,3,0
4216,Apparel,1593,48.1,Prepaid_Card,33,2,0,59.2,7,0,4,0
4217,Home,5424,25.3,Prepaid_UPI,87,5,1,81.9,2,0,3,0
4218,Apparel,1187,0,COD,425,11,2,339.6,2,1,4,0
4219,Beauty,1652,46.9,COD,1112,25,3,124.1,5,1,4,1
4220,Home,4699,22.1,Prepaid_UPI,176,7,2,436.9,6,0,3,0
4221,Apparel,830,16.1,Prepaid_UPI,74,0,0,149.1,6,1,4,0
4222,Apparel,1334,12.9,Prepaid_UPI,26,0,0,324.6,7,1,4,0
4223,Electronics,23739,28.6,Prepaid_UPI,671,14,2,318.1,5,1,2,0
4224,Apparel,1883,8.7,Prepaid_UPI,147,6,2,503.9,1,1,5,0
4225,Apparel,1180,13.3,Prepaid_UPI,287,8,1,237.5,6,1,,0
4226,Footwear,2244,13.7,Prepaid_UPI,236,2,0,238,7,0,2,0
4227,Home,7880,17.6,Prepaid_UPI,1084,23,3,256.6,3,1,2,0
4228,Apparel,2010,14.3,COD,153,1,0,427.9,4,1,3,0
4229,Home,2166,34.8,COD,431,9,2,130.9,1,1,3,1
4230,Apparel,2039,26.1,COD,150,5,1,205.8,4,1,3,0
4231,Beauty,474,27.9,Prepaid_Card,84,4,2,242.6,8,1,3,0
4232,Apparel,1936,31.2,Prepaid_UPI,359,9,1,85.8,4,1,,0
4233,Footwear,1233,20.6,COD,746,16,3,191.6,2,0,,0
4234,Footwear,2202,6.7,COD,22,0,0,316.6,9,0,3,0
4235,Apparel,2171,49.1,Prepaid_UPI,168,5,1,101.2,6,1,5,0
4236,Apparel,575,35.9,COD,83,7,2,377.1,6,0,4,0
4237,Electronics,37983,46.2,Prepaid_UPI,215,2,0,256,5,1,3,0
4238,Footwear,2479,37.5,COD,555,16,3,469.4,3,0,,1
4239,Electronics,6061,15.1,COD,53,2,0,466,4,1,1,0
4240,Home,7634,0,COD,440,11,1,578,8,0,1,0
4241,Footwear,2697,3.6,COD,66,2,0,256.5,3,0,4,0
4242,Footwear,4023,31.5,COD,215,8,2,350.8,8,1,1,1
4243,Electronics,39267,20.5,COD,394,9,3,273.2,5,1,,0
4244,Electronics,1841,15.7,COD,524,10,1,206.3,5,1,1,0
4245,Home,2339,0,COD,418,10,3,227.9,1,1,4,1
4246,Apparel,1006,21.8,Prepaid_UPI,573,15,2,169.9,5,1,1,0
4247,Footwear,2639,5.8,COD,127,3,0,113.3,4,0,,1
4248,Apparel,529,11.1,COD,354,4,1,243.7,1,0,5,1
4249,Apparel,1100,34.8,COD,89,2,0,285.6,5,1,4,0
4250,Footwear,3759,6.6,Wallet,277,6,2,177.4,4,1,4,1
4251,Electronics,8786,8,Prepaid_UPI,14,0,0,182.4,5,0,3,0
4252,Apparel,1662,24.8,Wallet,140,2,1,586.5,3,0,3,0
4253,Apparel,1229,35.1,Wallet,244,8,2,201.6,2,0,2,0
4254,Electronics,4297,16,COD,577,8,1,92.3,5,0,2,1
4255,Footwear,1209,44,Prepaid_UPI,10,0,0,240.7,4,1,2,0
4256,Apparel,654,2.8,COD,270,6,2,232.7,4,0,4,1
4257,Apparel,1515,0.2,Prepaid_UPI,47,5,1,233,2,1,5,0
4258,Electronics,5025,0,COD,213,5,0,253.1,4,1,5,0
4259,Beauty,2084,0,COD,1104,25,1,189.7,6,0,3,0
4260,Apparel,1852,27,Wallet,562,13,3,147.1,5,0,2,0
4261,Beauty,338,7.3,Prepaid_UPI,250,6,1,57,4,1,1,0
4262,Footwear,4053,0.8,Wallet,626,17,2,110,1,0,2,1
4263,Apparel,2126,27.7,COD,562,10,0,322.9,3,1,3,0
4264,Footwear,674,34.4,COD,149,2,0,576.4,3,0,5,0
4265,Home,7618,37.8,COD,105,4,1,147.1,6,1,,0
4266,Electronics,13440,35.1,Prepaid_Card,1104,25,2,187.4,6,0,2,0
4267,Electronics,30317,8.2,Prepaid_Card,46,0,0,237.5,5,1,4,0
4268,Footwear,1199,26.1,COD,82,2,0,687.8,4,0,5,0
4269,Footwear,3770,29.5,Prepaid_UPI,134,5,1,235.5,7,0,4,0
4270,Footwear,3868,14.9,COD,513,12,1,727.2,6,0,1,0
4271,Beauty,2449,24.5,Prepaid_UPI,239,4,0,56.6,1,1,,1
4272,Electronics,44673,3.2,Prepaid_UPI,1250,28,4,66.5,8,1,5,1
4273,Footwear,803,12.6,Prepaid_Card,329,7,1,534.2,4,1,4,0
4274,Footwear,3132,27.6,COD,1394,32,14,116.8,7,1,1,0
4275,Apparel,891,44.6,COD,548,12,2,209.4,6,1,2,1
4276,Apparel,626,39.3,COD,309,4,1,201.3,2,0,4,0
4277,Electronics,7717,31.9,Prepaid_UPI,950,22,3,77.2,3,0,4,0
4278,Footwear,4246,23.2,Prepaid_Card,403,10,1,213.9,1,0,2,0
4279,Apparel,1631,20.9,COD,70,4,0,826.2,3,1,5,0
4280,Home,689,0.3,Wallet,413,7,3,416.8,5,1,5,0
4281,Apparel,2172,9.5,Prepaid_UPI,423,9,1,88,5,0,2,0
4282,Electronics,36582,10,Prepaid_UPI,69,1,0,71.9,3,1,1,0
4283,Home,2681,30.6,Prepaid_Card,210,4,1,334.5,4,1,3,0
4284,Apparel,1248,36.2,Wallet,376,5,1,597.4,5,1,4,0
4285,Footwear,3406,33,COD,361,6,0,714.7,6,0,1,1
4286,Apparel,1617,39.7,COD,691,16,4,312.5,3,0,3,0
4287,Beauty,1238,23.1,Prepaid_UPI,1379,30,3,87.3,4,0,5,0
4288,Apparel,1322,7.3,Prepaid_UPI,358,6,1,311.1,2,1,2,0
4289,Beauty,252,21.3,Prepaid_Card,374,11,2,117,2,0,5,0
4290,Home,4155,11.1,COD,714,21,2,285.9,7,0,,0
4291,Apparel,1012,31.9,COD,22,0,0,373.9,8,1,5,0
4292,Apparel,913,16.6,Prepaid_UPI,181,1,0,150.8,5,1,5,0
4293,Apparel,885,20.5,Prepaid_UPI,226,6,2,505.5,4,0,5,0
4294,Home,5297,32.4,COD,2006,40,6,217.9,3,0,4,0
4295,Footwear,2217,10.9,COD,1700,35,2,206,7,1,5,0
4296,Electronics,19850,36.5,Prepaid_UPI,30,1,0,146.9,1,1,1,0
4297,Electronics,8172,1.8,Prepaid_UPI,109,0,0,327.1,10,0,2,0
4298,Home,7706,26.6,Prepaid_Card,335,7,1,359.5,5,0,5,0
4299,Electronics,11008,20.6,Prepaid_Card,8,0,0,29.1,1,1,2,0
4300,Home,3427,34.4,Wallet,166,4,1,524.6,10,0,4,0
4301,Electronics,9531,1.4,COD,1359,32,4,197.8,1,0,2,0
4302,Home,5714,0,Prepaid_Card,391,7,1,278,1,1,2,0
4303,Beauty,1175,33.3,Prepaid_Card,241,5,1,207.4,3,0,1,0
4304,Electronics,19318,16.1,Prepaid_Card,378,7,1,302.2,4,0,5,0
4305,Apparel,1975,20.6,Prepaid_UPI,545,11,1,385.4,7,0,1,1
4306,Apparel,1767,12.1,Prepaid_Card,389,7,1,240.7,4,1,3,0
4307,Home,4303,35.7,Prepaid_Card,142,5,0,201,3,1,2,0
4308,Electronics,21724,26.5,COD,263,3,0,231.6,4,0,3,1
4309,Beauty,2406,25.6,Prepaid_UPI,388,8,1,306.1,4,1,4,1
4310,Home,7665,4.5,COD,152,4,1,243,8,1,2,0
4311,Electronics,32069,29.5,COD,17,2,0,300.4,7,0,2,0
4312,Footwear,3541,7.1,Prepaid_Card,469,11,1,272,3,1,5,1
4313,Apparel,2018,12.1,Prepaid_Card,134,3,0,240.6,4,0,3,0
4314,Footwear,4357,1.5,Wallet,46,0,0,232.1,1,1,2,1
4315,Apparel,548,19.7,Prepaid_UPI,40,3,1,233.3,6,1,3,1
4316,Home,7980,38,Prepaid_UPI,652,13,2,199.1,4,1,4,0
4317,Beauty,1802,25.4,COD,478,9,4,156.6,5,0,1,1
4318,Footwear,2871,15.4,Prepaid_Card,314,10,2,207.5,6,0,3,0
4319,Footwear,2153,23.6,Wallet,695,16,0,238.7,8,1,3,0
4320,Electronics,15934,23.6,COD,595,14,2,355.8,4,1,4,0
4321,Footwear,3717,23,Prepaid_UPI,358,9,1,371,5,0,5,1
4322,Home,5339,24.7,Prepaid_Card,81,2,0,556.5,8,1,1,0
4323,Home,1845,6.4,COD,1653,34,8,293.7,4,1,1,0
4324,Apparel,1498,23.6,Prepaid_Card,781,18,1,48,4,1,3,0
4325,Apparel,654,0,COD,474,10,1,221.5,10,1,3,1
4326,Home,4126,30.6,COD,78,0,0,229.1,4,1,,0
4327,Apparel,1450,5.5,COD,147,1,0,193.1,8,1,2,1
4328,Footwear,3043,39.7,COD,14,0,0,49.7,3,1,1,0
4329,Footwear,1081,0,COD,1121,22,5,359.8,4,1,,1
4330,Beauty,375,47.1,Prepaid_UPI,709,15,1,272.4,1,0,3,0
4331,Apparel,866,0,COD,39,0,0,185.8,6,1,,0
4332,Beauty,1577,4,Prepaid_UPI,529,12,6,115.4,6,0,,1
4333,Apparel,2077,26.5,Prepaid_Card,379,9,1,235.9,5,1,2,0
4334,Electronics,35326,31.3,COD,126,4,1,791.9,6,1,3,1
4335,Footwear,3483,17.7,COD,359,7,1,272.2,6,0,1,0
4336,Apparel,994,35.4,Wallet,963,23,2,248.4,1,0,2,0
4337,Apparel,601,10.1,Prepaid_Card,343,7,1,118.6,5,1,4,0
4338,Apparel,2005,16,Wallet,64,5,0,318.1,8,0,2,0
4339,Electronics,23137,17.5,COD,773,16,4,172.3,4,1,5,0
4340,Footwear,902,13.9,Prepaid_UPI,262,3,0,325.8,1,0,1,1
4341,Apparel,1363,0,Prepaid_UPI,277,8,1,64.7,7,0,2,1
4342,Apparel,1616,21.6,Wallet,1239,28,4,129.8,5,1,3,0
4343,Home,2763,20.3,COD,1048,26,5,168.7,4,0,2,0
4344,Apparel,417,38.2,Wallet,98,3,1,203.7,4,1,5,0
4345,Footwear,2986,2.7,COD,35,5,0,537,7,0,,1
4346,Beauty,244,12.4,Prepaid_UPI,295,6,0,456.1,3,1,3,0
4347,Footwear,2231,40.1,Prepaid_Card,113,5,0,295.6,8,0,2,0
4348,Footwear,3799,26.4,Prepaid_Card,2075,45,1,118.6,5,0,2,1
4349,Electronics,44950,30.2,COD,124,4,1,121.7,7,1,,1
4350,Footwear,1981,28.8,Prepaid_UPI,242,7,0,429.2,6,0,2,0
4351,Apparel,436,28.9,COD,44,3,0,195.5,2,0,1,0
4352,Apparel,1287,49.3,Prepaid_Card,1009,24,2,153.2,6,1,2,0
4353,Home,2427,23.4,Prepaid_Card,117,0,0,181.5,4,0,5,0
4354,Apparel,2007,6.8,Prepaid_UPI,231,5,0,221.7,6,1,3,1
4355,Footwear,3346,31.6,Prepaid_Card,302,6,1,281.5,4,0,2,0
4356,Home,3413,13.5,Prepaid_UPI,206,4,0,215.3,1,1,,0
4357,Beauty,1941,20.4,Prepaid_Card,437,9,3,51.8,6,1,2,0
4358,Apparel,1014,27.6,Prepaid_Card,62,3,1,254.5,1,0,2,0
4359,Electronics,24053,9.7,Prepaid_UPI,677,15,0,291.5,5,0,3,0
4360,Footwear,4191,14.3,Prepaid_UPI,401,8,1,286.2,9,1,5,0
4361,Apparel,760,29.1,Prepaid_UPI,151,0,0,216.7,8,0,1,0
4362,Home,2711,13.8,Prepaid_Card,104,5,1,112.6,5,1,,1
4363,Home,7119,36.6,COD,372,7,1,86.2,3,0,3,1
4364,Beauty,1235,7.2,Prepaid_UPI,1490,33,2,181.3,4,1,1,0
4365,Footwear,1772,7.2,COD,251,10,2,361.4,7,0,2,0
4366,Apparel,467,50.6,COD,86,1,0,155.3,3,0,1,0
4367,Electronics,19550,0,Prepaid_UPI,37,0,0,1028,5,0,4,0
4368,Home,4155,21.6,Prepaid_Card,334,8,1,400.9,3,1,5,0
4369,Apparel,1131,49.8,Prepaid_Card,103,0,0,189.4,4,1,1,0
4370,Electronics,13353,21.6,Wallet,928,17,3,178,3,0,4,0
4371,Apparel,1064,42.2,COD,1010,21,6,203.1,5,0,3,1
4372,Apparel,1556,31.8,COD,31,0,0,238,6,1,2,0
4373,Electronics,40238,21.9,COD,258,6,1,102.4,9,0,,1
4374,Apparel,1569,20,COD,507,9,1,164.7,4,1,2,0
4375,Home,5275,0,Prepaid_UPI,118,3,1,534,5,1,5,0
4376,Apparel,1870,17.2,Prepaid_UPI,237,1,0,315.6,7,0,4,0
4377,Footwear,1161,25.5,Prepaid_Card,328,7,1,200.3,4,0,2,0
4378,Apparel,942,25.5,COD,1293,29,0,290.6,5,0,4,0
4379,Footwear,702,59,Prepaid_Card,207,5,0,207.7,6,0,5,0
4380,Apparel,1029,26.2,COD,69,1,0,381.5,3,0,4,1
4381,Electronics,44948,31.5,Prepaid_UPI,5,0,0,639.5,5,0,4,0
4382,Electronics,15624,39.5,Prepaid_Card,553,12,2,236.1,3,1,2,0
4383,Apparel,1948,30.1,COD,33,3,0,105.7,4,0,,1
4384,Electronics,4957,20.7,Prepaid_UPI,379,7,0,118.9,9,1,5,0
4385,Footwear,2339,20.8,Prepaid_UPI,789,19,3,426.9,4,1,1,0
4386,Beauty,976,16.7,COD,157,6,1,625.6,5,0,4,0
4387,Apparel,763,28.7,Prepaid_Card,479,7,2,157.4,1,1,2,0
4388,Apparel,1071,19.4,Prepaid_Card,697,15,5,153.1,5,1,4,0
4389,Footwear,3105,31.4,COD,408,7,1,319.9,9,1,3,0
4390,Home,4075,6.9,COD,60,0,0,100.2,3,0,1,1
4391,Apparel,1920,24.2,Prepaid_UPI,285,8,1,319.7,7,0,5,0
4392,Footwear,4120,45.3,Wallet,1099,25,1,344.8,3,1,2,0
4393,Electronics,22307,18.6,Prepaid_Card,1008,23,1,145.6,1,0,5,1
4394,Home,7859,49.6,Prepaid_Card,267,4,0,67.3,4,0,,0
4395,Electronics,4355,24.5,Prepaid_Card,822,19,3,143.4,3,0,1,0
4396,Electronics,13304,21.2,Prepaid_Card,170,1,0,364.8,5,0,2,0
4397,Apparel,1150,23.7,COD,407,9,3,302.2,4,0,,1
4398,Footwear,2831,17.3,COD,121,1,0,218.8,2,1,,0
4399,Apparel,1383,0,Wallet,166,6,2,440.7,6,1,5,0
4400,Footwear,2772,35.2,Prepaid_UPI,136,2,0,288,7,1,4,0
4401,Footwear,4085,54.9,Wallet,327,8,1,269,6,0,3,0
4402,Footwear,1610,29.2,COD,169,4,0,87.1,5,0,,1
4403,Apparel,1870,30.1,Prepaid_Card,230,5,0,298.5,4,0,3,0
4404,Apparel,1404,19.3,Prepaid_Card,416,9,1,362.5,6,0,3,0
4405,Electronics,22683,39.4,COD,7,1,0,614,3,1,4,0
4406,Home,2605,21.4,COD,543,10,3,162.1,6,1,,1
4407,Beauty,865,26,Prepaid_UPI,106,3,0,219.5,2,1,1,0
4408,Electronics,18215,0,Prepaid_UPI,830,20,3,485.6,1,1,5,0
4409,Footwear,3554,14.1,Prepaid_Card,663,16,3,341.6,6,0,5,0
4410,Apparel,1258,27.5,COD,43,0,0,326.2,2,1,1,1
4411,Electronics,7938,35.6,Prepaid_Card,92,2,0,124.8,3,1,1,0
4412,Apparel,1768,36,COD,591,12,1,220.5,2,0,4,1
4413,Footwear,3154,0,COD,73,1,0,354.5,6,1,5,1
4414,Apparel,2109,0,Prepaid_Card,15,0,0,143.1,3,0,5,0
4415,Apparel,1353,30.8,COD,197,7,0,254.4,8,0,3,0
4416,Footwear,3118,10.8,Wallet,37,5,1,212.4,6,1,3,0
4417,Electronics,22195,35.4,Prepaid_Card,90,1,0,335.6,5,1,5,0
4418,Apparel,1625,0,COD,124,4,0,288.5,8,0,2,1
4419,Apparel,1185,20.5,COD,478,14,2,54.2,2,1,5,0
4420,Electronics,7238,21.5,Prepaid_UPI,195,2,0,215.2,5,0,3,0
4421,Apparel,2176,29.2,COD,91,0,0,571.2,1,0,,0
4422,Apparel,1697,6.5,COD,346,11,1,409.4,3,1,,0
4423,Home,4986,0,Prepaid_Card,159,4,0,208.9,2,1,3,0
4424,Apparel,1267,24.6,COD,629,13,4,377.4,7,0,5,0
4425,Home,5778,29.9,Prepaid_Card,770,17,1,186.8,7,1,5,1
4426,Electronics,6753,37.1,Prepaid_Card,93,1,0,334.5,4,1,4,1
4427,Apparel,987,16.6,COD,33,7,0,157.5,10,0,2,1
4428,Apparel,624,33.6,Prepaid_UPI,103,1,0,658.2,3,0,4,0
4429,Apparel,627,29.3,Prepaid_Card,453,11,0,214.1,2,0,5,0
4430,Apparel,438,41.8,Prepaid_Card,653,17,3,250.5,3,1,5,0
4431,Apparel,1761,21.2,COD,780,20,2,440.4,5,0,5,0
4432,Beauty,684,0,Prepaid_Card,768,19,3,246.7,7,1,3,0
4433,Footwear,3828,21,COD,207,4,0,272.2,6,0,5,0
4434,Electronics,40814,23.3,Prepaid_Card,223,5,1,269.8,4,0,2,0
4435,Home,1598,29.8,COD,716,12,2,299.4,7,1,4,0
4436,Home,5758,0,Wallet,131,3,1,122,3,0,1,0
4437,Footwear,2341,17.3,COD,978,22,8,315.1,11,0,2,0
4438,Apparel,2054,35,Wallet,188,6,1,179.7,7,0,1,0
4439,Apparel,1272,20.4,Wallet,76,5,1,165.5,1,1,2,1
4440,Apparel,1082,17.4,Prepaid_Card,466,12,1,204.6,3,1,2,0
4441,Apparel,930,50.6,COD,219,7,1,100.7,3,0,,0
4442,Apparel,2027,5.9,COD,389,9,0,203.2,9,0,1,0
4443,Footwear,1405,40.5,Wallet,122,5,0,115.9,2,1,2,0
4444,Beauty,2095,37.3,Prepaid_Card,48,1,0,50.8,1,1,4,0
4445,Apparel,750,18.6,Prepaid_Card,485,13,1,374.8,7,1,5,0
4446,Electronics,29381,21.5,COD,250,7,0,202.5,1,1,5,0
4447,Electronics,20957,21.5,Prepaid_UPI,289,7,1,280.4,4,0,2,0
4448,Electronics,5782,24.7,COD,132,0,0,339.6,6,0,4,1
4449,Home,1270,13.1,COD,117,5,0,493.7,4,0,,0
4450,Apparel,907,15.6,COD,604,14,3,206,8,1,,1
4451,Footwear,3567,16.7,Prepaid_Card,733,18,3,243.1,5,0,2,1
4452,Beauty,1863,17.2,Prepaid_UPI,29,1,0,325.6,3,0,5,0
4453,Home,1879,17.3,Prepaid_UPI,324,8,1,80.8,5,1,3,0
4454,Home,3967,0,COD,12,3,1,189,8,0,3,1
4455,Electronics,5448,23.5,COD,93,1,0,237.3,5,0,3,1
4456,Electronics,32558,14.1,Prepaid_UPI,424,10,1,167.6,6,0,1,0
4457,Apparel,1828,0,Prepaid_Card,308,5,1,168.4,6,0,2,1
4458,Home,7180,16.7,COD,40,2,1,145.5,3,1,,0
4459,Apparel,1994,16.3,COD,154,4,0,948.1,1,0,4,0
4460,Footwear,1852,41.1,Prepaid_Card,89,1,0,236.9,5,0,,0
4461,Electronics,12349,13.9,Wallet,415,9,3,139.3,8,0,5,0
4462,Electronics,40471,32,Prepaid_UPI,1079,23,1,208.3,6,0,1,0
4463,Electronics,7595,42.7,COD,358,7,1,132.7,2,1,3,0
4464,Beauty,289,12.6,Prepaid_UPI,486,12,7,249.7,5,1,3,0
4465,Apparel,966,21.3,COD,20,1,0,281.3,7,0,1,1
4466,Apparel,1769,47.9,Prepaid_UPI,392,5,0,499,7,0,5,0
4467,Apparel,1650,25.4,COD,194,5,1,91.9,6,1,4,1
4468,Home,7900,27.6,COD,107,2,0,407.9,5,0,5,0
4469,Beauty,995,15.9,Prepaid_Card,25,0,0,245.3,3,0,1,0
4470,Apparel,897,32.3,COD,52,0,0,364.9,4,0,4,0
4471,Beauty,1039,21.4,COD,48,1,0,418.8,7,0,4,0
4472,Apparel,1808,0,Prepaid_Card,160,3,0,466.5,3,0,4,0
4473,Home,1950,16.7,Prepaid_UPI,21,3,1,113.2,3,0,1,0
4474,Apparel,2106,4.3,Prepaid_UPI,989,18,1,336.7,6,1,5,0
4475,Electronics,23650,23.7,COD,364,6,1,141.4,5,1,3,0
4476,Home,6330,8.2,COD,413,7,1,138.7,8,0,,0
4477,Electronics,37434,29.2,Prepaid_Card,64,2,0,304.8,7,1,1,1
4478,Apparel,1262,22.7,Prepaid_Card,197,7,1,313.4,3,0,5,0
4479,Footwear,3465,3.3,COD,144,4,0,352.5,8,0,,0
4480,Beauty,1007,14.6,Prepaid_UPI,101,0,0,179.1,5,1,4,0
4481,Electronics,36719,31.3,Wallet,191,3,1,284.3,6,1,3,0
4482,Home,6644,39.2,COD,747,15,1,298.4,4,0,3,0
4483,Footwear,2765,8.5,Prepaid_UPI,693,16,4,212.1,6,1,1,0
4484,Apparel,793,5.5,Prepaid_Card,1800,39,0,441.8,3,0,2,1
4485,Footwear,4381,51.3,COD,23,0,0,68.5,1,1,1,0
4486,Apparel,2105,21.9,Prepaid_Card,172,5,1,133.4,9,1,3,0
4487,Footwear,2979,23.4,COD,92,5,1,439.4,3,1,,1
4488,Apparel,2171,10.9,COD,357,8,0,304.1,3,1,,0
4489,Apparel,1305,25.2,Wallet,179,4,0,743.6,3,1,1,0
4490,Electronics,17646,47.7,Prepaid_Card,722,13,1,345.6,9,0,2,0
4491,Electronics,21370,25.8,COD,724,12,1,160.3,6,0,2,0
4492,Footwear,684,38,Prepaid_Card,318,3,0,418.3,6,0,4,0
4493,Beauty,1440,22.4,Wallet,71,1,0,463,7,0,1,0
4494,Apparel,1599,6.6,Prepaid_Card,17,0,0,291.4,6,0,4,1
4495,Apparel,597,11.8,Wallet,47,2,0,124.3,5,0,1,0
4496,Electronics,12395,5.2,Prepaid_UPI,728,16,3,286.8,5,0,2,0
4497,Electronics,32788,25.3,COD,365,10,1,190.6,8,0,2,0
4498,Electronics,35959,40.4,Prepaid_UPI,171,6,1,167.2,2,1,3,0
4499,Footwear,4443,24.4,Prepaid_UPI,303,6,1,268.1,3,0,1,0
4500,Footwear,1513,17.4,Prepaid_UPI,170,2,1,72.1,6,0,2,0
4501,Apparel,1915,10.2,COD,259,2,0,225.6,5,1,2,1
4502,Electronics,8738,27.3,COD,114,5,0,161.8,4,1,2,0
4503,Home,1308,3.4,COD,179,2,0,125.8,10,1,3,1
4504,Electronics,33139,5,Prepaid_Card,110,0,0,199.4,2,0,1,0
4505,Apparel,1203,35.5,Prepaid_UPI,30,1,0,183.1,5,1,5,1
4506,Electronics,35974,17.8,Prepaid_UPI,1,0,0,416.9,5,0,3,0
4507,Electronics,13576,17.5,Prepaid_Card,249,6,1,235.3,4,1,5,0
4508,Apparel,784,19.5,COD,427,9,1,306.4,3,1,4,0
4509,Footwear,2695,32.9,COD,45,3,0,488.3,4,1,4,0
4510,Electronics,6251,24.5,Prepaid_UPI,295,8,1,162.9,8,0,,1
4511,Home,2446,10.9,Prepaid_Card,1181,28,7,242.6,4,0,5,0
4512,Electronics,8481,11.4,Prepaid_UPI,160,4,1,329.2,5,0,1,1
4513,Footwear,1780,19.1,COD,135,1,0,260.3,3,0,2,1
4514,Apparel,1778,26.5,COD,9,0,0,221.5,6,1,1,1
4515,Apparel,617,21.5,Wallet,258,5,1,208,7,1,5,0
4516,Apparel,1501,20.1,COD,148,7,2,295.3,4,1,,1
4517,Electronics,26813,22.7,COD,25,0,0,143.8,6,1,2,1
4518,Apparel,1369,21.5,Prepaid_Card,1140,26,0,139.4,4,0,4,0
4519,Footwear,2437,10.3,Prepaid_Card,586,16,3,539.4,5,0,2,0
4520,Apparel,1595,38.6,Wallet,193,5,1,67.2,5,1,3,0
4521,Apparel,1933,14.8,Wallet,333,6,2,149.9,5,1,3,0
4522,Electronics,8297,23.9,Prepaid_UPI,903,22,1,348.7,5,1,5,0
4523,Footwear,3757,0,COD,39,0,0,420.1,1,0,,0
4524,Footwear,746,18.8,Prepaid_Card,87,3,1,102.6,2,1,,0
4525,Footwear,2428,5.5,Prepaid_UPI,515,12,2,444.9,1,0,,0
4526,Home,4238,7.3,Prepaid_Card,158,3,0,1011.7,1,1,4,0
4527,Footwear,1290,58.3,Wallet,295,7,1,503.2,6,0,2,0
4528,Home,990,25.7,Prepaid_Card,261,9,0,227.9,4,1,3,0
4529,Apparel,535,40.4,COD,122,1,0,227.8,3,1,1,0
4530,Home,587,34.8,Prepaid_Card,56,4,1,277.6,8,1,,0
4531,Footwear,2794,36.7,Prepaid_UPI,297,5,1,132.2,7,0,5,0
4532,Apparel,680,19,COD,24,4,0,184.1,1,0,1,1
4533,Home,6527,46.1,COD,784,16,2,221.8,3,0,1,1
4534,Electronics,40574,34.7,Prepaid_UPI,44,0,0,370.4,2,0,1,1
4535,Electronics,14007,22.6,COD,119,6,0,355.2,5,0,4,0
4536,Apparel,696,25.9,COD,273,9,1,124.2,2,0,,1
4537,Home,3454,19.9,Prepaid_UPI,115,4,1,212.4,3,1,,0
4538,Footwear,4026,22.8,Prepaid_UPI,92,0,0,107.3,5,1,4,0
4539,Apparel,1120,21.3,Prepaid_Card,50,1,0,461.2,4,0,3,0
4540,Electronics,5945,27.7,Wallet,23,1,0,205.1,2,0,5,1
4541,Apparel,2172,48.1,Wallet,28,0,0,289.5,5,0,2,0
4542,Apparel,1299,3.9,Prepaid_Card,490,12,0,238,5,0,3,0
4543,Beauty,955,39.1,COD,149,2,0,348.3,5,0,2,0
4544,Electronics,40341,16.5,Prepaid_UPI,355,5,0,122,1,1,1,0
4545,Electronics,41820,41,COD,988,19,0,82.6,7,1,2,0
4546,Apparel,1294,17,Prepaid_UPI,750,20,2,93.8,3,1,2,0
4547,Beauty,871,28.2,Prepaid_Card,55,0,0,123.9,2,0,1,0
4548,Apparel,1269,19.6,COD,1108,24,1,110.2,5,1,4,0
4549,Footwear,1377,0,Prepaid_Card,359,6,0,154,6,1,1,0
4550,Apparel,1261,48.1,Prepaid_Card,1205,30,4,169.4,6,0,2,1
4551,Apparel,813,7.9,Wallet,687,13,3,69.1,7,0,2,0
4552,Home,5091,23.3,COD,478,8,1,238.6,3,1,,0
4553,Apparel,1768,6.2,Wallet,1553,34,7,302.8,1,1,4,0
4554,Home,7765,1.9,COD,715,16,2,114.3,4,0,,0
4555,Apparel,1917,18.9,Prepaid_UPI,85,3,0,252.3,1,0,3,0
4556,Footwear,845,13.1,Wallet,1066,22,2,133.8,3,1,3,0
4557,Footwear,1346,4.5,COD,711,19,3,435.9,4,0,,0
4558,Footwear,2627,21.5,COD,37,0,0,292,3,0,4,0
4559,Apparel,864,0,Prepaid_UPI,55,0,0,480.1,6,0,1,0
4560,Home,411,23.9,Prepaid_UPI,653,12,2,546.1,4,0,2,0
4561,Beauty,1924,20.1,COD,60,0,0,56.2,5,0,,1
4562,Apparel,1044,0,Prepaid_Card,337,5,0,237.4,5,1,4,0
4563,Apparel,519,14.2,Prepaid_UPI,25,2,1,458.5,1,1,1,0
4564,Footwear,2535,29,COD,7,0,0,399.4,6,0,5,0
4565,Apparel,2159,6,Prepaid_Card,515,11,1,150.1,3,1,4,0
4566,Home,5525,29.7,Prepaid_Card,243,3,0,176.6,5,0,1,0
4567,Footwear,1135,28.5,COD,208,2,0,229.2,6,1,5,0
4568,Apparel,1326,6.7,Prepaid_UPI,68,4,0,490.9,3,0,1,0
4569,Home,7243,21.8,COD,227,8,1,399.1,3,1,3,0
4570,Home,718,34.4,Wallet,72,4,1,524.2,5,0,4,0
4571,Apparel,1548,8.9,Prepaid_Card,987,19,1,440.1,3,1,2,1
4572,Footwear,3385,18.9,Prepaid_Card,49,0,0,238.2,8,0,5,0
4573,Apparel,1667,39.3,Prepaid_Card,296,11,1,673.6,5,0,4,1
4574,Electronics,7777,9.1,COD,380,8,0,99.3,2,1,3,0
4575,Footwear,4129,28.9,Prepaid_UPI,263,3,0,213.6,9,1,3,1
4576,Apparel,980,5.8,Prepaid_UPI,17,3,0,221.1,5,0,3,1
4577,Footwear,707,19.6,Prepaid_UPI,483,11,0,430.4,4,1,3,0
4578,Apparel,550,28.7,Prepaid_Card,11,1,0,181,8,1,2,0
4579,Electronics,21242,0,COD,926,16,1,601.6,5,1,,1
4580,Apparel,472,14,COD,197,4,0,332.9,4,0,,1
4581,Home,6303,28.4,Prepaid_UPI,362,10,2,196.6,1,0,4,0
4582,Footwear,3963,25.4,COD,189,3,0,121.6,1,1,1,0
4583,Footwear,553,14.2,Prepaid_Card,104,5,0,48.1,7,1,1,1
4584,Beauty,2054,5.4,Prepaid_Card,529,9,0,53.2,5,1,3,1
4585,Home,7855,31.4,Prepaid_Card,181,4,1,217.5,4,1,2,1
4586,Footwear,621,17.2,Prepaid_UPI,243,9,1,806,4,1,5,0
4587,Electronics,32954,30.2,Prepaid_Card,914,18,0,325.9,5,1,4,0
4588,Beauty,2498,27.7,Wallet,55,2,0,376.6,6,0,4,0
4589,Home,6438,15.3,COD,1471,34,6,146.1,3,0,,0
4590,Footwear,2521,38.1,Prepaid_Card,233,5,2,150.1,5,1,3,0
4591,Apparel,1993,13.1,COD,101,2,0,63,6,1,1,0
4592,Electronics,32207,39.9,Prepaid_UPI,559,11,0,444.3,3,1,,0
4593,Footwear,1670,41.8,Prepaid_Card,876,20,1,45.6,1,0,2,0
4594,Apparel,804,37.8,Prepaid_Card,79,2,0,263.5,3,0,4,0
4595,Apparel,1323,19.3,Prepaid_UPI,58,0,0,231.4,2,1,5,0
4596,Beauty,1027,60.2,Prepaid_Card,1242,30,3,241.2,7,1,5,0
4597,Electronics,15631,24.3,COD,140,1,0,493.2,2,1,,0
4598,Apparel,720,25.6,Prepaid_Card,479,8,3,253.6,2,0,4,1
4599,Electronics,38224,21.7,COD,567,11,2,141.2,3,1,5,0
4600,Electronics,32080,5.1,Prepaid_UPI,1,0,0,400.7,6,1,3,1
4601,Home,2851,41.4,Prepaid_UPI,545,12,1,433.9,6,0,1,0
4602,Beauty,709,13.4,Prepaid_UPI,57,0,0,149.9,3,0,5,0
4603,Beauty,451,35.8,Prepaid_UPI,270,7,1,131.8,4,1,3,0
4604,Home,1166,39.4,Prepaid_UPI,205,7,1,181,4,1,5,0
4605,Home,5116,31,Prepaid_Card,434,10,0,168.5,8,0,5,0
4606,Electronics,5966,11.6,COD,345,5,0,329.7,1,0,,0
4607,Footwear,4341,16.9,COD,1548,33,6,189.8,1,1,3,0
4608,Apparel,902,0,Wallet,284,7,1,268.5,10,1,5,0
4609,Apparel,446,20.3,Wallet,763,13,2,789.8,7,1,5,0
4610,Beauty,2160,34,Prepaid_UPI,155,1,0,217.9,1,0,5,0
4611,Footwear,1970,18.4,COD,284,3,0,174.3,11,1,3,0
4612,Apparel,1017,13.1,COD,84,2,0,510.9,6,1,3,1
4613,Home,1213,17.5,Prepaid_UPI,20,5,0,823.3,5,0,4,0
4614,Electronics,30126,40.2,COD,145,1,0,536.4,8,0,2,0
4615,Electronics,16915,21.2,Prepaid_Card,299,8,1,228,3,0,1,0
4616,Apparel,1881,49.9,COD,870,18,2,394.5,3,1,4,0
4617,Apparel,1535,13.4,COD,208,2,0,577,5,1,3,0
4618,Home,7075,25.3,Prepaid_UPI,28,4,1,171.3,6,0,1,0
4619,Electronics,28468,15.5,Wallet,28,5,1,274.7,5,0,5,0
4620,Electronics,35332,53.1,Prepaid_UPI,99,3,1,158.1,5,1,2,0
4621,Apparel,1654,24.7,Prepaid_Card,173,5,1,110.6,4,0,4,1
4622,Beauty,1237,53.9,Prepaid_Card,214,5,1,357.3,5,0,2,0
4623,Home,5603,15.7,Wallet,3,0,0,212.8,5,1,2,0
4624,Footwear,3154,44.9,Prepaid_Card,269,7,1,127.7,4,1,5,0
4625,Apparel,412,23.8,Prepaid_Card,1039,24,2,128,4,1,5,1
4626,Home,5680,34.5,Prepaid_UPI,467,14,0,426.7,3,1,3,0
4627,Footwear,1549,3.7,COD,181,3,0,358,1,1,3,1
4628,Electronics,24932,27.2,COD,173,4,0,370.8,8,0,4,1
4629,Apparel,600,6,Prepaid_UPI,137,3,1,171.3,6,1,1,0
4630,Apparel,441,25.9,Prepaid_Card,253,8,1,497.8,7,1,5,0
4631,Apparel,427,0,COD,58,6,2,449.1,2,1,,0
4632,Electronics,8129,20.6,COD,135,5,1,515.9,3,0,,1
4633,Electronics,2071,38.4,Wallet,1038,25,1,110,4,0,4,0
4634,Apparel,638,30.2,Prepaid_Card,302,9,2,317.8,5,0,4,0
4635,Home,4606,3.5,Prepaid_Card,25,3,0,317,3,0,4,0
4636,Apparel,1120,0,COD,4,5,0,157.8,8,0,,1
4637,Electronics,44157,29.5,Wallet,85,0,0,229.4,6,1,5,0
4638,Home,6527,45.7,Prepaid_UPI,111,4,0,292.8,5,1,3,1
4639,Apparel,664,7.5,Prepaid_Card,31,0,0,504.3,5,0,1,0
4640,Apparel,1150,53.5,COD,45,3,0,268.1,4,1,,0
4641,Apparel,1176,21.9,Prepaid_UPI,92,3,0,342.3,3,1,3,1
4642,Apparel,1052,0,Prepaid_UPI,34,0,0,86.3,1,0,3,0
4643,Electronics,22907,0,Prepaid_UPI,111,0,0,194.2,6,1,2,0
4644,Apparel,1606,33.5,Wallet,277,6,1,207.9,5,1,1,1
4645,Apparel,1554,23.9,Prepaid_Card,444,10,0,466.3,7,0,5,0
4646,Beauty,989,44.2,COD,113,2,1,93.2,6,1,4,0
4647,Beauty,1807,4,Prepaid_Card,303,5,1,472.7,4,1,3,0
4648,Apparel,921,23.8,Prepaid_UPI,325,5,0,108.5,5,0,3,0
4649,Apparel,1904,22.1,COD,87,2,0,163.2,3,1,2,0
4650,Electronics,43439,19.9,COD,646,13,0,307,2,1,5,1
4651,Footwear,1679,16.3,Prepaid_UPI,371,10,0,222,2,0,2,0
4652,Footwear,3639,16.6,Prepaid_Card,98,2,0,199.6,2,0,5,1
4653,Apparel,1864,24.6,Prepaid_UPI,513,8,0,186.6,4,0,1,1
4654,Apparel,1283,26.5,COD,541,12,1,291.7,6,1,,1
4655,Electronics,5043,25.8,COD,49,2,1,292.3,6,1,,0
4656,Footwear,3645,40.1,COD,20,4,1,173.8,1,1,2,0
4657,Footwear,2130,4,Prepaid_UPI,335,9,1,188.7,6,1,3,1
4658,Apparel,775,0,Prepaid_UPI,1204,25,3,229.3,5,1,1,1
4659,Home,5125,37.3,Prepaid_Card,516,14,2,258.4,6,1,2,0
4660,Apparel,1186,7.8,Prepaid_Card,691,13,2,42,6,0,5,1
4661,Home,974,16.3,COD,878,20,4,152.5,1,1,2,1
4662,Beauty,2462,12.8,Prepaid_UPI,28,2,0,167.7,5,1,1,1
4663,Electronics,11916,12.5,Wallet,181,7,2,222.8,8,0,1,0
4664,Apparel,1320,0.1,Prepaid_UPI,157,7,1,289,2,0,3,1
4665,Home,5438,13.5,COD,314,10,1,159.3,2,1,5,0
4666,Electronics,6241,31.7,Prepaid_Card,184,4,0,214,1,0,2,0
4667,Footwear,3458,21.9,COD,15,1,0,63.4,4,1,3,0
4668,Electronics,29595,29.6,COD,79,2,0,518.1,1,1,3,0
4669,Footwear,2475,14.6,COD,43,0,0,99.7,3,0,4,0
4670,Apparel,1351,35.5,COD,589,13,5,647.5,5,1,4,0
4671,Apparel,2119,14.4,COD,164,7,0,276.7,6,1,1,0
4672,Apparel,2040,0,Prepaid_UPI,179,5,1,395.8,1,1,1,0
4673,Apparel,602,26.7,COD,255,10,1,235.6,3,1,5,0
4674,Apparel,1064,33.5,Prepaid_UPI,382,6,1,294.4,4,0,2,0
4675,Home,4279,13.6,Wallet,572,12,0,292.4,4,1,3,0
4676,Apparel,2056,40,Prepaid_Card,176,5,0,418.1,6,1,5,1
4677,Apparel,1870,9.2,Prepaid_Card,765,18,2,316.5,6,0,5,0
4678,Apparel,1096,32.1,Prepaid_UPI,125,3,1,92.9,6,1,2,0
4679,Apparel,1995,48.2,COD,176,6,1,75.3,5,0,5,0
4680,Footwear,2013,22.6,Prepaid_Card,142,5,0,124.8,4,1,2,0
4681,Beauty,787,18.6,Prepaid_Card,11,0,0,237.8,3,0,4,0
4682,Apparel,1498,20.4,Prepaid_UPI,530,13,1,428.4,6,0,2,1
4683,Footwear,1924,46.4,Prepaid_UPI,265,8,1,158.3,3,0,2,0
4684,Footwear,2990,28,Prepaid_UPI,1,1,0,92.7,3,1,4,0
4685,Beauty,1113,54.2,Prepaid_UPI,1103,21,3,119.6,6,1,,0
4686,Electronics,36055,26.2,Prepaid_Card,194,4,1,671,6,1,5,0
4687,Apparel,2118,12.2,Prepaid_UPI,154,4,0,407.9,5,0,3,0
4688,Electronics,13040,13.2,Prepaid_UPI,99,0,0,118.3,6,0,2,0
4689,Footwear,2540,22.9,Prepaid_Card,399,11,3,196.4,4,0,3,1
4690,Footwear,3398,0,Wallet,409,11,1,254.2,4,1,5,0
4691,Electronics,8143,14.9,Prepaid_UPI,207,5,0,315.5,5,1,1,0
4692,Apparel,1833,15.2,Prepaid_Card,333,7,2,941,3,0,,1
4693,Footwear,2832,25.6,COD,170,4,0,238.3,6,1,4,0
4694,Footwear,1099,51.1,COD,64,1,0,142.5,4,1,5,1
4695,Electronics,39228,22.8,Prepaid_UPI,279,4,0,530.5,4,0,2,0
4696,Home,3586,0,COD,519,11,1,718.1,5,1,2,0
4697,Electronics,8936,8.3,Prepaid_Card,261,6,1,219.9,6,1,,0
4698,Electronics,9758,25.9,Prepaid_Card,120,6,1,327,1,1,1,0
4699,Electronics,35605,23.4,Prepaid_UPI,169,5,0,235.1,2,0,3,0
4700,Footwear,4243,46.4,Prepaid_UPI,292,9,1,331.5,7,0,4,0
4701,Beauty,1039,36.4,Prepaid_UPI,1936,40,9,384,6,1,3,0
4702,Electronics,4653,36,COD,15,0,0,290.3,4,0,,1
4703,Electronics,5616,18.7,COD,136,7,1,493,5,1,3,0
4704,Electronics,29866,38.5,Prepaid_UPI,121,1,0,286.9,6,0,,1
4705,Apparel,1067,8.6,COD,262,4,1,139.2,8,0,3,1
4706,Apparel,1167,36.5,Prepaid_Card,188,4,1,468.8,4,1,3,0
4707,Apparel,1007,17.8,Wallet,254,10,1,490.9,7,0,3,0
4708,Electronics,21591,0.3,Prepaid_Card,327,6,2,48.2,6,1,1,1
4709,Apparel,1558,30.9,Prepaid_Card,464,11,1,757.9,2,0,2,0
4710,Electronics,24902,43,Prepaid_UPI,670,16,3,130.1,3,1,3,1
4711,Footwear,1157,15.9,Prepaid_UPI,1264,24,3,220.6,7,0,5,0
4712,Apparel,1284,45.4,Prepaid_Card,189,4,0,193.7,8,0,5,0
4713,Home,3847,0,Prepaid_Card,18,0,0,151.3,4,1,,0
4714,Beauty,1432,4,COD,241,7,1,304.7,7,0,1,0
4715,Home,1152,19.8,Prepaid_Card,376,12,1,104.1,5,0,2,0
4716,Apparel,676,16.4,COD,29,0,0,264.4,4,0,2,0
4717,Electronics,24425,12,Prepaid_Card,29,0,0,400.7,5,1,3,0
4718,Home,2421,24,Prepaid_UPI,721,21,4,243.5,1,0,4,0
4719,Electronics,28752,14.1,COD,77,0,0,533.3,4,1,,0
4720,Apparel,1071,16.6,Prepaid_Card,242,3,1,102.1,3,0,3,0
4721,Electronics,10868,26.2,COD,45,4,1,190.6,7,0,,0
4722,Home,5354,12,COD,303,7,0,140.7,5,1,3,0
4723,Apparel,1109,20.4,COD,194,5,1,380,4,1,3,0
4724,Home,1514,12.3,COD,1033,27,9,252.9,7,1,1,1
4725,Apparel,1856,3.9,Wallet,328,4,0,198.7,1,0,5,0
4726,Electronics,20111,33.5,Wallet,498,11,1,407.2,2,1,3,0
4727,Footwear,4160,47.6,Prepaid_UPI,798,15,7,608.6,7,0,1,0
4728,Apparel,748,38,Prepaid_Card,58,2,0,326.5,6,0,4,1
4729,Home,7048,27,Prepaid_UPI,198,3,0,445.7,1,0,,1
4730,Electronics,36937,12.4,Prepaid_UPI,1094,22,1,41.4,5,1,3,0
4731,Apparel,587,17.7,Prepaid_Card,454,12,0,334.2,2,0,2,0
4732,Beauty,1399,37.9,COD,325,7,2,858.1,4,1,,1
4733,Electronics,29831,0,Prepaid_UPI,311,4,1,332.4,6,0,4,0
4734,Apparel,1292,16.6,Wallet,709,13,5,340.2,4,0,1,1
4735,Beauty,1067,33,COD,107,3,0,303.8,4,1,3,1
4736,Footwear,4275,4.9,Prepaid_Card,366,5,1,226.4,3,1,4,0
4737,Home,5696,28.4,COD,593,14,3,203.8,7,1,1,0
4738,Apparel,2139,27.7,COD,158,6,2,239.3,6,0,1,0
4739,Apparel,1923,0.2,Prepaid_UPI,712,17,0,321.5,3,1,4,0
4740,Home,6592,23.3,COD,1292,27,3,127.8,5,0,2,1
4741,Apparel,1706,12.7,Wallet,266,6,0,237.8,4,0,2,0
4742,Apparel,1563,28.2,Prepaid_UPI,71,0,0,439.9,3,1,3,0
4743,Footwear,4047,32,COD,337,8,1,240,5,1,5,0
4744,Apparel,1504,28,Prepaid_UPI,146,3,0,200,8,1,,0
4745,Apparel,536,23.1,Prepaid_UPI,355,6,1,320.1,3,1,1,0
4746,Apparel,1449,26.3,Prepaid_Card,535,13,4,79.6,6,1,1,0
4747,Electronics,5704,4.4,Prepaid_Card,1953,39,8,225,6,0,3,0
4748,Home,7610,21.5,Prepaid_UPI,40,0,0,121,6,1,3,0
4749,Footwear,3087,10.1,Prepaid_Card,703,13,3,280.9,7,1,2,1
4750,Apparel,1400,37.5,COD,347,7,1,181.5,4,1,3,1
4751,Apparel,756,32.2,COD,779,20,2,325.3,6,0,4,1
4752,Electronics,23791,32.2,COD,392,10,2,228.1,5,1,2,1
4753,Electronics,16203,47.7,Prepaid_UPI,442,10,1,351.5,2,1,1,0
4754,Electronics,30782,17.1,COD,177,4,0,264.1,2,1,3,0
4755,Beauty,1570,13.8,Prepaid_Card,561,12,0,114.9,7,0,2,0
4756,Home,4145,16.7,Prepaid_Card,569,15,2,122.8,3,0,4,0
4757,Electronics,12270,0,Prepaid_UPI,173,0,0,97.2,4,1,5,0
4758,Beauty,1385,0,Prepaid_Card,470,12,1,298.6,6,1,5,0
4759,Apparel,1231,31.3,Wallet,415,8,2,195.1,4,1,5,0
4760,Beauty,2150,1.1,Wallet,419,10,3,201.7,6,0,5,0
4761,Electronics,40372,5.9,COD,254,7,1,409.6,4,1,1,0
4762,Electronics,34455,20.5,Prepaid_UPI,33,2,0,450.3,2,1,4,0
4763,Beauty,901,15.8,COD,108,6,2,266.2,7,1,2,1
4764,Electronics,2868,35.3,Prepaid_UPI,1434,29,10,114.4,3,1,2,0
4765,Electronics,41730,22.9,Prepaid_Card,258,8,2,270.7,7,0,5,0
4766,Apparel,2186,10,COD,1132,25,5,483,6,0,5,0
4767,Home,1278,36.6,COD,265,5,0,153.1,3,0,5,0
4768,Home,5579,32.9,Prepaid_Card,362,12,4,412.9,6,0,2,1
4769,Apparel,1165,0.8,Prepaid_UPI,190,6,0,457.9,3,0,1,0
4770,Home,1444,25.8,Prepaid_UPI,307,6,1,500.9,3,0,1,0
4771,Home,7985,11.3,COD,897,22,1,283.8,5,0,,0
4772,Electronics,42075,10.9,COD,434,10,1,323.9,6,0,2,0
4773,Apparel,2169,50,Prepaid_Card,466,9,4,161.3,5,1,5,0
4774,Electronics,7503,23.9,Prepaid_Card,573,12,2,173.9,3,1,1,0
4775,Apparel,1285,18.7,COD,65,2,0,227.1,2,0,2,0
4776,Apparel,2012,23.3,COD,11,0,0,50.1,4,0,2,1
4777,Electronics,30772,35.1,Prepaid_UPI,358,8,1,99.4,2,0,1,0
4778,Apparel,1182,11.5,Prepaid_Card,820,20,5,322.9,4,1,5,0
4779,Apparel,1330,14,Prepaid_UPI,123,3,1,470.1,4,0,2,0
4780,Home,597,31.9,Prepaid_Card,1639,40,4,175.8,6,1,1,0
4781,Apparel,1501,0,Prepaid_Card,144,3,1,87.7,6,0,2,0
4782,Beauty,2170,36.9,Prepaid_Card,32,3,0,296.1,7,1,1,0
4783,Beauty,157,0,COD,84,4,0,189.4,4,1,1,0
4784,Home,1532,18.3,COD,1015,26,6,213.9,4,1,1,0
4785,Beauty,1367,0,Wallet,92,6,0,220.3,5,0,3,0
4786,Footwear,2744,6.2,Prepaid_UPI,13,0,0,158.4,5,0,1,0
4787,Apparel,1018,41.5,Prepaid_UPI,87,2,0,131,5,1,2,0
4788,Footwear,612,37.7,COD,103,2,0,647.6,9,0,4,1
4789,Apparel,1738,39.3,COD,393,9,2,395.3,6,0,2,0
4790,Home,2171,0.3,COD,195,4,1,371.6,7,1,1,0
4791,Electronics,29432,6.2,Wallet,1037,22,0,25.3,2,1,5,1
4792,Apparel,1406,27.1,Prepaid_UPI,848,17,8,120.8,2,1,2,0
4793,Apparel,1176,32.7,Prepaid_Card,225,5,0,356,3,1,3,1
4794,Beauty,1537,10,Wallet,665,17,3,86.8,5,0,4,0
4795,Apparel,1651,13.3,COD,767,16,2,242.5,4,0,,1
4796,Apparel,1430,5,Prepaid_Card,258,5,0,248.2,5,1,2,0
4797,Apparel,1404,46.9,COD,22,0,0,181.2,8,0,,1
4798,Electronics,20300,14.9,COD,225,3,0,302.7,4,1,1,0
4799,Footwear,2220,22.5,Wallet,14,0,0,163.2,6,0,2,0
4800,Footwear,2464,23.3,Prepaid_UPI,1241,28,6,163.2,5,0,5,1
4801,Electronics,21001,38.6,COD,227,8,2,112.4,7,0,2,1
4802,Apparel,1190,7.7,COD,372,6,0,503,6,0,2,0
4803,Apparel,779,39.5,Prepaid_Card,719,16,0,125.5,4,0,5,0
4804,Electronics,32948,2.8,COD,542,14,0,173.6,7,0,5,0
4805,Footwear,1032,39.5,Prepaid_Card,3,0,0,229.3,6,1,2,0
4806,Footwear,4135,0,Prepaid_Card,325,10,2,190.2,6,0,5,0
4807,Electronics,28568,20.4,COD,186,3,0,505.9,5,1,,0
4808,Home,677,46.4,COD,1413,33,8,407,6,1,,1
4809,Electronics,30064,32.5,COD,548,12,2,223.4,4,1,,0
4810,Home,3084,28.3,Wallet,16,1,0,223,2,0,3,0
4811,Electronics,41924,6.3,COD,283,10,3,144.9,3,1,2,0
4812,Home,7508,11,Prepaid_Card,167,3,1,39.7,6,1,,0
4813,Electronics,38252,42.2,COD,341,10,1,84.6,6,1,,0
4814,Beauty,1484,29.1,Prepaid_UPI,41,1,0,495.4,3,1,2,1
4815,Electronics,41460,35.4,COD,187,3,0,325.5,8,1,5,0
4816,Apparel,1570,23.1,COD,206,4,0,164.9,2,0,,1
4817,Apparel,1975,17.8,Prepaid_UPI,749,16,3,299.4,5,1,2,0
4818,Electronics,8210,33.5,Prepaid_UPI,128,0,0,756,4,1,3,0
4819,Home,7262,25.9,COD,151,4,0,348.3,5,1,2,1
4820,Home,5394,19.5,COD,497,12,2,109.4,2,0,1,1
4821,Home,2635,0.8,Wallet,1046,25,2,207.7,1,1,4,0
4822,Apparel,2196,36.3,COD,214,8,1,306.9,3,0,4,0
4823,Home,5589,28.6,COD,453,12,2,466.5,6,1,4,0
4824,Home,7295,12.9,Prepaid_Card,119,1,0,242.3,5,0,3,0
4825,Electronics,1445,39.7,COD,168,3,1,211.9,2,0,,0
4826,Electronics,25392,25.7,Prepaid_Card,726,18,2,163.2,7,1,1,0
4827,Apparel,1683,26,Prepaid_UPI,275,7,1,91.4,5,1,5,0
4828,Electronics,1802,35.3,Prepaid_Card,109,2,0,367.9,6,1,4,0
4829,Footwear,3550,32,Prepaid_Card,187,2,0,206.2,4,0,2,1
4830,Beauty,1681,26.4,Prepaid_Card,478,10,3,89.5,1,0,3,1
4831,Home,2416,19.2,Prepaid_UPI,1,1,0,147.7,8,0,3,1
4832,Apparel,1640,51.8,COD,192,0,0,273.4,4,1,3,0
4833,Home,1308,11,COD,1126,20,3,246,7,1,2,1
4834,Footwear,3796,33.2,Prepaid_UPI,548,14,6,337.1,4,0,3,0
4835,Electronics,39141,20.7,COD,662,14,5,172.2,5,1,2,0
4836,Footwear,2442,28.8,COD,10,1,0,228.3,1,0,4,0
4837,Apparel,1313,40.5,COD,303,10,1,75.9,3,1,5,0
4838,Apparel,1124,17.3,Prepaid_UPI,834,17,0,156.5,8,1,1,1
4839,Apparel,1022,31,COD,460,7,0,411.3,6,1,1,0
4840,Apparel,1971,26,Prepaid_UPI,41,0,0,265.9,7,1,1,1
4841,Footwear,1719,12.4,Prepaid_UPI,895,19,0,193.4,6,0,3,1
4842,Electronics,18845,40.9,Prepaid_Card,354,8,2,360.4,5,1,1,0
4843,Apparel,940,32.7,COD,45,2,0,285.4,7,0,4,0
4844,Electronics,29964,15.5,Prepaid_UPI,1186,27,1,428,7,1,2,0
4845,Electronics,36863,38.6,COD,2500,56,17,105.8,5,0,5,0
4846,Apparel,696,9.5,Wallet,71,4,0,295.3,5,0,4,1
4847,Apparel,859,21.6,Prepaid_UPI,330,9,2,261.2,7,1,3,1
4848,Home,1102,15.6,COD,204,4,1,401.7,2,1,3,0
4849,Apparel,688,33.3,Prepaid_UPI,220,6,1,147.3,4,0,3,0
4850,Footwear,2128,14.8,Prepaid_Card,873,16,1,314.6,1,0,1,1
4851,Apparel,1797,33.4,Prepaid_Card,287,9,1,20.7,2,0,3,0
4852,Footwear,2666,30.9,Prepaid_Card,41,1,0,387.3,5,0,5,0
4853,Footwear,713,16.4,Prepaid_Card,423,7,1,335.6,6,1,1,0
4854,Apparel,1525,49.4,Prepaid_UPI,197,4,0,121.8,9,0,1,0
4855,Apparel,1832,10.8,Prepaid_UPI,404,11,2,228.5,4,1,2,0
4856,Beauty,1075,0.9,COD,178,2,0,107.6,4,1,2,0
4857,Electronics,11932,34.8,Prepaid_Card,1162,27,16,104,4,0,3,0
4858,Home,6182,0,Prepaid_UPI,268,8,0,261.4,5,1,5,0
4859,Apparel,443,44.4,Prepaid_UPI,104,2,0,376.5,8,0,3,0
4860,Apparel,1868,23.5,Prepaid_Card,723,14,1,361.3,5,0,2,0
4861,Electronics,36427,0.6,COD,317,7,1,294.1,2,0,4,0
4862,Footwear,4052,7.8,Prepaid_UPI,324,4,1,80.2,5,0,2,0
4863,Apparel,561,0,COD,604,12,4,319.7,5,0,4,1
4864,Footwear,931,27.7,COD,157,1,0,308.6,4,0,1,1
4865,Home,7020,2.1,Prepaid_Card,531,12,3,355.2,4,0,3,0
4866,Apparel,1255,29.5,COD,115,0,0,139,9,0,1,0
4867,Apparel,1106,17.4,COD,294,7,1,171,3,0,5,1
4868,Apparel,1432,14.9,COD,42,3,0,681.4,1,0,1,0
4869,Electronics,3766,29.6,Prepaid_UPI,58,4,1,26.7,3,0,2,0
4870,Home,5257,31.4,Wallet,541,10,1,104,3,0,5,0
4871,Electronics,42595,39.2,Prepaid_Card,572,11,5,274.2,2,1,2,0
4872,Apparel,1616,12.5,COD,693,17,2,134.4,4,0,,0
4873,Home,3877,21.6,Prepaid_UPI,19,2,0,209.2,8,0,3,0
4874,Home,7699,12.5,COD,33,0,0,226.7,2,1,,0
4875,Electronics,31357,24.4,Wallet,354,7,0,315.4,1,1,1,0
4876,Home,739,10.3,Prepaid_Card,472,11,2,248,6,0,4,0
4877,Apparel,1606,15.6,COD,17,0,0,52.2,4,1,4,0
4878,Home,760,15.7,Prepaid_Card,357,9,5,144.6,4,1,2,0
4879,Electronics,14657,26.4,COD,1566,37,8,197.7,7,1,3,0
4880,Electronics,28167,22,Prepaid_UPI,1239,27,2,383.9,3,1,2,0
4881,Apparel,788,29.6,COD,229,2,0,172.1,1,0,,0
4882,Home,594,20.4,Prepaid_UPI,232,8,1,237.3,6,0,5,0
4883,Home,5058,13.3,Prepaid_UPI,247,6,1,269.5,4,0,4,0
4884,Electronics,13721,24.9,Prepaid_UPI,178,5,0,262.6,4,0,2,0
4885,Footwear,2632,8.2,Prepaid_UPI,15,0,0,240.4,1,1,5,0
4886,Footwear,1545,30.5,COD,91,0,0,122.8,2,1,5,1
4887,Apparel,1636,17.7,Prepaid_Card,69,2,0,172.2,4,1,1,1
4888,Home,7197,25.1,Prepaid_UPI,1077,26,7,369.5,2,1,2,0
4889,Electronics,4992,25.3,COD,240,3,1,410.8,7,0,5,0
4890,Beauty,1998,46,COD,419,9,3,440.1,4,1,5,1
4891,Apparel,681,27.7,COD,489,8,0,156,4,0,,0
4892,Apparel,993,23.1,COD,66,0,0,186.5,7,0,2,0
4893,Electronics,16853,11.6,Prepaid_UPI,535,11,0,292.5,3,0,3,0
4894,Apparel,771,34,Prepaid_Card,61,2,0,589.1,5,0,2,0
4895,Home,879,17.9,Prepaid_UPI,220,1,0,797.6,5,0,1,1
4896,Electronics,34860,0,Wallet,99,5,1,155.8,6,1,3,0
4897,Apparel,1829,19.1,COD,188,4,0,141.9,5,0,3,1
4898,Electronics,44861,24.9,Prepaid_UPI,414,12,1,91.7,6,0,2,0
4899,Footwear,4238,9.7,COD,594,15,2,324.8,3,1,2,0
4900,Footwear,2239,20.2,COD,129,5,0,82.1,3,0,1,1
4901,Electronics,7042,20.9,COD,35,5,1,305.1,4,1,5,0
4902,Apparel,419,21.2,COD,730,15,0,309.9,6,0,2,0
4903,Apparel,1357,40.5,COD,12,1,0,538.3,5,0,4,1
4904,Footwear,3942,2.3,Prepaid_Card,24,0,0,139.1,6,1,3,0
4905,Home,2363,52.5,COD,341,7,0,51.6,3,1,,0
4906,Home,1832,21.5,COD,258,7,1,96.8,2,0,,0
4907,Footwear,2256,30.7,Prepaid_UPI,657,17,1,199.5,3,1,1,0
4908,Apparel,2008,23.9,COD,2,0,0,137.2,3,1,4,0
4909,Home,3778,0,Prepaid_UPI,158,1,0,174,2,1,3,0
4910,Apparel,1701,6.2,Wallet,331,8,1,366.3,4,0,2,0
4911,Apparel,1233,14.1,Prepaid_UPI,122,1,0,179.3,2,0,2,0
4912,Electronics,17536,36.9,Prepaid_Card,27,0,0,185.4,3,1,1,0
4913,Electronics,20512,1.2,Prepaid_Card,652,16,3,269.3,2,0,5,0
4914,Beauty,1956,9.2,Prepaid_Card,1828,42,6,156.1,2,1,4,0
4915,Electronics,34243,24.5,Wallet,361,10,0,307.8,2,1,4,0
4916,Footwear,2227,29.1,Wallet,362,7,2,375.3,2,1,5,0
4917,Footwear,1570,28.6,Prepaid_Card,334,9,1,141.8,6,1,1,0
4918,Home,1371,7.2,Prepaid_Card,194,4,1,515.3,4,0,3,0
4919,Beauty,153,0,Prepaid_UPI,692,15,4,85.9,5,1,3,0
4920,Electronics,6161,30.1,COD,1399,29,3,100.3,4,1,3,0
4921,Electronics,8412,43.5,Prepaid_Card,273,2,0,186.6,6,0,2,0
4922,Apparel,1642,16.8,Prepaid_Card,160,0,0,105.1,6,1,3,0
4923,Apparel,1872,4.8,Prepaid_UPI,154,4,0,269.2,6,0,5,0
4924,Footwear,3448,15.6,COD,64,0,0,760.4,4,1,1,1
4925,Electronics,32878,27.9,COD,109,0,0,188,4,0,5,1
4926,Electronics,44751,18.5,COD,96,1,0,180.6,2,1,2,0
4927,Apparel,2133,43.1,Prepaid_Card,519,12,1,100.4,3,0,1,1
4928,Electronics,12976,35.9,Wallet,198,5,1,855.6,6,1,3,0
4929,Home,1417,24.8,Prepaid_UPI,12,0,0,510.3,3,0,4,0
4930,Apparel,676,0,COD,80,2,0,406.4,4,0,5,0
4931,Footwear,4082,11.6,COD,218,4,1,212,6,0,4,0
4932,Home,1088,13.8,Prepaid_UPI,128,4,1,438,5,0,2,1
4933,Footwear,1861,10.8,Prepaid_UPI,7,0,0,327.6,5,1,1,1
4934,Apparel,1355,24.9,Prepaid_Card,627,14,2,156.8,4,1,1,0
4935,Home,5024,25.2,COD,34,3,0,842.5,6,0,,0
4936,Apparel,1472,0,COD,926,22,1,59.1,3,1,2,1
4937,Electronics,35645,34.1,Prepaid_UPI,317,7,0,198,5,1,3,0
4938,Footwear,2787,22.2,Prepaid_Card,73,1,0,146,4,0,5,0
4939,Home,6853,27.4,COD,1795,39,7,33.4,6,1,2,0
4940,Apparel,552,33.2,Wallet,418,5,1,30.6,6,1,5,0
4941,Footwear,3936,10.5,Prepaid_Card,905,22,1,58.5,5,1,2,0
4942,Apparel,1462,40.9,Wallet,978,20,0,590.8,7,0,,0
4943,Home,2017,19.9,Prepaid_Card,101,4,1,173.2,6,0,1,1
4944,Beauty,2448,44.7,Prepaid_Card,172,4,0,203.9,4,1,3,0
4945,Electronics,42360,8.6,Wallet,266,9,1,176.6,5,1,4,0
4946,Footwear,3883,43.6,Wallet,628,15,2,181.8,5,0,4,1
4947,Home,7319,8.4,Wallet,165,5,1,55.8,7,0,5,1
4948,Footwear,2029,60.2,Prepaid_UPI,444,9,0,292.1,1,1,5,0
4949,Home,2054,7.7,Prepaid_Card,135,0,0,315.4,7,1,3,0
4950,Home,1708,37.8,COD,20,1,0,161.7,1,1,3,0
4951,Apparel,1973,16.6,COD,17,0,0,376.2,5,1,1,1
4952,Footwear,3807,32.7,Wallet,170,3,0,597.3,5,1,4,1
4953,Apparel,2166,21.4,COD,209,2,0,62.4,4,0,1,0
4954,Beauty,2143,5.6,Prepaid_UPI,415,8,2,209.4,6,0,5,1
4955,Apparel,1538,0,Wallet,453,11,2,290.3,2,0,4,1
4956,Apparel,656,59.6,Wallet,54,2,0,67.9,3,0,2,0
4957,Footwear,1159,23.1,Wallet,200,4,0,515.3,2,1,2,1
4958,Apparel,1253,0,Prepaid_Card,164,4,1,351.5,3,1,2,0
4959,Electronics,34829,26.5,Prepaid_Card,19,0,0,355.3,7,0,3,0
4960,Home,1634,32.3,Wallet,51,6,1,516.3,7,1,4,0
4961,Apparel,2048,11.3,COD,1317,30,2,205.9,4,1,2,0
4962,Apparel,1631,11.4,COD,27,0,0,209.3,5,1,2,0
4963,Electronics,14879,21.7,Wallet,755,19,6,246.7,9,0,3,0
4964,Apparel,1994,40,Prepaid_UPI,863,22,8,306.5,4,1,2,0
4965,Apparel,1478,23.5,Prepaid_Card,2500,54,5,317.3,3,0,,0
4966,Apparel,1720,43.9,COD,16,0,0,126,7,0,2,0
4967,Electronics,18082,39,Prepaid_Card,129,0,0,98,3,0,5,0
4968,Apparel,1108,18.6,Wallet,109,1,0,333.9,2,0,5,0
4969,Apparel,423,0,Prepaid_Card,540,12,2,317.7,6,1,1,0
4970,Home,4442,18.6,COD,469,7,2,443.8,7,1,,0
4971,Home,6158,29.9,Prepaid_Card,318,6,0,396.7,3,1,2,0
4972,Apparel,2144,22.9,Prepaid_UPI,297,6,1,81.7,4,1,3,1
4973,Apparel,2006,31.5,Wallet,100,3,0,99.2,6,0,3,0
4974,Footwear,848,35,COD,956,22,2,137.3,3,0,3,0
4975,Home,7850,30,Prepaid_Card,459,11,0,267,7,0,3,0
4976,Electronics,7747,17.9,COD,26,4,0,492.9,8,1,4,0
4977,Electronics,3001,29.8,Prepaid_Card,63,4,1,266.9,2,1,4,0
4978,Apparel,1748,55.5,COD,203,5,1,225,2,1,5,1
4979,Footwear,4124,0,Prepaid_Card,1474,31,4,103.2,1,1,5,1
4980,Beauty,2382,29.3,Prepaid_Card,1513,32,6,218.5,3,1,2,0
4981,Beauty,2089,49.5,COD,89,0,0,351.3,2,1,,0
4982,Apparel,769,4.4,COD,1333,30,9,184.9,7,1,4,0
4983,Apparel,677,37,COD,107,3,0,167.4,2,0,2,0
4984,Apparel,506,39,COD,224,7,0,422.3,4,0,2,1
4985,Apparel,1448,0,Prepaid_UPI,717,16,2,309.5,5,0,4,0
4986,Electronics,22540,32.7,COD,272,8,0,395.5,3,1,4,0
4987,Home,1141,17.9,COD,130,5,1,141.6,5,0,,0
4988,Apparel,1237,21.1,Wallet,1789,38,1,574.9,6,1,4,0
4989,Beauty,1483,17.1,COD,267,5,0,162.3,11,0,4,0
4990,Apparel,1701,41.7,Prepaid_UPI,748,17,2,202.4,5,1,4,1
4991,Apparel,1146,20.3,Prepaid_Card,255,4,0,332.9,1,1,2,0
4992,Footwear,1773,15.1,Prepaid_UPI,260,5,2,163.3,6,1,2,0
4993,Home,5426,15.3,Prepaid_Card,169,4,1,283.8,5,1,3,1
4994,Electronics,31169,16.9,COD,245,5,1,289.6,6,1,5,1
4995,Home,2382,5.8,Prepaid_UPI,20,0,0,211.3,4,0,1,0
4996,Apparel,436,14.9,Prepaid_UPI,55,0,0,298.1,6,1,,0
4997,Apparel,2102,23.8,COD,211,6,1,180.9,4,1,5,1
4998,Electronics,34282,28.1,Prepaid_UPI,301,8,2,309.4,5,0,5,0
4999,Electronics,10008,40.1,Prepaid_Card,154,2,0,352.3,5,1,1,1
5000,Home,4656,25.6,Wallet,781,15,5,241.8,5,1,1,0
5001,Apparel,1471,14.9,Prepaid_UPI,1688,40,4,378,4,0,1,1
5002,Home,1270,6.8,COD,850,22,4,144.3,7,0,2,0
5003,Footwear,1267,26.4,Prepaid_UPI,55,2,0,246.5,8,1,1,0
5004,Apparel,2122,20.2,Wallet,140,2,0,620.1,9,0,1,0
5005,Apparel,1314,20.7,Prepaid_UPI,451,12,1,243.3,5,1,4,0
5006,Electronics,9585,25.9,COD,46,2,0,212.9,5,1,1,0
5007,Footwear,3690,29.8,Prepaid_UPI,210,4,0,114.3,5,0,3,0
5008,Home,3923,26,Prepaid_Card,114,4,0,151.6,3,1,3,0
5009,Home,5216,19.4,COD,1014,21,4,231.5,6,1,3,0
5010,Electronics,14231,10,Prepaid_UPI,15,0,0,426,4,0,5,0
5011,Apparel,504,12.8,Prepaid_Card,783,18,1,366.4,6,0,2,0
5012,Electronics,8425,34.7,Prepaid_UPI,252,6,1,507,2,0,4,0
5013,Apparel,2151,15.6,Prepaid_UPI,192,6,2,132.1,6,1,4,1
5014,Footwear,2994,1.8,COD,691,18,3,290.2,7,1,,0
5015,Apparel,1896,39.4,Wallet,43,0,0,243.8,3,0,3,1
5016,Apparel,439,7.9,Prepaid_Card,6,0,0,255,4,0,1,1
5017,Electronics,34727,22.5,Prepaid_Card,142,7,2,351.8,4,0,2,0
5018,Electronics,22441,29.4,COD,120,1,0,330.7,4,0,5,0
5019,Home,5423,22,COD,14,0,0,318.3,8,1,3,1
5020,Electronics,16889,0,Prepaid_UPI,240,1,0,331,5,1,2,0
5021,Beauty,1609,27.9,Prepaid_Card,213,5,1,59.9,2,0,5,0
5022,Footwear,642,41.9,Wallet,13,1,0,633,3,0,3,0
5023,Footwear,682,33.8,Wallet,130,4,0,250.5,1,0,5,0
5024,Home,6451,0,Prepaid_UPI,68,0,0,362.6,3,0,5,0
5025,Home,1258,53.9,COD,424,9,0,837.2,2,0,1,0
5026,Home,408,2.1,Prepaid_UPI,11,1,0,426.4,2,1,1,0
5027,Electronics,41166,5.8,COD,302,7,0,168.3,4,1,1,1
5028,Electronics,12830,33.7,Prepaid_UPI,191,2,0,224.2,2,1,2,0
5029,Home,4784,28.8,Prepaid_Card,442,10,5,428,4,1,,1
5030,Apparel,1910,23.2,Wallet,12,0,0,494.9,5,0,5,0
5031,Apparel,1743,13.5,COD,289,3,0,246,5,0,5,1
5032,Footwear,687,42,COD,131,4,1,78.4,5,1,1,0
5033,Apparel,1410,21.4,Wallet,876,20,3,139.6,1,1,4,0
5034,Electronics,24931,0,Prepaid_Card,98,3,0,182.9,3,0,2,0
5035,Home,2996,40.5,Prepaid_UPI,450,9,0,285.2,7,1,1,0
5036,Apparel,1756,25.3,Wallet,525,13,3,301.1,9,1,5,0
5037,Footwear,4356,38.7,Prepaid_Card,142,5,1,369.3,6,1,,1
5038,Apparel,665,30.6,Prepaid_Card,214,8,1,414.2,5,1,1,0
5039,Footwear,1081,57.9,Prepaid_Card,1455,34,1,36,3,1,3,0
5040,Footwear,3439,17.4,Prepaid_UPI,261,7,1,197.4,7,1,4,1
5041,Apparel,1218,22.2,Wallet,329,5,1,411.1,4,1,3,0
5042,Apparel,1831,32.8,COD,433,9,1,540.6,4,1,4,0
5043,Apparel,654,17.4,Prepaid_UPI,251,3,1,315,7,0,3,0
5044,Electronics,2946,34,COD,103,1,0,119.5,1,0,2,0
5045,Apparel,1656,0,Prepaid_Card,407,13,2,264.6,4,0,4,0
5046,Beauty,2488,20.9,Prepaid_UPI,906,18,2,457.3,1,0,1,0
5047,Apparel,571,20.5,Prepaid_UPI,442,5,1,93.2,6,0,,0
5048,Footwear,3957,19.9,Prepaid_Card,670,17,1,123.2,8,0,4,0
5049,Apparel,1094,8.8,COD,243,4,1,125.9,6,0,1,1
5050,Beauty,189,35.6,COD,969,23,2,17.6,9,1,2,1
5051,Apparel,1318,14.4,COD,44,0,0,329.6,5,0,2,0
5052,Electronics,13414,25,COD,435,9,1,148,8,1,4,1
5053,Home,5639,21.4,Prepaid_UPI,9,3,1,25.1,1,0,1,0
5054,Apparel,918,29.5,COD,159,1,0,459.6,5,0,5,0
5055,Footwear,2427,43.5,COD,455,10,0,236.1,2,1,3,1
5056,Apparel,761,24.9,Prepaid_UPI,899,21,1,638.8,5,1,,0
5057,Home,6676,34.6,COD,189,3,1,358.5,4,1,5,1
5058,Home,7426,24.2,COD,132,3,0,240.3,4,0,2,1
5059,Home,3406,14.4,Wallet,87,2,0,385.7,4,0,1,0
5060,Apparel,1208,19.9,COD,178,5,0,137.8,7,0,4,1
5061,Apparel,2169,17.7,COD,113,6,0,293.7,5,0,3,1
5062,Apparel,656,30.5,Prepaid_Card,148,9,0,290.4,5,0,3,0
5063,Apparel,1856,23.6,COD,554,13,1,224.7,5,0,2,0
5064,Apparel,1421,10.1,COD,457,10,2,102.7,6,0,3,1
5065,Beauty,2220,18.7,COD,67,2,0,283.9,4,1,,1
5066,Electronics,14008,0,COD,89,2,0,276.2,2,1,,0
5067,Home,2580,19.2,Prepaid_UPI,222,2,0,162.7,7,0,2,0
5068,Electronics,15471,22,Prepaid_Card,859,19,6,96,4,0,5,0
5069,Apparel,430,49.1,COD,250,8,1,148.3,5,0,3,1
5070,Electronics,8641,42.2,COD,247,3,1,565.5,6,1,4,0
5071,Apparel,2190,6.5,Wallet,889,18,2,170.9,2,0,2,1
5072,Electronics,12104,25,COD,107,1,0,282.6,3,1,3,0
5073,Electronics,2072,25.3,Prepaid_UPI,758,18,3,273.5,1,0,3,0
5074,Electronics,13400,18.5,COD,1569,40,1,220.1,4,1,2,0
5075,Beauty,1110,19.5,Wallet,1345,28,3,581.6,7,1,5,0
5076,Apparel,1386,16.7,COD,817,18,4,344.6,4,0,1,0
5077,Electronics,4203,50.1,COD,117,3,0,322.3,8,1,3,0
5078,Apparel,1823,15.8,Prepaid_Card,2190,48,15,243.5,5,0,4,0
5079,Electronics,37357,27.1,COD,506,11,1,170,3,1,1,1
5080,Home,1941,0,Prepaid_UPI,113,2,0,249,3,1,1,0
5081,Apparel,1837,34.4,Prepaid_Card,234,11,2,349.4,8,0,2,0
5082,Home,3083,39.8,Prepaid_UPI,96,4,1,390.9,6,1,1,0
5083,Electronics,19732,6.2,COD,1056,23,0,350.4,4,1,,0
5084,Apparel,2085,14.3,Prepaid_UPI,104,5,1,52.8,5,0,1,0
5085,Beauty,2246,28.8,COD,226,6,1,78.1,4,0,5,0
5086,Electronics,17630,22.3,Wallet,486,11,1,207.1,1,1,5,0
5087,Footwear,2452,29,Prepaid_UPI,535,12,1,77,5,0,4,0
5088,Electronics,13750,17.7,Prepaid_Card,788,17,3,133.1,2,1,3,0
5089,Beauty,1361,49.9,Prepaid_UPI,103,0,0,108.6,4,0,2,0
5090,Apparel,1627,12,Prepaid_Card,203,1,0,213.1,2,1,5,0
5091,Electronics,5259,62.4,Prepaid_Card,227,6,0,245.1,4,0,2,1
5092,Footwear,4179,40.6,COD,744,16,5,100.2,2,1,1,1
5093,Electronics,32687,34.5,Prepaid_UPI,699,17,2,489.4,5,1,1,0
5094,Electronics,5438,6.4,COD,234,3,1,295.3,6,1,3,0
5095,Beauty,2192,35.6,COD,160,1,0,237.3,5,0,4,1
5096,Home,6026,31.1,Prepaid_UPI,494,13,2,377.8,1,1,4,0
5097,Home,2711,0,COD,1452,32,2,233.6,1,0,2,0
5098,Home,4315,0.9,Prepaid_UPI,664,16,2,307.1,2,1,5,0
5099,Footwear,3941,27.4,COD,146,3,0,173.6,7,1,2,0
5100,Footwear,4373,20,Prepaid_Card,218,9,1,139.7,9,0,3,0
5101,Home,2464,14.3,Prepaid_UPI,270,8,0,110.9,3,1,1,0
5102,Apparel,1571,38.2,COD,250,6,1,252.5,2,1,1,0
5103,Apparel,1948,8.7,Prepaid_UPI,128,4,1,288.3,8,0,5,0
5104,Home,7909,15.2,Prepaid_Card,114,2,0,695.3,4,0,4,0
5105,Footwear,783,12.3,Prepaid_UPI,757,14,2,51.1,4,1,4,0
5106,Electronics,23259,29.7,COD,608,14,1,234.9,5,1,2,0
5107,Apparel,1973,0,Prepaid_UPI,1509,37,6,383.8,3,0,4,1
5108,Apparel,406,14.5,Prepaid_Card,498,6,2,133.8,3,1,2,1
5109,Electronics,20351,0,Prepaid_Card,496,12,1,434.8,4,1,4,0
5110,Footwear,2837,17.3,COD,647,11,1,383.9,4,0,5,1
5111,Apparel,1348,32.8,COD,1619,36,2,452,1,1,5,0
5112,Home,5942,33.1,Prepaid_Card,125,3,0,317.2,3,0,3,0
5113,Footwear,762,11.1,COD,117,4,0,141.3,4,0,2,0
5114,Beauty,1996,30,Prepaid_Card,11,1,0,242.1,3,1,3,0
5115,Apparel,910,19.2,Prepaid_Card,679,18,4,407.2,6,0,5,0
5116,Beauty,2087,42.4,Prepaid_Card,553,15,2,150.5,3,0,5,0
5117,Home,3530,20.1,COD,922,20,1,79.5,8,0,,1
5118,Footwear,672,0,COD,151,6,1,100.7,5,1,5,0
5119,Apparel,2135,35.4,Prepaid_Card,417,9,1,350.1,5,0,5,1
5120,Electronics,35388,15.1,Prepaid_UPI,723,15,5,158.6,3,0,4,1
5121,Home,2978,17.9,Wallet,23,0,0,293.2,4,0,3,0
5122,Apparel,886,27,Prepaid_Card,121,5,1,376,1,1,5,0
5123,Electronics,26997,0.6,Prepaid_UPI,617,13,2,182.8,5,0,2,0
5124,Home,7902,23.1,COD,233,0,0,118.4,9,0,3,1
5125,Home,2534,30,Wallet,634,15,6,127.2,6,1,2,1
5126,Apparel,2107,27.5,COD,617,13,1,644.7,1,0,5,0
5127,Electronics,15671,13,COD,281,6,3,133.3,5,1,,0
5128,Apparel,1667,36.9,COD,340,7,1,305.5,5,0,,0
5129,Beauty,1047,7,COD,261,5,0,56.1,8,1,,0
5130,Beauty,350,12.6,Prepaid_UPI,1697,43,3,394.9,3,0,5,0
5131,Apparel,2085,20,COD,112,6,0,294.6,10,0,4,0
5132,Apparel,695,26.4,COD,321,9,1,213.3,5,1,5,0
5133,Apparel,2100,17.1,COD,683,16,2,232.5,3,0,1,0
5134,Electronics,5725,40.4,Wallet,131,5,1,267.3,1,1,2,0
5135,Footwear,1568,26.4,Prepaid_UPI,255,6,0,83.4,4,0,3,0
5136,Electronics,41536,23.1,Wallet,22,2,0,331,5,1,5,0
5137,Apparel,1585,25.9,Prepaid_UPI,379,10,1,591.7,2,1,5,0
5138,Apparel,741,33,Wallet,462,11,1,17.9,6,0,3,1
5139,Apparel,1466,25.6,Prepaid_Card,438,12,0,148.9,6,1,3,0
5140,Footwear,1222,0,COD,69,1,0,234.9,5,0,4,0
5141,Home,7033,38.3,COD,96,2,0,478.6,3,0,4,0
5142,Home,684,23.8,COD,178,2,0,561,5,0,,0
5143,Apparel,1354,32.3,Prepaid_UPI,514,10,3,45.3,9,0,1,0
5144,Beauty,299,15.9,COD,557,7,2,372.7,2,0,5,0
5145,Electronics,31642,0,COD,405,10,3,534.2,1,1,1,0
5146,Footwear,4243,0,Prepaid_UPI,594,15,2,63.5,4,0,4,0
5147,Footwear,3824,7.8,COD,577,15,1,308.6,3,1,4,1
5148,Electronics,17482,29.8,COD,246,3,0,536.1,1,1,4,0
5149,Footwear,1448,41.5,COD,303,8,0,195.7,5,1,5,0
5150,Apparel,618,26.5,Prepaid_UPI,352,8,1,285.3,2,1,5,0
5151,Home,7027,6.2,COD,145,5,1,186.5,1,0,1,0
5152,Apparel,546,10.2,COD,12,0,0,309.5,6,0,5,0
5153,Electronics,28743,42.4,COD,40,0,0,421.4,8,1,3,1
5154,Apparel,1061,2.3,Prepaid_UPI,362,5,2,466.2,10,0,4,0
5155,Apparel,2192,53.5,COD,1329,28,5,155.7,1,1,,0
5156,Apparel,1316,50.1,COD,587,13,0,101,5,1,4,0
5157,Electronics,25237,54,Wallet,1749,39,4,308.4,1,1,5,0
5158,Home,7368,27.7,Prepaid_UPI,1036,20,7,351.2,5,0,2,0
5159,Electronics,43670,16.9,COD,456,9,2,94.1,4,1,,1
5160,Apparel,1451,27.3,COD,617,14,5,203.4,1,0,3,0
5161,Beauty,2021,35.6,COD,1,3,0,520.4,6,1,,1
5162,Beauty,1642,12.2,Prepaid_UPI,347,6,1,200.5,4,0,5,0
5163,Apparel,1169,5.5,COD,276,7,0,445.2,6,0,2,1
5164,Electronics,3710,17.7,Wallet,231,4,0,165.5,2,1,1,0
5165,Home,5827,10.4,Prepaid_UPI,608,13,3,445,9,0,3,0
5166,Footwear,3301,40.6,Prepaid_Card,150,2,1,237.9,5,1,5,0
5167,Electronics,6312,12.8,COD,257,4,0,209.7,5,0,,0
5168,Footwear,1420,23.4,Prepaid_UPI,281,5,0,246.9,8,0,4,0
5169,Apparel,1718,36.7,Prepaid_UPI,64,4,0,144.9,4,0,5,0
5170,Electronics,7757,41.2,Prepaid_UPI,130,1,0,95.6,3,1,2,0
5171,Home,5620,25.1,COD,250,4,0,195.8,7,0,1,1
5172,Home,5828,27.8,Prepaid_UPI,135,3,0,351.3,4,1,5,0
5173,Footwear,1913,6.7,Prepaid_UPI,244,5,1,68.2,7,0,4,0
5174,Apparel,865,37.3,Wallet,72,1,0,470.6,4,1,3,0
5175,Apparel,1071,41,Prepaid_Card,64,2,1,209.4,9,0,5,0
5176,Apparel,1047,0,Prepaid_Card,594,11,2,357.2,4,0,3,0
5177,Apparel,1493,48.4,Prepaid_Card,338,6,0,193.7,3,1,5,1
5178,Apparel,1739,11.5,Prepaid_UPI,67,3,1,336.3,5,1,3,0
5179,Electronics,38945,30.9,Wallet,279,6,2,348.7,3,1,2,0
5180,Electronics,2514,23.2,Prepaid_Card,356,9,3,515.6,3,1,1,0
5181,Home,5894,21.1,COD,169,6,0,69.5,7,1,2,0
5182,Electronics,14961,18.9,COD,20,2,0,227.4,2,1,4,1
5183,Apparel,1910,7.1,Prepaid_Card,36,0,0,421.8,7,1,1,1
5184,Home,883,29.9,Prepaid_UPI,33,1,0,232.5,8,0,3,0
5185,Apparel,1392,17.7,COD,1033,25,6,210.8,4,0,1,0
5186,Footwear,2695,2.4,COD,35,2,1,198.4,5,0,,0
5187,Apparel,988,6.5,Wallet,543,12,0,252.6,3,0,1,1
5188,Electronics,43699,2.6,Prepaid_Card,354,5,0,344.8,7,0,4,0
5189,Footwear,928,14.1,COD,1086,23,1,211.2,2,1,2,0
5190,Home,1350,29.3,COD,639,14,3,426,7,1,3,0
5191,Home,5261,11.3,COD,290,4,1,281.3,4,1,,1
5192,Home,4260,36.6,COD,465,12,1,220,3,1,5,1
5193,Apparel,876,20.2,Prepaid_UPI,33,0,0,253,3,0,5,0
5194,Home,2643,17.7,Prepaid_Card,266,2,0,419.4,6,1,5,0
5195,Footwear,1128,22.3,Prepaid_Card,39,0,0,158.9,2,0,5,0
5196,Beauty,2189,42.9,Prepaid_Card,511,11,0,200.3,6,0,3,1
5197,Electronics,26145,1.4,COD,41,1,0,167,5,0,5,1
5198,Electronics,11924,46.8,COD,248,8,1,202.6,4,1,,0
5199,Footwear,2074,36.4,COD,117,4,0,243.8,6,1,4,1
5200,Home,7281,21.7,COD,101,0,0,417.7,3,1,3,0
5201,Apparel,1996,39.7,Prepaid_UPI,63,0,0,344.5,4,0,2,0
5202,Apparel,524,17.2,COD,978,21,2,240.5,4,1,2,1
5203,Apparel,1577,26.3,Prepaid_UPI,913,21,0,234.9,2,1,3,0
5204,Electronics,7900,13.9,COD,422,11,1,313.3,4,0,3,0
5205,Apparel,780,36.5,COD,717,19,1,193.7,1,0,4,0
5206,Apparel,1956,11.4,COD,22,4,0,155,3,0,,0
5207,Apparel,2011,21.2,Prepaid_Card,261,5,2,315.3,1,1,,0
5208,Beauty,344,32.2,Prepaid_Card,95,4,0,158.3,2,1,3,0
5209,Apparel,1973,37.7,Prepaid_UPI,252,6,1,134.9,2,0,4,0
5210,Apparel,1711,9.7,COD,353,6,1,729.8,5,0,1,1
5211,Electronics,35176,33.3,Prepaid_Card,36,0,0,59.3,2,0,4,0
5212,Apparel,1825,7.3,Prepaid_UPI,41,1,0,50.1,2,0,2,0
5213,Beauty,1342,0,COD,182,1,0,229.5,4,1,,0
5214,Beauty,2375,10.8,COD,166,2,0,332.3,9,1,2,0
5215,Electronics,9976,34.5,COD,124,1,0,215.7,1,1,2,0
5216,Electronics,23317,21.8,COD,43,1,0,193.9,6,1,,0
5217,Electronics,15153,14,Prepaid_UPI,82,4,1,616.4,5,1,5,0
5218,Apparel,1880,22.8,COD,60,1,0,166.1,9,1,,0
5219,Apparel,549,22.3,Prepaid_Card,6,0,0,245.3,5,0,4,0
5220,Apparel,1181,31.3,Prepaid_UPI,90,0,0,204.5,5,0,1,1
5221,Apparel,1792,0,COD,1488,34,8,267.6,5,1,3,0
5222,Home,2705,20.5,Prepaid_Card,966,22,4,208.7,4,1,2,0
5223,Apparel,833,23.9,COD,109,1,0,305.8,6,0,1,0
5224,Apparel,873,1.5,Prepaid_Card,442,12,1,247.5,3,1,2,0
5225,Electronics,32455,1.3,COD,408,7,0,189.4,11,1,4,0
5226,Electronics,13761,16.5,COD,148,2,0,103.3,6,0,,0
5227,Apparel,1125,22.1,COD,1249,27,4,27.7,4,1,3,0
5228,Apparel,1382,22.2,Prepaid_UPI,1812,39,5,323.8,4,1,3,0
5229,Apparel,2093,13.7,Prepaid_UPI,71,3,0,136,4,1,2,0
5230,Apparel,1830,13,Prepaid_UPI,363,9,3,247.4,4,0,3,0
5231,Footwear,1241,16.1,COD,239,7,0,103.1,6,1,4,0
5232,Beauty,2225,26.5,Wallet,584,14,4,381.2,5,1,5,0
5233,Electronics,38201,40.7,COD,9,0,0,371.8,8,1,,0
5234,Electronics,33841,0,Prepaid_UPI,314,6,1,143.3,2,1,3,0
5235,Home,4280,31.3,Prepaid_UPI,125,4,0,344,4,0,2,0
5236,Home,838,20.3,Prepaid_Card,437,9,0,379.6,2,1,4,0
5237,Apparel,1681,29.9,Prepaid_Card,140,3,0,486.1,3,0,2,0
5238,Apparel,1333,39.8,Prepaid_UPI,644,15,1,108.5,3,0,4,0
5239,Electronics,14768,10.7,Prepaid_UPI,39,1,0,192.4,6,0,5,1
5240,Home,377,36.2,COD,152,4,0,229.4,3,1,,0
5241,Apparel,816,3.2,Prepaid_UPI,175,2,0,202.7,8,1,2,0
5242,Apparel,1490,23.9,COD,482,13,0,532.3,8,0,,1
5243,Apparel,602,18.4,Prepaid_Card,261,4,0,309.9,6,0,3,0
5244,Apparel,1580,22.7,Prepaid_Card,802,19,5,131.8,2,0,2,0
5245,Electronics,37102,7.2,Prepaid_UPI,539,11,3,615.4,8,0,5,0
5246,Home,2750,28.6,Prepaid_Card,796,20,3,330.1,4,0,1,0
5247,Electronics,4791,45.8,COD,1007,24,4,196.7,4,0,2,1
5248,Apparel,651,7.4,Prepaid_Card,46,1,0,79.5,6,0,3,0
5249,Apparel,1044,24.8,COD,185,7,2,210.8,3,1,4,1
5250,Footwear,3754,34.8,Prepaid_Card,595,13,2,470,7,1,2,0
5251,Electronics,28981,17.5,Prepaid_Card,27,2,0,242.3,6,1,,0
5252,Apparel,1962,42.4,Prepaid_UPI,184,3,0,202.4,11,1,2,0
5253,Apparel,2190,15.6,COD,321,8,4,310.2,5,1,5,1
5254,Footwear,1310,20.3,COD,88,0,0,220.5,4,0,,0
5255,Footwear,3279,7.1,Prepaid_Card,327,7,2,355.7,9,1,2,0
5256,Footwear,2366,23.9,COD,169,4,0,392.4,1,0,4,1
5257,Home,4100,22,COD,35,3,0,142,5,0,1,1
5258,Electronics,15460,31.5,COD,231,4,1,434.5,4,0,,0
5259,Electronics,16202,12.5,Prepaid_Card,605,20,1,141.8,7,0,1,0
5260,Apparel,1617,11.8,COD,46,0,0,52.2,11,0,1,0
5261,Home,5080,28.9,Prepaid_Card,81,2,0,264.8,3,0,4,0
5262,Home,2752,43,Prepaid_UPI,203,5,0,545.4,7,0,5,1
5263,Apparel,613,31.4,Prepaid_Card,233,6,1,257.4,8,0,4,0
5264,Footwear,2813,49.7,COD,162,3,0,80.4,7,1,2,0
5265,Electronics,33586,30.3,COD,599,14,5,275.9,5,1,3,0
5266,Apparel,1406,29.8,COD,191,3,1,363.9,6,1,1,0
5267,Electronics,1360,32.2,Prepaid_Card,1371,34,16,368.4,2,0,3,0
5268,Footwear,1629,44.3,Prepaid_UPI,1023,21,1,428.8,8,0,4,0
5269,Beauty,1980,40.6,COD,270,6,1,270.5,2,1,,0
5270,Electronics,33724,5.7,COD,189,3,1,394.4,2,1,,1
5271,Beauty,174,34,COD,338,6,1,132.2,4,1,3,0
5272,Footwear,2381,26,COD,346,5,0,351.4,3,1,4,1
5273,Footwear,2249,19.1,Wallet,156,5,0,188,5,0,,0
5274,Footwear,3109,0,COD,253,4,0,484.5,4,0,,0
5275,Electronics,6674,0,COD,1350,28,8,267.1,3,0,1,0
5276,Footwear,2986,16.5,COD,13,0,0,49.5,2,0,,0
5277,Home,7591,0,COD,558,13,2,200.3,7,0,1,0
5278,Home,3162,16.8,COD,52,1,0,397,6,0,1,0
5279,Apparel,1007,32.7,COD,634,14,1,254,2,1,2,1
5280,Footwear,613,13.3,COD,811,16,4,78.5,6,1,3,1
5281,Beauty,285,23.3,COD,569,14,0,124.3,4,0,4,0
5282,Apparel,2077,6,Prepaid_Card,230,4,1,668.8,1,0,2,0
5283,Beauty,2442,26.5,Prepaid_Card,402,9,1,302.5,2,1,4,0
5284,Electronics,1447,29.6,COD,99,2,1,274.4,7,1,4,0
5285,Apparel,2021,0.7,Prepaid_UPI,221,2,0,219.7,7,0,4,0
5286,Apparel,713,10.7,COD,557,16,3,299,6,0,3,0
5287,Footwear,2745,3,Wallet,1003,23,2,321.7,3,0,5,0
5288,Home,5522,29.6,Wallet,553,13,5,94.3,6,1,5,1
5289,Apparel,1046,24.5,Prepaid_Card,164,4,1,198.4,6,0,4,0
5290,Home,4373,21.3,COD,125,7,0,150.6,1,1,3,0
5291,Electronics,28686,20.1,Prepaid_UPI,759,19,11,99.8,6,1,3,0
5292,Electronics,9694,26.8,COD,7,1,0,57.4,5,1,3,0
5293,Footwear,4477,27.1,COD,578,11,3,704.5,10,1,,0
5294,Home,1870,14.6,Prepaid_Card,2220,48,2,884.9,9,0,3,0
5295,Footwear,541,12.5,Prepaid_Card,81,0,0,695.3,4,1,4,0
5296,Home,7571,21.1,Prepaid_UPI,148,3,0,397.1,5,1,1,0
5297,Beauty,1158,19.2,Prepaid_UPI,399,10,2,285.3,5,1,4,0
5298,Apparel,1118,52.9,Prepaid_UPI,154,5,0,179.9,3,1,3,0
5299,Apparel,896,16.2,Prepaid_UPI,46,2,1,201.1,2,0,5,1
5300,Apparel,446,26.3,Prepaid_Card,37,0,0,107.4,3,1,1,0
5301,Home,2337,29,Prepaid_Card,114,4,0,230.8,4,1,5,0
5302,Home,3328,43,Wallet,116,4,0,73.8,7,1,,0
5303,Footwear,2581,9.8,Wallet,97,0,0,266.8,5,0,2,0
5304,Electronics,21245,42.1,Prepaid_UPI,1,1,0,112.1,3,0,2,0
5305,Apparel,1982,19.8,Prepaid_UPI,434,14,1,412.4,3,0,1,0
5306,Home,7317,59.5,Prepaid_Card,203,4,0,190.1,5,0,1,0
5307,Beauty,895,27.4,COD,132,0,0,474.2,4,1,1,0
5308,Apparel,2127,3.6,Prepaid_UPI,36,0,0,477.8,2,0,4,0
5309,Apparel,1957,19,COD,386,5,2,341.2,2,0,,1
5310,Apparel,2070,42,COD,121,1,0,520.6,8,0,2,0
5311,Electronics,32137,23.2,COD,176,1,0,258.5,4,1,3,0
5312,Apparel,757,21.1,Prepaid_Card,761,19,6,457.8,7,0,4,0
5313,Electronics,9751,32.8,Prepaid_Card,157,5,2,302,1,0,4,0
5314,Home,7297,16.8,COD,31,1,0,475.6,7,1,4,0
5315,Electronics,23409,18.8,COD,236,8,1,279.8,6,0,5,0
5316,Electronics,40202,7.8,COD,221,4,1,445.4,6,0,3,0
5317,Apparel,1697,47.9,COD,120,3,1,428.4,1,1,3,0
5318,Beauty,649,3.7,COD,4,4,0,277.8,5,0,1,0
5319,Electronics,18052,24.5,Prepaid_UPI,276,7,1,146.8,3,1,4,0
5320,Electronics,43591,29.2,COD,960,22,6,447.9,2,1,,1
5321,Apparel,435,21.8,COD,88,0,0,277.8,1,0,4,0
5322,Home,5802,3.2,COD,8,0,0,462.8,2,0,2,0
5323,Footwear,4415,7,Prepaid_Card,506,9,2,182.1,2,0,4,0
5324,Apparel,587,29.8,Prepaid_UPI,116,6,1,74.4,6,0,2,0
5325,Apparel,890,10.3,COD,254,3,0,63.8,3,0,1,0
5326,Apparel,1385,0,COD,819,20,6,144.3,4,1,4,1
5327,Home,6797,27.8,Prepaid_UPI,281,7,0,456.8,7,0,3,0
5328,Beauty,1340,8.9,COD,290,3,1,195.6,5,1,,1
5329,Electronics,3810,31.5,Prepaid_UPI,143,5,0,333.1,3,0,4,1
5330,Electronics,6771,19,Wallet,133,2,0,325.3,5,1,5,0
5331,Footwear,2004,18.3,Prepaid_Card,193,2,0,51.1,3,1,4,0
5332,Footwear,1790,22.8,Wallet,219,6,1,348.2,1,0,4,0
5333,Apparel,795,4.9,COD,133,1,0,340.6,5,1,5,0
5334,Apparel,1912,9.6,COD,474,10,1,148.1,6,0,1,0
5335,Electronics,2377,18.1,COD,546,11,0,300.9,4,1,3,1
5336,Footwear,3817,4.8,COD,28,0,0,519.7,4,0,4,0
5337,Home,7397,32.7,COD,172,1,0,256.6,4,1,3,0
5338,Home,5152,17.4,Prepaid_Card,262,7,1,403.2,8,0,2,0
5339,Footwear,3001,0.3,Prepaid_Card,250,6,1,227.7,5,1,5,0
5340,Apparel,668,13.6,COD,731,17,5,686.8,4,1,2,0
5341,Electronics,26092,23.5,Prepaid_Card,165,3,1,132.3,7,1,3,1
5342,Apparel,1075,15.3,COD,607,14,1,280.4,7,0,2,0
5343,Footwear,1416,28,COD,73,0,0,88.2,5,0,1,1
5344,Home,4792,30.6,COD,2224,48,1,321.3,7,1,,0
5345,Apparel,402,58,Prepaid_UPI,213,8,1,62,6,1,3,0
5346,Apparel,898,39.3,Prepaid_Card,1032,25,1,238.2,5,1,3,0
5347,Footwear,3124,0,Prepaid_UPI,904,19,2,569.4,7,1,5,0
5348,Footwear,2320,16.6,COD,62,0,0,401.5,2,0,,0
5349,Home,1421,18,Prepaid_Card,762,14,3,100.3,2,1,2,0
5350,Apparel,402,30.6,Wallet,539,11,1,491.7,6,0,4,0
5351,Beauty,786,8,COD,160,4,1,235.2,3,0,4,0
5352,Footwear,2696,14,COD,713,16,4,217.7,6,0,1,1
5353,Home,4416,3.3,COD,604,14,3,206.6,5,1,5,0
5354,Home,1309,13,COD,1788,40,1,196.1,9,1,3,1
5355,Beauty,1592,13.5,Prepaid_Card,9,0,0,126.2,2,1,5,0
5356,Beauty,2497,17.3,COD,627,17,3,189.6,7,1,3,0
5357,Home,4803,4.2,Prepaid_Card,63,1,0,230.4,3,1,1,0
5358,Electronics,24311,36.7,Wallet,6,1,0,55.5,5,1,,0
5359,Electronics,28471,29.1,COD,803,17,1,158.5,6,0,1,0
5360,Footwear,4019,0.3,COD,703,16,4,366.7,5,1,2,1
5361,Home,7584,22.4,Prepaid_UPI,343,12,0,230.1,6,1,1,0
5362,Apparel,474,0,Prepaid_Card,208,3,0,402.2,5,1,1,0
5363,Apparel,769,42.1,Prepaid_UPI,1510,31,9,80.7,4,1,2,0
5364,Beauty,422,46.2,COD,485,9,1,78.2,6,0,2,0
5365,Footwear,3589,21.2,Prepaid_Card,223,4,0,286.6,7,1,4,0
5366,Beauty,257,9.2,Wallet,820,17,5,143.8,4,0,3,1
5367,Electronics,40735,12,COD,522,10,2,153.8,3,0,5,1
5368,Footwear,582,15.2,Prepaid_UPI,869,19,5,189,5,1,1,1
5369,Footwear,2910,20.4,Prepaid_Card,269,9,2,160.7,5,1,2,0
5370,Apparel,896,42.6,Prepaid_UPI,51,1,0,202.3,1,1,5,0
5371,Apparel,1247,36.3,COD,732,16,3,314.2,5,1,5,0
5372,Beauty,1188,36.6,Prepaid_Card,1460,33,4,869.3,3,0,4,0
5373,Apparel,1748,24.6,COD,28,2,1,161.7,1,0,,1
5374,Home,4124,4.7,Wallet,19,3,1,458.5,5,0,1,0
5375,Home,3543,10.4,COD,430,10,3,42.7,2,0,5,1
5376,Home,5923,22.9,COD,72,2,0,217.2,7,0,2,1
5377,Apparel,2066,4,Prepaid_UPI,121,1,0,255.2,6,1,5,1
5378,Footwear,3676,26.6,COD,1117,26,2,158.3,5,0,1,0
5379,Apparel,1726,34.1,Prepaid_Card,99,1,0,205.1,8,1,5,0
5380,Footwear,2451,30.2,COD,116,1,0,236.3,7,1,5,0
5381,Apparel,2020,29.6,Prepaid_Card,328,8,1,126.5,3,0,3,0
5382,Home,4045,0,COD,393,12,1,296.9,7,1,2,0
5383,Footwear,4221,42,Prepaid_Card,755,18,2,279.7,3,1,1,0
5384,Apparel,1845,0,Prepaid_Card,8,0,0,223.2,7,0,5,0
5385,Apparel,670,19.7,COD,75,0,0,213.8,4,1,5,0
5386,Footwear,688,31.3,COD,2,3,1,368.8,2,0,5,0
5387,Apparel,1734,27.4,COD,1,0,0,341.9,5,0,5,0
5388,Apparel,1635,2.8,Prepaid_UPI,10,0,0,161.7,3,0,2,0
5389,Electronics,27571,5.5,COD,169,5,0,465.3,7,1,4,1
5390,Beauty,2444,26.3,COD,91,1,0,285,7,1,5,1
5391,Home,4500,29.7,COD,609,12,2,207.8,1,0,,0
5392,Electronics,16438,5.4,Prepaid_Card,243,4,1,467.5,4,1,2,0
5393,Beauty,1478,27.9,Prepaid_UPI,85,1,0,73,6,1,3,0
5394,Electronics,2444,0,Prepaid_Card,565,10,2,155.9,5,1,2,0
5395,Electronics,26572,31.4,Prepaid_UPI,715,13,2,482.1,5,0,4,0
5396,Electronics,40726,8.7,Prepaid_UPI,186,6,1,291.7,5,1,5,0
5397,Apparel,408,23.2,Prepaid_UPI,334,9,1,315,1,0,1,0
5398,Electronics,38224,20.7,Prepaid_UPI,626,12,1,231.6,8,1,3,0
5399,Home,6475,39.4,COD,532,14,1,141,6,0,2,1
5400,Apparel,591,25.6,Wallet,1678,38,2,225.1,3,1,4,0
5401,Home,6821,13,Prepaid_UPI,446,9,1,355.6,3,1,3,0
5402,Apparel,1774,27.4,Prepaid_Card,463,8,0,228.2,6,1,3,1
5403,Electronics,22708,54.1,COD,174,5,0,354.5,5,0,,1
5404,Apparel,841,33.1,COD,820,22,1,300.2,5,1,3,0
5405,Home,2518,21.1,Prepaid_Card,627,14,1,152.1,6,1,3,0
5406,Footwear,2949,9.5,COD,276,8,0,300.1,5,1,,0
5407,Electronics,11988,12.8,Prepaid_UPI,154,3,0,384.1,1,1,2,0
5408,Apparel,986,32.2,COD,331,9,1,123.3,4,1,1,1
5409,Apparel,2076,8.7,Prepaid_Card,317,7,1,194,6,0,1,0
5410,Footwear,3417,22,COD,43,0,0,214.5,6,0,,0
5411,Apparel,1725,43.6,COD,460,9,2,275.4,3,0,3,0
5412,Footwear,4324,24.3,COD,192,5,0,592.8,4,1,,0
5413,Electronics,1454,5.8,Prepaid_UPI,552,14,2,145.7,7,0,3,0
5414,Apparel,840,54.7,Prepaid_Card,1011,22,2,209,8,1,2,0
5415,Footwear,3132,48.4,Wallet,822,18,2,152.5,5,1,3,0
5416,Electronics,20396,29.5,Prepaid_UPI,35,0,0,73.2,6,1,4,0
5417,Apparel,603,41.1,Prepaid_UPI,106,5,0,335.5,5,0,5,0
5418,Beauty,1986,18,Prepaid_Card,291,9,0,576.2,6,0,1,0
5419,Apparel,485,32.9,Prepaid_UPI,124,1,0,354.5,4,1,4,0
5420,Electronics,25021,15.6,Wallet,12,0,0,131.8,3,1,4,0
5421,Electronics,25836,1.7,Prepaid_UPI,163,0,0,132.4,9,1,4,0
5422,Electronics,29055,60.9,COD,261,7,1,205.8,8,1,4,1
5423,Footwear,1763,0.9,Prepaid_Card,311,7,1,161.3,5,1,3,0
5424,Apparel,442,26.5,COD,805,16,0,140.9,5,1,1,1
5425,Beauty,2239,26.3,COD,228,6,0,400.7,5,1,,1
5426,Home,7455,29.7,Prepaid_UPI,109,0,0,413.8,5,1,,0
5427,Beauty,1283,20.7,Prepaid_UPI,625,15,1,190.4,5,1,1,0
5428,Footwear,583,20.8,COD,17,0,0,410.3,7,1,4,0
5429,Beauty,1515,24.1,COD,75,0,0,407.7,2,0,1,0
5430,Home,2733,29.2,Prepaid_UPI,751,16,0,125.5,3,1,4,0
5431,Electronics,9193,22,COD,33,0,0,229.8,7,1,,0
5432,Electronics,8600,21,COD,423,10,2,85.8,5,1,,0
5433,Home,1680,2.2,Prepaid_UPI,336,10,0,148.1,7,1,5,0
5434,Electronics,15691,52.2,Prepaid_UPI,1058,26,3,477.6,5,1,3,0
5435,Footwear,1622,30,Prepaid_Card,59,2,1,562.7,5,1,1,0
5436,Apparel,1906,25.1,Prepaid_Card,625,14,2,301.3,4,1,3,0
5437,Footwear,2481,12.6,COD,195,3,0,411.2,8,1,2,1
5438,Apparel,1170,6.9,COD,119,0,0,169.7,7,1,,1
5439,Beauty,493,34.9,Prepaid_UPI,687,15,2,166.1,2,0,4,0
5440,Apparel,1977,19.6,Prepaid_UPI,285,5,0,328.4,6,0,2,0
5441,Apparel,499,31.3,COD,36,3,1,209.2,7,0,3,1
5442,Footwear,1458,1.7,COD,264,5,0,55.9,5,0,2,0
5443,Footwear,2986,45.2,COD,451,12,3,202.7,6,1,1,1
5444,Footwear,3309,35.5,COD,1546,33,10,451,7,1,,1
5445,Beauty,2033,20.8,COD,58,0,0,229.3,4,0,,1
5446,Apparel,1139,29,COD,381,10,0,419.6,5,0,5,0
5447,Footwear,1887,33.1,Prepaid_UPI,364,9,3,70.6,4,1,4,0
5448,Electronics,13839,1.9,COD,131,4,0,241.3,6,1,,0
5449,Electronics,26083,47.2,Prepaid_UPI,679,15,1,189.5,3,0,4,0
5450,Electronics,16470,29.2,Prepaid_Card,144,5,1,99.6,6,1,3,0
5451,Apparel,991,11.4,Prepaid_UPI,75,3,0,232.7,8,0,2,1
5452,Home,430,5.6,Wallet,664,10,2,199.8,3,1,1,0
5453,Footwear,4293,36.8,COD,1225,27,5,520.5,8,1,2,1
5454,Apparel,509,25.2,COD,78,4,1,458.8,5,0,1,0
5455,Beauty,787,29.2,Prepaid_UPI,12,0,0,210.1,3,0,3,0
5456,Electronics,41558,22.4,COD,653,11,3,220.3,4,1,4,0
5457,Apparel,1724,7,COD,80,2,0,156.6,5,0,2,0
5458,Home,4752,29.6,COD,151,4,1,113.3,4,1,,0
5459,Apparel,1589,19,Prepaid_UPI,327,6,0,264.9,7,0,2,0
5460,Apparel,575,21.7,COD,534,14,3,63.8,4,0,3,1
5461,Home,6527,57.7,Prepaid_Card,207,8,1,181.2,5,1,4,0
5462,Apparel,850,35,Prepaid_Card,49,0,0,110.4,9,0,4,0
5463,Apparel,2121,35.9,Prepaid_Card,115,2,0,309.3,4,1,,0
5464,Footwear,1425,62.8,COD,581,8,2,379.5,4,1,5,1
5465,Apparel,1526,27.8,Prepaid_UPI,32,2,0,224.4,4,1,4,0
5466,Footwear,2681,23.8,Prepaid_UPI,353,6,0,198.9,7,1,,1
5467,Footwear,1072,11.8,Prepaid_Card,229,4,2,400.6,4,0,,0
5468,Apparel,1053,15.2,COD,279,8,1,158.2,5,1,1,1
5469,Electronics,35421,0,Prepaid_UPI,349,5,1,391,3,1,2,0
5470,Apparel,783,33.9,Prepaid_UPI,682,12,2,290.6,4,0,3,1
5471,Home,7714,3,COD,347,3,0,232.6,7,1,5,0
5472,Apparel,932,35.5,COD,578,15,2,507.4,1,0,1,0
5473,Beauty,1623,21.4,COD,9,2,0,395.4,1,0,4,0
5474,Apparel,1514,23.9,COD,420,9,1,96.3,4,1,3,0
5475,Home,3925,21.4,COD,185,2,1,184.7,4,1,,1
5476,Apparel,1580,42.8,COD,442,11,1,117.8,4,0,3,0
5477,Apparel,1738,40.1,COD,124,8,0,203.1,4,1,3,0
5478,Electronics,28312,21.6,Prepaid_UPI,489,10,1,434.2,5,1,3,1
5479,Home,4612,8.5,Prepaid_UPI,1016,20,2,360.7,4,0,3,0
5480,Beauty,1576,35.9,Prepaid_UPI,216,7,0,101.8,8,0,4,0
5481,Apparel,1124,7.4,Prepaid_Card,517,9,1,163.3,6,0,3,0
5482,Apparel,528,0,Prepaid_Card,64,1,0,189.9,4,0,2,0
5483,Electronics,8195,29.5,COD,352,3,0,287.2,7,0,2,0
5484,Electronics,27774,40.3,Prepaid_UPI,153,3,0,306,1,0,4,1
5485,Footwear,4209,15.9,COD,158,1,0,66.5,5,1,1,0
5486,Beauty,210,28.1,Prepaid_Card,54,4,1,450.8,7,0,4,0
5487,Footwear,2676,15.8,Wallet,581,11,1,196.8,3,1,1,0
5488,Apparel,854,32.8,Prepaid_UPI,325,9,2,414.6,6,0,2,0
5489,Electronics,25804,38.4,COD,942,21,4,98.6,3,1,5,0
5490,Footwear,3499,18.1,Prepaid_UPI,488,11,0,80.5,5,0,2,0
5491,Apparel,1724,6.6,COD,153,4,0,297.7,2,1,2,0
5492,Home,5882,0.1,COD,72,1,0,174.4,7,1,1,0
5493,Apparel,1802,35.9,COD,423,8,0,207.6,5,1,5,0
5494,Electronics,4380,5,COD,539,10,1,200.4,5,0,,1
5495,Footwear,2538,27.6,Prepaid_UPI,462,11,1,283.7,4,1,2,0
5496,Apparel,871,33.7,COD,520,8,2,270.5,7,0,4,1
5497,Beauty,2315,14.5,COD,300,10,2,331.6,5,1,,0
5498,Apparel,1809,19.5,Wallet,375,9,0,486.9,7,0,1,1
5499,Apparel,594,37,Prepaid_Card,25,0,0,671.5,3,1,1,1
5500,Apparel,838,9.9,COD,220,5,2,419,6,0,,0
5501,Apparel,1219,8.4,Prepaid_Card,410,8,0,369.2,8,1,3,0
5502,Electronics,43375,18.5,Prepaid_Card,33,0,0,233.6,8,0,4,0
5503,Apparel,597,41.2,Prepaid_Card,545,10,1,34.6,1,1,3,0
5504,Home,4673,46.2,Prepaid_Card,806,19,2,169.3,5,0,1,0
5505,Footwear,1865,20.5,Prepaid_UPI,209,4,0,301.5,1,1,,0
5506,Electronics,29510,11.3,COD,423,10,1,69,4,0,4,0
5507,Apparel,1568,38,Prepaid_Card,77,5,1,322.1,3,1,4,0
5508,Electronics,11738,0,COD,530,10,1,86.5,6,0,2,0
5509,Footwear,3643,25.7,Prepaid_UPI,371,8,1,159.6,4,1,2,0
5510,Home,1003,21.3,COD,195,1,0,195.6,3,1,3,0
5511,Apparel,1873,41.4,COD,139,4,0,133.2,6,0,1,0
5512,Electronics,10484,42.9,Wallet,72,2,0,161.1,2,0,1,0
5513,Electronics,27024,7.9,Prepaid_Card,13,0,0,315.1,3,1,4,0
5514,Electronics,16412,24.5,COD,340,7,0,343.8,4,1,,0
5515,Apparel,1498,13.4,COD,146,2,0,349.8,4,0,,0
5516,Beauty,778,17.6,COD,620,19,5,340.1,5,0,3,0
5517,Apparel,1424,31.3,Wallet,343,8,0,410.9,5,1,2,0
5518,Apparel,415,17,Prepaid_Card,6,1,0,400.6,3,1,5,1
5519,Apparel,1074,24.9,COD,245,3,0,444.9,5,0,3,0
5520,Home,6663,36.4,Prepaid_Card,570,14,2,306.4,5,0,3,0
5521,Electronics,21480,44.7,COD,129,3,0,422.2,5,0,3,1
5522,Apparel,1299,26.3,COD,229,6,1,552.7,1,0,2,1
5523,Electronics,28425,23.8,Prepaid_UPI,18,2,0,117.8,6,1,2,0
5524,Home,3643,5.4,COD,766,17,2,345.6,6,0,3,0
5525,Apparel,1961,45.8,Prepaid_UPI,195,3,0,96.2,6,0,,1
5526,Beauty,1098,29.4,Prepaid_UPI,108,0,0,284.9,5,1,1,0
5527,Apparel,2097,24,COD,542,11,2,150.9,7,1,1,1
5528,Apparel,1978,23.3,Prepaid_UPI,62,0,0,419.7,6,1,3,1
5529,Beauty,1140,27.4,Prepaid_UPI,105,0,0,328.4,4,1,2,0
5530,Footwear,1963,33.6,Prepaid_Card,35,4,1,361.5,4,0,2,0
5531,Electronics,30836,35.4,Prepaid_Card,1474,35,4,191.7,3,0,5,0
5532,Footwear,3521,46.2,COD,92,0,0,519.8,2,1,4,0
5533,Electronics,9341,25.6,COD,134,3,0,216.1,6,0,3,0
5534,Electronics,11758,48.3,Prepaid_UPI,667,13,3,143.9,4,1,5,0
5535,Footwear,1085,37.9,COD,497,12,0,188.8,6,0,1,0
5536,Footwear,3543,21.1,COD,914,19,2,138,9,1,4,0
5537,Apparel,1686,0,Prepaid_Card,390,8,1,176.4,7,0,5,0
5538,Home,1756,23.3,COD,292,8,1,213.3,2,1,,0
5539,Electronics,24715,45.4,Prepaid_UPI,179,6,1,483.3,3,0,5,1
5540,Apparel,1776,10.4,Prepaid_UPI,391,12,0,90,6,0,5,0
5541,Beauty,2376,23.2,Prepaid_UPI,20,0,0,170.3,5,1,4,0
5542,Home,1675,24.5,COD,24,0,0,346.6,7,1,2,0
5543,Home,2643,36.1,Prepaid_Card,70,3,0,255.6,4,1,3,0
5544,Home,2982,16.2,Prepaid_UPI,411,11,0,350.5,2,1,2,0
5545,Home,5112,9,COD,275,7,0,579.1,2,1,4,0
5546,Apparel,646,30.6,Prepaid_UPI,1546,33,3,236.1,7,1,1,0
5547,Beauty,605,10.8,Prepaid_Card,296,4,0,135.3,5,0,4,0
5548,Home,6309,0,COD,346,9,2,231.7,6,1,5,0
5549,Home,4474,49.6,COD,359,6,0,188,4,1,4,0
5550,Electronics,8225,35.9,Prepaid_Card,691,15,5,184.8,3,0,1,0
5551,Apparel,1099,50.3,COD,1510,39,2,137.7,6,1,1,0
5552,Apparel,642,35.1,Prepaid_UPI,231,9,4,442.2,2,0,5,0
5553,Electronics,17086,32.2,Prepaid_Card,6,2,0,87.7,6,0,2,0
5554,Apparel,1120,27.5,COD,676,14,1,394.4,8,0,4,0
5555,Home,1163,19.2,Prepaid_UPI,382,7,1,348,1,0,4,0
5556,Footwear,739,29.7,Prepaid_Card,748,18,1,70.4,2,1,5,0
5557,Apparel,1987,13.7,COD,553,15,1,290.3,4,1,1,0
5558,Electronics,40079,6,Wallet,206,4,1,105.4,3,0,3,0
5559,Home,320,17,Prepaid_UPI,512,10,1,229.3,4,1,3,0
5560,Apparel,1554,41.4,Prepaid_Card,103,2,0,225.9,9,0,2,1
5561,Beauty,370,3.5,Prepaid_UPI,1007,20,5,154.9,3,1,5,0
5562,Electronics,36684,3.8,Prepaid_Card,1321,27,5,220.5,4,1,3,0
5563,Apparel,1983,30.9,Prepaid_Card,93,0,0,491.5,2,1,5,0
5564,Apparel,1510,15.8,COD,1090,25,10,92,1,0,5,1
5565,Beauty,1591,29.3,COD,972,22,3,208.4,5,0,2,0
5566,Apparel,1069,36.8,Prepaid_Card,12,3,0,93.5,1,1,3,0
5567,Home,2221,28.9,Prepaid_Card,407,6,0,676.8,2,0,2,0
5568,Apparel,1299,12.5,Prepaid_UPI,655,12,0,159.9,5,1,,0
5569,Apparel,641,41.2,Prepaid_Card,818,19,4,149.9,6,0,1,0
5570,Footwear,3189,33.1,Prepaid_Card,1123,23,0,736.4,3,0,3,0
5571,Apparel,1246,22.4,Prepaid_UPI,1497,32,6,318.7,3,0,1,0
5572,Apparel,720,21.7,Wallet,193,6,1,410.2,1,1,1,0
5573,Electronics,26968,27.6,COD,306,6,0,50.2,6,1,,0
5574,Footwear,3681,17.3,Wallet,5,0,0,386.1,5,1,4,0
5575,Electronics,26989,0,Prepaid_UPI,34,0,0,171.4,5,0,2,1
5576,Apparel,1353,33.3,COD,101,2,0,346.2,2,0,4,0
5577,Beauty,2142,32.4,COD,273,7,2,365.3,6,1,5,1
5578,Home,383,0,COD,663,12,1,72.2,3,1,2,0
5579,Footwear,2967,29.7,Prepaid_UPI,28,0,0,97.6,6,1,5,0
5580,Footwear,2139,48.3,Prepaid_Card,442,12,1,116.1,3,1,,1
5581,Home,1790,5.1,Prepaid_Card,1536,38,10,367.9,5,1,4,0
5582,Electronics,44106,20.9,Prepaid_UPI,2015,42,11,99.7,3,1,4,0
5583,Electronics,18887,19.3,COD,685,16,1,73.7,7,0,1,0
5584,Home,2882,46.9,COD,142,3,0,126.2,2,1,2,1
5585,Home,1601,38.8,Prepaid_UPI,520,11,1,57.9,5,0,3,0
5586,Beauty,2495,8.8,Wallet,152,2,1,231.7,2,0,3,0
5587,Home,6892,27.1,Prepaid_UPI,341,9,2,156.6,4,0,4,0
5588,Apparel,526,56.5,COD,496,12,0,127.5,6,1,3,0
5589,Electronics,25980,12.6,COD,240,10,2,470.4,2,0,1,0
5590,Home,1435,21.8,COD,312,4,1,229.6,6,0,,1
5591,Electronics,32551,29.7,Prepaid_Card,937,17,1,262.3,6,1,1,0
5592,Footwear,2436,12.8,COD,589,17,3,218.8,1,1,,1
5593,Home,1150,48.4,Wallet,1138,25,4,301.3,6,0,4,0
5594,Apparel,1403,14.9,Prepaid_UPI,65,1,0,437.1,7,1,3,0
5595,Home,7312,1.2,COD,947,21,6,237.8,3,0,2,0
5596,Home,2927,14.1,COD,100,0,0,339.5,3,1,,0
5597,Beauty,269,31.8,COD,12,1,0,239.1,1,0,2,0
5598,Electronics,42600,10,Prepaid_Card,652,14,1,170.9,2,0,4,0
5599,Home,1392,26.5,Prepaid_UPI,150,5,0,293.1,7,0,2,0
5600,Electronics,22007,30.4,COD,81,4,0,524.7,4,0,3,0
5601,Electronics,25057,3.9,Prepaid_UPI,199,6,1,394,6,1,2,0
5602,Apparel,827,13.5,COD,132,3,1,95.7,3,1,1,1
5603,Footwear,1210,27.2,COD,1079,27,0,302.5,4,0,2,0
5604,Beauty,416,32.5,Wallet,53,2,0,127.5,7,0,3,1
5605,Home,839,13.9,COD,40,0,0,271.9,7,0,3,0
5606,Home,4213,24.3,COD,195,3,1,83.4,5,0,,0
5607,Apparel,1916,17.7,Prepaid_Card,120,1,0,259.7,4,0,5,0
5608,Home,1276,32.9,COD,172,5,0,141.2,3,0,5,1
5609,Electronics,31887,29.8,COD,65,0,0,244.3,6,0,,0
5610,Home,3477,16.4,COD,726,16,2,187.1,4,0,,0
5611,Apparel,463,29.2,COD,294,5,2,205.5,7,0,2,0
5612,Home,4427,15.8,Prepaid_Card,57,0,0,536.4,1,0,2,0
5613,Apparel,854,28.9,COD,519,9,1,271.9,4,1,2,0
5614,Home,4960,29.1,Prepaid_UPI,220,5,0,214.3,4,0,4,0
5615,Home,2990,57.6,Prepaid_UPI,575,14,0,469.3,6,1,1,0
5616,Apparel,1600,17,COD,114,1,0,401.1,2,0,3,0
5617,Electronics,41430,19.9,COD,339,3,0,148.1,4,0,5,0
5618,Footwear,1478,12.3,COD,12,7,1,517.1,7,1,2,0
5619,Home,7537,6.5,COD,2199,51,13,87.4,5,0,3,0
5620,Apparel,768,15.2,COD,441,12,0,141.2,5,1,2,1
5621,Electronics,4296,32,Prepaid_UPI,2056,49,2,284.8,3,1,4,0
5622,Apparel,747,33.1,COD,324,7,1,296.9,4,0,4,0
5623,Home,6575,26.4,Prepaid_Card,1,0,0,498.6,2,1,3,0
5624,Home,5517,17.6,Prepaid_UPI,699,18,3,217.3,7,1,4,1
5625,Apparel,2148,14.6,Prepaid_UPI,632,17,2,512.8,5,1,2,0
5626,Home,5766,8.2,COD,72,3,0,771.3,5,1,4,0
5627,Footwear,2151,13.6,COD,233,7,2,166.3,5,0,,0
5628,Footwear,4070,2.6,Wallet,334,5,1,235,7,0,2,0
5629,Apparel,2125,42.4,COD,759,16,7,144.3,9,0,3,0
5630,Apparel,1825,49.6,Prepaid_UPI,762,20,2,151.9,5,1,3,1
5631,Electronics,25581,0,Prepaid_UPI,200,6,0,252.9,5,1,3,1
5632,Apparel,1886,26.3,Prepaid_Card,21,0,0,183.6,5,1,1,0
5633,Electronics,9042,26.1,COD,233,4,0,151.8,8,0,3,0
5634,Apparel,2021,25.1,COD,223,8,0,172.7,6,0,,0
5635,Apparel,2199,13.1,Prepaid_Card,157,4,0,164.9,5,1,2,0
5636,Home,5422,37.3,Prepaid_Card,1129,25,1,273.6,6,0,2,0
5637,Apparel,753,28.2,Prepaid_UPI,1322,30,11,113,5,1,2,0
5638,Home,1412,37.5,Prepaid_UPI,581,13,8,367.8,1,1,2,0
5639,Apparel,2127,10.9,Wallet,4,0,0,394.8,7,0,4,0
5640,Home,7009,1.3,Wallet,1,0,0,34.9,3,0,2,0
5641,Electronics,33992,28.5,Prepaid_UPI,949,23,1,378.1,4,1,1,0
5642,Footwear,4296,7.6,COD,914,21,3,177.8,3,1,1,0
5643,Footwear,2514,37.8,COD,76,3,1,179.1,4,1,3,1
5644,Electronics,40083,0,Prepaid_Card,10,1,0,283.6,5,0,3,0
5645,Home,1554,15,Prepaid_Card,932,24,4,178,7,0,5,0
5646,Apparel,729,12.8,COD,987,23,4,262.4,4,0,3,1
5647,Home,4245,17,Prepaid_Card,272,8,1,257.9,8,1,3,0
5648,Apparel,999,25.9,COD,154,4,3,236.4,1,1,1,1
5649,Electronics,20144,27.9,COD,974,20,6,360.2,2,1,,0
5650,Apparel,1837,31.6,Prepaid_UPI,12,0,0,260.2,3,1,2,1
5651,Footwear,714,33.3,Prepaid_Card,473,12,2,104.1,6,0,1,0
5652,Electronics,32773,19.4,Prepaid_Card,186,5,1,330.9,2,1,5,0
5653,Home,979,53.6,Prepaid_Card,80,5,0,83.8,2,0,1,0
5654,Electronics,38321,42.8,Prepaid_Card,315,6,1,570.2,8,1,3,0
5655,Apparel,763,17.3,COD,47,1,0,135.5,4,1,2,0
5656,Apparel,1723,19.9,Prepaid_Card,142,3,1,138.1,8,1,3,0
5657,Beauty,1541,17,COD,748,20,5,533.6,7,1,3,1
5658,Footwear,2042,27.4,Prepaid_Card,654,15,2,216.2,6,0,3,1
5659,Apparel,882,7.4,COD,372,9,1,197.6,7,1,,0
5660,Footwear,730,10.2,Wallet,66,1,0,21.7,4,1,2,0
5661,Electronics,16678,0,Prepaid_UPI,431,9,2,189.2,2,0,1,0
5662,Apparel,761,16,COD,243,3,0,219,6,1,1,1
5663,Electronics,7153,38,COD,242,3,0,504.1,4,0,5,0
5664,Apparel,1729,19.7,COD,282,7,1,178.1,6,1,4,1
5665,Apparel,783,20.6,Prepaid_UPI,252,6,0,511.9,6,1,5,0
5666,Home,2018,26.2,Prepaid_Card,87,2,1,272.9,3,1,4,0
5667,Apparel,1013,7,Prepaid_UPI,30,3,0,451,3,1,2,0
5668,Footwear,2351,22.4,Prepaid_UPI,140,3,0,179.3,4,1,4,0
5669,Home,4256,35.4,Prepaid_Card,168,3,0,419.2,7,0,3,0
5670,Footwear,3158,26.6,Prepaid_UPI,108,2,0,129.6,3,0,2,0
5671,Home,4832,36.7,Prepaid_Card,15,1,0,273.5,9,1,3,0
5672,Footwear,2427,41,Prepaid_Card,371,7,0,124.8,1,0,3,1
5673,Electronics,18455,31.9,Prepaid_Card,338,10,1,163.9,8,1,3,0
5674,Home,2347,11.3,Prepaid_UPI,19,0,0,120.8,5,1,3,0
5675,Electronics,32295,16.8,COD,410,10,0,435.2,6,0,1,0
5676,Beauty,896,51,COD,465,9,1,266.2,6,0,4,0
5677,Apparel,1929,26.7,COD,99,4,0,369.6,1,1,2,0
5678,Home,4813,24.7,Wallet,64,4,0,373.5,4,0,4,0
5679,Footwear,3036,9.1,Prepaid_Card,398,6,1,115.3,4,1,,0
5680,Electronics,23485,20.6,COD,390,9,3,307.7,7,0,2,1
5681,Footwear,4214,32.7,COD,64,1,0,616.9,4,0,,0
5682,Electronics,19666,22.2,Prepaid_Card,197,5,1,218.7,8,0,4,0
5683,Apparel,1169,14.2,Prepaid_UPI,414,10,1,284.5,9,0,3,0
5684,Home,7176,17.7,Wallet,608,9,2,451.9,6,0,4,0
5685,Electronics,27695,39.9,Prepaid_UPI,184,6,1,200.1,5,1,1,0
5686,Apparel,1208,32,Prepaid_UPI,475,13,2,394.8,2,0,4,0
5687,Apparel,872,30,COD,859,22,4,332.5,6,0,1,1
5688,Apparel,841,28.6,COD,146,1,0,252.1,4,0,4,0
5689,Footwear,3706,4.3,Prepaid_Card,214,5,1,287.7,8,1,2,1
5690,Footwear,1618,26.1,Prepaid_Card,257,5,1,127.5,1,1,,0
5691,Home,344,38,COD,518,8,1,696.3,3,1,4,0
5692,Apparel,435,18.1,Prepaid_UPI,71,0,0,215.1,7,1,3,0
5693,Electronics,44054,36.7,COD,369,6,1,293,8,0,1,1
5694,Footwear,2739,30.2,COD,658,15,1,106.3,6,0,4,0
5695,Footwear,2456,34.4,COD,71,0,0,338.9,7,0,4,1
5696,Apparel,2052,22.8,Prepaid_UPI,228,3,0,234,5,0,1,0
5697,Apparel,1033,35.3,Prepaid_UPI,184,3,0,278.3,8,1,3,0
5698,Beauty,2018,0,Prepaid_Card,350,9,1,187.3,5,0,3,0
5699,Footwear,3387,22.5,Prepaid_UPI,547,18,1,338.3,6,0,2,0
5700,Apparel,1259,32.7,Prepaid_UPI,72,2,0,372,5,1,5,0
5701,Footwear,3599,26.4,COD,1761,37,9,179.2,4,0,3,1
5702,Apparel,2138,38.4,Prepaid_UPI,71,0,0,135.4,6,1,2,0
5703,Apparel,761,19.6,COD,460,12,1,140.4,5,1,4,0
5704,Footwear,570,13.8,Prepaid_Card,196,2,1,463,6,0,2,0
5705,Electronics,37180,0,COD,166,6,1,168.9,1,0,1,1
5706,Electronics,18877,17.9,Prepaid_Card,32,1,0,425.9,3,1,3,0
5707,Beauty,1429,29.8,Prepaid_Card,819,18,1,257.4,3,0,4,0
5708,Footwear,1390,33.4,COD,198,1,0,201.4,1,0,,0
5709,Apparel,1915,1,Prepaid_Card,488,13,4,70.8,3,1,1,0
5710,Home,5853,39.6,Prepaid_Card,154,2,0,611.9,6,0,2,0
5711,Footwear,4313,7.4,Prepaid_Card,38,1,0,245.7,5,1,3,1
5712,Home,3959,20.2,COD,917,20,5,193,7,1,,0
5713,Beauty,2445,13.5,COD,159,0,0,254,7,0,2,0
5714,Home,4234,28.3,COD,305,6,1,278.5,7,0,,0
5715,Apparel,1519,23.4,Prepaid_UPI,437,7,1,165.1,5,1,4,1
5716,Apparel,1613,32.2,Prepaid_UPI,2289,50,4,206.6,8,1,2,0
5717,Footwear,2459,49.7,COD,548,13,7,122.4,3,1,4,1
5718,Beauty,1473,28,Prepaid_UPI,234,7,1,169.1,7,0,4,0
5719,Apparel,802,13.3,Prepaid_Card,230,5,1,235.3,7,1,,0
5720,Apparel,1052,28.9,Wallet,534,10,2,106,6,1,5,1
5721,Footwear,3308,51.2,COD,19,0,0,218.7,5,0,3,0
5722,Apparel,470,31.8,Prepaid_Card,340,6,2,206.8,3,1,1,0
5723,Apparel,1661,36.2,Prepaid_Card,378,4,1,176.5,5,0,2,0
5724,Footwear,1715,0,COD,118,3,0,390.6,1,1,2,0
5725,Footwear,1587,27.8,COD,609,10,1,124.6,7,1,2,1
5726,Footwear,3274,18,COD,893,20,3,255.6,4,1,5,0
5727,Home,1955,11.8,Prepaid_Card,375,5,2,169.6,4,1,4,0
5728,Electronics,43322,21.7,Prepaid_UPI,60,0,0,263.3,1,1,1,0
5729,Beauty,2478,23.6,Prepaid_UPI,336,9,2,257.7,2,0,2,0
5730,Apparel,1225,12.6,COD,116,3,1,716.3,10,1,1,0
5731,Apparel,1123,24.8,Prepaid_UPI,1125,21,3,871.3,3,0,1,0
5732,Footwear,816,19.4,COD,37,0,0,156.3,7,0,,1
5733,Home,6292,32.5,Wallet,1904,43,11,228.9,2,0,1,0
5734,Footwear,1151,25.4,COD,29,0,0,153.7,2,0,5,1
5735,Apparel,2079,27.6,Prepaid_UPI,535,11,2,255.3,4,1,2,0
5736,Beauty,2478,36.7,Wallet,221,5,1,158.7,5,0,5,0
5737,Home,1243,30.3,Prepaid_UPI,536,12,1,153.9,3,1,4,0
5738,Home,5559,21.9,Prepaid_UPI,61,0,0,190.3,5,1,3,1
5739,Beauty,1245,0,COD,631,14,9,194.3,3,0,5,1
5740,Electronics,24902,29.7,Prepaid_UPI,111,2,0,53.8,7,0,5,0
5741,Home,1683,8.3,Prepaid_Card,207,8,0,201.4,9,1,4,0
5742,Home,5871,20.7,Prepaid_Card,496,11,1,628.6,7,1,1,0
5743,Footwear,1166,27.6,Wallet,427,10,1,158,2,0,1,1
5744,Footwear,4041,42,COD,274,7,0,389,5,1,1,1
5745,Home,3796,49.6,COD,40,0,0,312,3,1,3,0
5746,Apparel,1543,8.2,Wallet,295,5,1,189.2,3,0,3,0
5747,Apparel,2059,2.3,COD,723,17,2,143,6,1,3,0
5748,Beauty,1884,26.9,COD,88,3,0,119.5,5,1,4,0
5749,Beauty,1421,25.6,COD,156,8,1,143.1,5,0,1,0
5750,Beauty,1096,4,Prepaid_UPI,356,9,1,103.3,5,1,1,0
5751,Apparel,1232,21.8,Prepaid_UPI,1,2,0,72.7,3,1,,1
5752,Electronics,16165,31,COD,432,11,5,134.3,2,0,2,0
5753,Footwear,4285,3.5,Prepaid_Card,916,19,2,407.8,4,0,4,0
5754,Footwear,1511,7.1,Prepaid_Card,49,0,0,333.9,4,1,1,1
5755,Apparel,1137,12.3,Prepaid_UPI,138,1,0,174.4,5,1,4,0
5756,Home,6292,18.8,Prepaid_UPI,1,1,0,435.9,6,0,4,0
5757,Apparel,1056,32.4,Wallet,4,3,0,143.6,4,1,1,0
5758,Electronics,40034,17.1,COD,62,3,0,91,5,0,,0
5759,Apparel,838,22.8,COD,102,2,0,592.6,7,0,2,0
5760,Apparel,456,55.7,Prepaid_Card,175,7,1,268.3,4,0,3,0
5761,Apparel,1532,7.7,Prepaid_Card,606,13,0,314.2,5,1,3,0
5762,Beauty,1344,12.2,Prepaid_Card,23,0,0,151.4,5,0,1,0
5763,Footwear,4232,32.2,COD,1565,35,1,161.9,4,1,3,0
5764,Beauty,1144,36.8,COD,1493,36,6,177.1,2,0,3,0
5765,Electronics,7139,28.2,Wallet,133,1,0,331.7,2,1,3,0
5766,Electronics,15643,49.1,COD,316,4,1,26.8,7,1,,0
5767,Electronics,18423,26.8,Prepaid_Card,80,2,0,120.6,1,1,1,0
5768,Home,4790,0,Prepaid_UPI,907,22,2,135.7,8,1,5,0
5769,Electronics,13223,23.5,COD,382,3,0,356.2,3,0,1,1
5770,Footwear,2701,13.4,COD,51,3,1,831.7,1,0,4,1
5771,Footwear,4132,42.8,COD,7,0,0,209.4,3,0,4,0
5772,Footwear,2195,36.5,Prepaid_Card,231,7,1,117.7,1,0,,0
5773,Apparel,1573,0,COD,730,12,3,112.1,1,1,,0
5774,Electronics,11226,42.3,Prepaid_Card,61,0,0,249.4,5,1,2,0
5775,Apparel,1842,36.1,COD,187,5,0,478.8,1,1,3,1
5776,Apparel,885,17.1,COD,244,8,3,384.9,1,0,1,1
5777,Home,4764,20.8,COD,750,17,1,288.4,5,1,,0
5778,Home,2612,42.9,COD,131,8,1,108.1,5,1,2,0
5779,Footwear,770,0,COD,91,0,0,250.9,6,1,2,0
5780,Apparel,975,28.7,Wallet,435,8,5,85.9,5,0,2,0
5781,Beauty,648,38.4,COD,418,9,0,519.8,4,1,5,0
5782,Beauty,2248,20.7,Prepaid_Card,390,8,0,151.8,6,0,3,0
5783,Electronics,12858,31.7,Prepaid_Card,168,4,0,185.5,6,1,,0
5784,Footwear,4398,23.5,Prepaid_UPI,13,0,0,441.1,5,0,1,0
5785,Apparel,1286,10.2,Prepaid_Card,217,6,0,180.7,6,1,5,0
5786,Footwear,1384,9.9,COD,494,12,1,534.4,1,1,3,1
5787,Footwear,2065,32.7,Prepaid_Card,597,16,0,14,4,1,2,0
5788,Footwear,1234,12.5,COD,89,1,0,140.4,8,1,5,0
5789,Footwear,3835,0,Prepaid_UPI,963,22,8,338.2,3,0,3,0
5790,Electronics,6455,23.8,COD,417,10,1,370.8,6,1,3,1
5791,Footwear,3994,14.3,Prepaid_UPI,554,12,4,146.5,5,1,4,0
5792,Home,654,4,Prepaid_Card,237,5,0,100.8,3,0,1,0
5793,Apparel,939,23.1,Prepaid_Card,889,16,2,292.7,5,1,3,0
5794,Apparel,652,33.5,COD,246,6,2,214.8,3,1,,0
5795,Footwear,3241,22.3,Prepaid_UPI,1599,37,11,38.4,3,0,5,1
5796,Home,4245,6,Prepaid_UPI,352,8,2,104.8,3,0,5,0
5797,Electronics,42343,29.2,Prepaid_Card,1168,24,5,340.7,3,0,3,0
5798,Beauty,1011,37.5,COD,118,0,0,283.2,2,0,5,0
5799,Home,614,55.2,COD,232,6,0,160.8,3,1,3,1
5800,Electronics,34561,43.6,COD,163,4,2,94.4,5,0,2,0
5801,Electronics,26582,6.9,Prepaid_UPI,1,3,0,318.9,4,0,3,1
5802,Home,6671,34.9,COD,415,6,1,412.7,4,0,3,0
5803,Footwear,2205,25.8,Prepaid_UPI,55,0,0,292.3,10,1,3,0
5804,Home,5984,4.7,Prepaid_UPI,24,0,0,121.2,6,0,2,0
5805,Electronics,8693,26.3,Prepaid_UPI,687,17,2,160.7,1,0,5,0
5806,Footwear,4498,50.8,Prepaid_UPI,1324,32,1,632.4,5,1,5,0
5807,Home,1637,39.9,Prepaid_Card,1469,36,9,238.7,5,0,,1
5808,Footwear,3819,6.8,Prepaid_Card,428,11,2,683.3,12,0,2,1
5809,Apparel,782,22.2,COD,8,2,0,163.4,5,1,,0
5810,Footwear,3630,29.4,Prepaid_UPI,116,3,1,210.3,9,1,3,0
5811,Electronics,38923,0,Wallet,602,15,2,91.6,4,1,4,0
5812,Apparel,1978,0,Prepaid_Card,142,3,1,110.7,3,1,3,0
5813,Home,3963,24.3,Wallet,476,12,3,92.8,2,0,4,0
5814,Home,3602,24.5,Wallet,1256,32,5,118.7,6,1,1,0
5815,Electronics,37720,0,Prepaid_Card,149,4,0,317.9,2,0,5,0
5816,Footwear,2818,27.8,Prepaid_UPI,130,3,0,619.9,3,1,3,0
5817,Apparel,1518,38.3,Prepaid_Card,60,2,0,239.2,6,0,3,0
5818,Apparel,825,18.7,COD,333,7,1,61.4,4,1,3,1
5819,Electronics,20742,22.9,COD,280,7,1,204.7,5,0,5,0
5820,Electronics,17382,30.6,Prepaid_Card,786,17,0,186.1,2,0,2,0
5821,Home,5423,28.6,Prepaid_UPI,462,13,3,353.8,1,1,2,0
5822,Footwear,1286,0,COD,546,14,2,103.3,7,0,1,0
5823,Footwear,2123,8.4,Prepaid_UPI,159,8,1,207.1,7,1,3,0
5824,Apparel,1928,16.1,Prepaid_Card,880,20,5,459.4,4,1,3,1
5825,Electronics,25134,9.1,Prepaid_UPI,659,15,5,640.3,5,0,2,0
5826,Apparel,2013,44,COD,723,17,2,255.7,2,0,5,1
5827,Home,2090,31.5,Prepaid_Card,1190,27,3,302.2,4,0,2,0
5828,Apparel,1192,5.4,COD,588,15,2,309.8,10,0,,0
5829,Electronics,23118,18.8,COD,660,11,2,158.6,8,1,5,1
5830,Footwear,2102,39,COD,909,21,4,350,5,0,2,0
5831,Home,5571,12.3,COD,665,19,1,146.6,1,0,3,0
5832,Apparel,668,34.8,COD,576,16,2,235.4,6,1,4,0
5833,Electronics,23950,42.7,Prepaid_Card,286,9,3,57.3,4,1,2,0
5834,Home,1369,40.2,Prepaid_Card,69,3,0,101,4,1,4,0
5835,Home,5145,24.7,COD,88,1,0,179.4,4,1,,0
5836,Apparel,1894,40.8,Prepaid_UPI,39,0,0,202.9,9,1,5,0
5837,Footwear,580,14.2,Prepaid_Card,590,12,2,155.2,5,0,4,0
5838,Electronics,21214,59.3,Wallet,145,1,0,208.3,7,0,4,0
5839,Electronics,22780,25.6,Prepaid_Card,807,20,4,74.8,5,1,5,0
5840,Apparel,1696,39.2,COD,115,5,0,59,5,1,2,0
5841,Electronics,4473,16.6,Wallet,24,1,0,367.7,6,0,3,0
5842,Electronics,18984,29.5,Prepaid_UPI,365,10,1,372.1,4,1,5,1
5843,Apparel,1814,30.2,Prepaid_Card,563,13,0,140.4,2,0,1,0
5844,Home,4398,8.1,Prepaid_Card,158,5,0,232.7,8,0,2,0
5845,Electronics,34043,7.6,Prepaid_Card,324,3,1,160.5,1,0,4,1
5846,Footwear,1956,18.9,Prepaid_Card,9,1,0,177.7,5,0,1,1
5847,Beauty,2312,38.6,Prepaid_UPI,45,0,0,218.6,9,0,5,1
5848,Apparel,539,0,Prepaid_Card,139,3,1,187.4,5,1,3,0
5849,Apparel,564,16.6,COD,366,9,2,394.8,6,0,,0
5850,Footwear,2614,41.6,COD,9,0,0,300,6,0,5,0
5851,Beauty,1256,3.5,COD,5,0,0,181.1,7,0,5,0
5852,Footwear,3054,40.8,COD,841,17,2,258.5,7,1,,0
5853,Apparel,812,5.1,COD,545,9,1,350.9,1,1,2,0
5854,Apparel,807,8.3,Prepaid_UPI,125,0,0,144.9,7,0,4,0
5855,Apparel,1748,19.8,COD,247,3,0,432.9,4,1,4,0
5856,Footwear,1667,50.1,COD,626,11,3,166.9,3,1,,0
5857,Home,5900,12.4,COD,983,23,3,579.4,2,1,4,1
5858,Electronics,29263,0,Prepaid_Card,201,3,1,262,5,1,,0
5859,Home,942,1,Prepaid_Card,756,13,4,19.9,3,1,3,0
5860,Apparel,1680,36,Prepaid_Card,53,0,0,80.4,5,0,1,0
5861,Home,7072,1.7,Wallet,149,1,0,121.7,4,0,4,0
5862,Apparel,1870,39.8,Wallet,505,14,3,107.1,5,0,1,0
5863,Home,368,23,Prepaid_UPI,524,12,3,296.4,6,1,2,0
5864,Footwear,2659,21.5,Prepaid_UPI,452,7,1,138.3,7,1,5,0
5865,Home,7333,26.5,COD,2374,54,14,261.6,7,0,,1
5866,Electronics,27424,10,Prepaid_Card,243,6,1,284.9,8,1,3,0
5867,Footwear,1661,24.1,COD,22,0,0,206.8,4,1,,1
5868,Home,1798,4.1,Prepaid_UPI,48,4,1,477.5,3,0,5,0
5869,Apparel,1633,42.2,COD,790,16,3,272,4,1,2,0
5870,Apparel,1788,6.6,COD,751,19,1,62.2,3,0,1,0
5871,Home,7327,28.6,COD,477,10,0,273.5,2,0,3,1
5872,Apparel,2030,6.5,Prepaid_Card,22,0,0,203.2,4,1,4,0
5873,Apparel,1011,14,Prepaid_UPI,694,14,3,797.9,6,0,1,1
5874,Apparel,1487,16.4,COD,493,10,2,44.1,7,1,,0
5875,Apparel,583,66.7,Prepaid_Card,293,6,1,422.7,4,1,,0
5876,Electronics,5337,21.8,COD,713,12,3,315,7,1,1,0
5877,Home,850,9.7,Prepaid_UPI,92,3,0,183.4,5,1,3,0
5878,Apparel,2069,15.3,COD,671,15,0,147.4,1,1,2,0
5879,Home,1474,0,COD,220,2,0,402.2,2,1,,0
5880,Apparel,1268,19.6,Prepaid_Card,46,2,0,262.2,5,1,1,0
5881,Apparel,1180,49.8,Prepaid_Card,879,22,5,31.4,1,0,1,0
5882,Apparel,985,27,Prepaid_UPI,305,5,0,542.8,2,1,5,0
5883,Footwear,2651,35.6,Prepaid_Card,302,5,0,224.9,1,0,5,0
5884,Beauty,157,8.4,Wallet,76,4,1,460.8,4,0,4,0
5885,Electronics,17851,18.9,COD,281,7,1,230.8,5,0,1,0
5886,Apparel,1263,25.1,COD,189,4,1,169.4,1,1,5,1
5887,Apparel,1846,11.1,Wallet,383,10,2,247.3,6,0,1,0
5888,Apparel,1662,28,COD,1012,23,1,615.4,5,1,1,0
5889,Footwear,3899,31.2,Prepaid_UPI,204,7,1,192.3,2,1,1,1
5890,Apparel,1077,30.1,COD,415,9,4,128.3,5,1,4,0
5891,Beauty,481,19.7,Prepaid_Card,669,16,4,240.8,3,0,3,0
5892,Home,3388,38.4,COD,94,4,1,481.4,3,1,1,1
5893,Electronics,43382,18.1,Prepaid_Card,76,0,0,169,2,1,3,0
5894,Footwear,1357,16.8,Prepaid_UPI,898,22,2,930.7,4,1,1,0
5895,Apparel,715,43.6,COD,2500,55,11,56.2,4,1,4,0
5896,Footwear,4277,5.4,COD,793,19,3,287.5,4,0,5,1
5897,Apparel,2110,0,COD,455,13,2,223.5,4,1,5,1
5898,Footwear,1097,9,COD,2,0,0,147.4,5,1,1,0
5899,Electronics,34902,27.8,COD,181,3,0,560.2,4,0,3,1
5900,Apparel,1174,41.3,Wallet,53,1,0,274.2,1,0,5,1
5901,Footwear,2469,12.1,COD,921,18,2,507,4,1,5,1
5902,Apparel,1298,49.2,Prepaid_Card,488,15,0,129.4,2,1,5,0
5903,Apparel,2143,22.4,Prepaid_Card,1030,23,4,221.2,7,0,1,0
5904,Footwear,1239,20.3,COD,101,6,2,98.2,5,0,1,0
5905,Electronics,35060,9.3,COD,365,7,3,492.2,7,1,2,1
5906,Footwear,523,51.3,Prepaid_UPI,224,5,1,145.1,3,1,5,0
5907,Home,5140,19.7,Prepaid_Card,48,3,0,111.9,6,1,1,0
5908,Home,5326,2,Prepaid_UPI,334,5,0,428.8,2,0,3,0
5909,Apparel,1757,58.9,COD,682,15,2,513.1,4,1,2,0
5910,Apparel,2067,27.9,Prepaid_Card,413,11,2,214.2,2,1,4,1
5911,Beauty,1922,34,Prepaid_UPI,1038,23,1,449.4,6,0,4,0
5912,Apparel,1718,47.2,Prepaid_UPI,339,7,1,276,8,0,5,0
5913,Electronics,12316,31.2,Wallet,111,5,1,297.2,5,0,4,0
5914,Apparel,2187,36.6,COD,50,4,1,110.2,1,0,4,0
5915,Apparel,1243,22.8,Wallet,410,12,1,128.8,3,0,3,0
5916,Home,3514,33,Prepaid_UPI,101,1,0,374.2,11,0,5,0
5917,Footwear,2508,21.5,Prepaid_UPI,954,20,2,184.2,6,0,2,0
5918,Footwear,2076,21.7,Prepaid_UPI,1135,24,2,61.1,3,0,5,0
5919,Footwear,2875,23.8,Wallet,503,13,0,287.2,7,0,1,0
5920,Apparel,1029,16,Prepaid_Card,324,5,1,221.3,5,0,2,0
5921,Electronics,11710,29.6,Prepaid_UPI,9,0,0,159.3,10,1,1,0
5922,Apparel,2070,29.5,Prepaid_UPI,7,0,0,71.4,5,0,4,0
5923,Footwear,4211,34.3,Prepaid_UPI,650,13,5,206.4,4,1,4,1
5924,Apparel,1293,31.6,Prepaid_UPI,346,9,1,213.6,4,1,2,0
5925,Home,7709,52,COD,603,15,2,232.9,4,0,,1
5926,Apparel,1148,37.8,COD,16,0,0,33.4,3,1,1,0
5927,Footwear,2050,18.9,COD,69,1,0,340.1,2,1,4,0
5928,Footwear,4168,28.8,Prepaid_UPI,738,11,3,276.2,3,0,2,0
5929,Footwear,3032,43.2,Prepaid_UPI,319,6,2,77.1,6,1,4,0
5930,Apparel,1773,7.8,Prepaid_UPI,421,12,0,324.1,4,0,1,0
5931,Beauty,1120,52.2,Prepaid_UPI,646,13,1,306.5,3,1,1,0
5932,Apparel,1133,10.4,Prepaid_Card,137,1,0,274.8,2,0,3,1
5933,Apparel,550,35.5,COD,115,5,1,162.9,6,0,,1
5934,Apparel,2140,22.1,Prepaid_Card,273,4,0,384.5,8,1,1,1
5935,Apparel,810,21.2,Prepaid_UPI,19,4,2,536.4,3,1,5,0
5936,Home,4106,2.5,Prepaid_Card,1401,37,16,210,3,0,1,0
5937,Apparel,606,35.6,Prepaid_UPI,328,7,1,99.6,2,0,4,0
5938,Electronics,29537,2.7,Wallet,21,3,0,126,6,1,5,1
5939,Home,3310,0.4,COD,137,0,0,113.1,7,0,2,0
5940,Footwear,3571,39.4,Prepaid_UPI,506,8,1,269.1,5,1,,0
5941,Home,4369,48.8,Prepaid_Card,416,8,1,280.2,2,0,1,0
5942,Home,1297,12,Prepaid_Card,347,9,1,34.3,5,0,4,0
5943,Apparel,419,37,COD,1573,35,4,145.8,5,0,5,0
5944,Footwear,1350,33.9,COD,20,0,0,274.8,5,1,5,0
5945,Apparel,1704,20.6,COD,657,12,2,262.3,2,1,2,0
5946,Apparel,1891,42,Prepaid_Card,23,0,0,153.1,2,0,,0
5947,Apparel,1014,19.5,COD,123,1,0,234,1,0,,0
5948,Home,4427,29.8,Prepaid_Card,265,4,0,895.2,7,1,3,0
5949,Electronics,11713,3.2,Prepaid_Card,299,5,1,235.4,7,0,3,0
5950,Home,7079,3.8,Prepaid_Card,457,11,3,113.4,1,0,3,0
5951,Electronics,43476,39.5,Prepaid_UPI,219,3,1,187.1,3,0,1,1
5952,Electronics,34179,30.3,Prepaid_Card,44,1,0,424.7,3,1,,0
5953,Electronics,5093,19.9,COD,439,6,1,175.7,7,1,5,0
5954,Apparel,1187,50.6,Wallet,235,6,2,212.7,5,1,2,0
5955,Electronics,44584,50.5,Prepaid_UPI,485,11,1,496.2,8,1,3,0
5956,Home,2066,28.6,Prepaid_UPI,482,10,1,114.5,4,0,3,0
5957,Home,5463,0.2,Prepaid_UPI,158,4,1,256.7,2,0,1,0
5958,Apparel,2089,20.3,COD,474,12,0,186.8,3,1,3,0
5959,Home,6254,9.5,Prepaid_UPI,232,2,0,289.5,2,0,4,0
5960,Apparel,1496,23.3,COD,1027,23,1,182.7,7,1,3,0
5961,Apparel,1312,8,Prepaid_Card,358,5,0,88.3,9,0,4,0
5962,Apparel,2072,4.1,COD,178,4,1,105.1,6,1,2,0
5963,Electronics,18489,0,Prepaid_UPI,98,2,0,471.6,3,1,5,0
5964,Apparel,2022,24.5,COD,30,1,0,248.3,5,0,4,0
5965,Home,3619,0,COD,99,4,0,202.8,1,1,3,1
5966,Apparel,1762,17.2,COD,74,3,0,546.8,4,0,5,0
5967,Footwear,4163,32.4,Prepaid_UPI,257,8,0,295.3,1,0,1,0
5968,Apparel,1391,11.2,COD,14,0,0,173.5,6,1,5,0
5969,Home,2686,5.7,Prepaid_Card,2,1,0,275.1,4,0,3,0
5970,Footwear,704,21,COD,86,3,0,467.7,6,0,2,0
5971,Electronics,36646,9.6,Prepaid_UPI,427,9,0,373.9,6,1,4,1
5972,Apparel,1520,24.8,COD,779,18,3,178.2,3,1,,1
5973,Electronics,12721,6.5,Wallet,118,2,0,258,7,1,4,0
5974,Beauty,2212,20.4,COD,106,5,1,209.4,2,1,5,0
5975,Beauty,2313,16.8,COD,365,10,4,786.2,10,1,3,0
5976,Apparel,1997,21.8,COD,272,5,0,765.4,2,0,2,1
5977,Footwear,2906,46.5,COD,1038,22,1,369.3,6,1,4,1
5978,Electronics,43974,25,Prepaid_Card,352,10,2,132.2,7,0,1,0
5979,Apparel,1975,29.6,COD,256,8,1,384.1,5,0,1,0
5980,Home,1103,12.6,Prepaid_UPI,422,10,0,70.3,2,0,2,0
5981,Electronics,44172,25.3,Prepaid_Card,150,5,0,65.1,3,1,2,0
5982,Electronics,25238,17.9,COD,571,15,2,262.3,2,0,3,0
5983,Footwear,4180,22.4,Prepaid_Card,714,16,2,257.6,4,0,4,0
5984,Electronics,34503,31.7,COD,21,1,0,265.6,6,1,1,0
5985,Home,5286,14.5,COD,412,10,3,333.6,6,1,,1
5986,Electronics,15508,16,COD,638,13,1,194,5,1,1,0
5987,Apparel,449,14.7,COD,51,5,1,394.2,1,0,5,0
5988,Electronics,13321,14.4,COD,69,1,0,180.5,8,0,2,0
5989,Beauty,1762,24.6,Wallet,422,10,1,267.6,4,1,5,0
5990,Electronics,39004,16.5,Prepaid_UPI,456,14,0,142.8,4,1,3,0
5991,Apparel,404,44.5,Wallet,339,4,0,208.8,5,0,5,0
5992,Home,1901,62.2,COD,918,21,4,175.1,1,1,4,0
5993,Beauty,1732,13.5,Prepaid_UPI,8,0,0,210.8,4,0,3,1
5994,Beauty,817,26.4,COD,221,5,1,341.4,4,0,5,1
5995,Home,1391,37.6,COD,146,1,0,386.4,4,0,,0
5996,Electronics,4789,18,Prepaid_UPI,188,3,0,414.7,7,0,,0
5997,Home,5212,7.1,COD,411,9,3,180.5,2,1,3,1
5998,Footwear,2879,48.1,COD,207,5,0,288.7,4,1,4,1
5999,Footwear,3934,32.3,Prepaid_UPI,620,16,1,143,3,1,4,0
6000,Footwear,1759,26.8,Prepaid_Card,392,4,0,330.2,4,0,,0
